slot_id,sentence_id,word_index,expected_word,slot_status,data_quality,exclusion_reason,fixation_onset_ns,fixation_duration_ms,gaze_x_norm,gaze_y_norm,regression_flag,speech_timestamp_ns,vosk_confidence,matched_word,fuzzy_score,typing_timestamp_ns,typing_latency_ms,correction_count,submitted_word,evs_speech_ms,evs_typing_ms,speech_typing_gap_ms,session_id,sentence_index,text
a562d1ff-a987-4cf9-8f1b-eca40e492128,09204ca4-0cd9-4fec-90b7-456efe4dba9a,0,The,COMPLETE,HIGH,,1772099193541801216,178.0068874359131,0.0,0.0,0,1772099194572328448,1.0,The,1,3875000000,422.0,0,the,1030.527232,-1772099189666.8013,-1772099190697.3284,15ade96f-c567-4f3e-9442-05afb700496b,0,The cat sat on the mat
916b96d2-1ee0-4dd0-9287-aac864d7e23f,09204ca4-0cd9-4fec-90b7-456efe4dba9a,1,cat,COMPLETE,HIGH,,1772099193295996672,153.83100509643555,0.0,0.0,0,1772099195070982912,1.0,cat,1,4734000000,453.0,0,cat,1774.98624,-1772099188561.9968,-1772099190336.9832,15ade96f-c567-4f3e-9442-05afb700496b,0,The cat sat on the mat
b041629e-4373-444e-bec7-d6719969cc77,09204ca4-0cd9-4fec-90b7-456efe4dba9a,2,sat,COMPLETE,HIGH,,1772099194241068800,186.24353408813477,0.0,0.0,0,1772099195318397696,1.0,sat,1,5359000000,437.0,0,sat,1077.328896,-1772099188882.0688,-1772099189959.3977,15ade96f-c567-4f3e-9442-05afb700496b,0,The cat sat on the mat
531871f4-4841-4882-bdb0-fc1077790e93,09204ca4-0cd9-4fec-90b7-456efe4dba9a,3,on,COMPLETE,HIGH,,1772099196249561344,188.0788803100586,0.0,0.0,0,1772099195318397696,1.0,on,1,5984000000,359.0,0,o,-931.163648,-1772099190265.5613,-1772099189334.3977,15ade96f-c567-4f3e-9442-05afb700496b,0,The cat sat on the mat
f33da6cf-33e8-4d98-bc49-3535e1bcb27b,09204ca4-0cd9-4fec-90b7-456efe4dba9a,4,the,COMPLETE,HIGH,,1772099195289636096,163.76948356628418,0.0,0.0,0,,,,,7203000000,406.0,0,the,,-1772099188086.636,,15ade96f-c567-4f3e-9442-05afb700496b,0,The cat sat on the mat
0414ba97-f018-455e-9346-35b0e57ecac5,09204ca4-0cd9-4fec-90b7-456efe4dba9a,5,mat,TIMED_OUT,EXCLUDED,Sentence closed before slot completed.,,,,,,1772099196059559680,1.0,mat,1,8531000000,703.0,0,mat,,,,15ade96f-c567-4f3e-9442-05afb700496b,0,The cat sat on the mat
8efe23e0-9dea-473b-bec5-59240e061ef7,8041aebc-6bb3-4984-9328-1df8635bd400,0,She,TIMED_OUT,EXCLUDED,Sentence closed before slot completed.,,,,,,,,,,12297000000,313.0,0,she,,,,15ade96f-c567-4f3e-9442-05afb700496b,1,She walked quickly to the store
788967b1-d607-437c-900a-0913d00f7af8,8041aebc-6bb3-4984-9328-1df8635bd400,1,walked,TIMED_OUT,EXCLUDED,Sentence closed before slot completed.,,,,,,,,,,13422000000,954.0,0,walked,,,,15ade96f-c567-4f3e-9442-05afb700496b,1,She walked quickly to the store
c5ed1b10-67b0-4056-9f95-b4cd25259fb3,8041aebc-6bb3-4984-9328-1df8635bd400,2,quickly,COMPLETE,HIGH,,1772099202771039488,160.4020595550537,0.0,0.0,0,,,,,15343000000,1500.0,0,quickly,,-1772099187428.0393,,15ade96f-c567-4f3e-9442-05afb700496b,1,She walked quickly to the store
e2653e26-e41c-4da2-828e-ab01adf06cdd,8041aebc-6bb3-4984-9328-1df8635bd400,3,to,COMPLETE,HIGH,,1772099205095527424,176.6042709350586,0.0,0.0,0,,,,,15781000000,313.0,0,to,,-1772099189314.5276,,15ade96f-c567-4f3e-9442-05afb700496b,1,She walked quickly to the store
4aa890dd-3daa-47b1-b1cc-623528d95cfe,8041aebc-6bb3-4984-9328-1df8635bd400,4,the,COMPLETE,HIGH,,1772099205824660992,152.13394165039062,0.0,0.0,0,1772099204354215680,1.0,the,1,16265000000,390.0,0,the,-1470.445312,-1772099189559.6611,-1772099188089.2158,15ade96f-c567-4f3e-9442-05afb700496b,1,She walked quickly to the store
ebb2ee6a-e6f9-4a5c-9ab3-5e6ef60c4ccb,8041aebc-6bb3-4984-9328-1df8635bd400,5,store,COMPLETE,HIGH,,1772099204129616640,204.4999599456787,0.0,0.0,0,1772099206038568448,1.0,store,1,17297000000,891.0,0,store,1908.951808,-1772099186832.6167,-1772099188741.5686,15ade96f-c567-4f3e-9442-05afb700496b,1,She walked quickly to the store
7b2aaa5e-47dc-476a-b4d4-12894175d1a5,eba74c16-b0a6-40c4-b66d-ac04fe725634,0,The,TIMED_OUT,EXCLUDED,Sentence closed before slot completed.,,,,,,1772099212279627008,1.0,The,1,21734000000,406.0,0,the,,,,15ade96f-c567-4f3e-9442-05afb700496b,2,The children played outside until the sun set
aa20431b-e0c7-4ae5-bda9-75e6b88f6601,eba74c16-b0a6-40c4-b66d-ac04fe725634,1,children,COMPLETE,HIGH,,1772099213835497728,160.45427322387695,0.0,0.0,0,1772099212460148736,1.0,children,1,24000000000,2125.0,0,children,-1375.348992,-1772099189835.4978,-1772099188460.1487,15ade96f-c567-4f3e-9442-05afb700496b,2,The children played outside until the sun set
951bef7f-7975-4812-b739-822b9ee5bafa,eba74c16-b0a6-40c4-b66d-ac04fe725634,2,played,COMPLETE,HIGH,,1772099210911168512,200.95086097717285,0.0,0.0,0,,,,,25078000000,828.0,0,played,,-1772099185833.1685,,15ade96f-c567-4f3e-9442-05afb700496b,2,The children played outside until the sun set
8ec5a560-4fc7-4737-9f6e-836cee6e01f0,eba74c16-b0a6-40c4-b66d-ac04fe725634,3,outside,COMPLETE,HIGH,,1772099211341941504,159.44337844848633,0.0,0.0,0,1772099213221469184,1.0,outside,1,26500000000,1203.0,0,outsite,1879.52768,-1772099184841.9414,-1772099186721.4692,15ade96f-c567-4f3e-9442-05afb700496b,2,The children played outside until the sun set
42743cd8-8609-48ab-8a56-11273f053664,eba74c16-b0a6-40c4-b66d-ac04fe725634,4,until,COMPLETE,HIGH,,1772099212320640512,160.27379035949707,0.0,0.0,0,,,,,27703000000,906.0,0,until,,-1772099184617.6404,,15ade96f-c567-4f3e-9442-05afb700496b,2,The children played outside until the sun set
35a3bd7f-b487-4b6d-8ed3-7e538f01c1a4,eba74c16-b0a6-40c4-b66d-ac04fe725634,5,the,COMPLETE,HIGH,,1772099212779681280,165.70663452148438,0.0,0.0,0,,,,,28218000000,375.0,0,the,,-1772099184561.6814,,15ade96f-c567-4f3e-9442-05afb700496b,2,The children played outside until the sun set
fda3bac5-1bf5-4332-a1bb-49ff66225486,eba74c16-b0a6-40c4-b66d-ac04fe725634,6,sun,COMPLETE,HIGH,,1772099213025805312,195.8332061767578,0.0,0.0,0,,,,,28890000000,515.0,0,sun,,-1772099184135.8054,,15ade96f-c567-4f3e-9442-05afb700496b,2,The children played outside until the sun set
8c395575-2088-46f8-a914-88c908ceb76a,eba74c16-b0a6-40c4-b66d-ac04fe725634,7,set,COMPLETE,HIGH,,1772099213302957568,168.35689544677734,0.0,0.0,0,,,,,29875000000,860.0,0,set,,-1772099183427.9575,,15ade96f-c567-4f3e-9442-05afb700496b,2,The children played outside until the sun set
be02bfed-80d8-46de-8dd6-6707f1c7d3b4,15088a1e-816c-41ed-96ed-83a14e5c865a,0,Every,TIMED_OUT,EXCLUDED,Sentence closed before slot completed.,,,,,,1772099226032609536,1.0,Every,1,36609000000,1437.0,0,ebery,,,,15ade96f-c567-4f3e-9442-05afb700496b,3,Every morning she read the newspaper before breakfast
19951cef-7a61-47ca-b8b6-eee9e407ed0d,15088a1e-816c-41ed-96ed-83a14e5c865a,1,morning,COMPLETE,HIGH,,1772099224578080000,153.64956855773926,0.0,0.0,0,,,,,38312000000,890.0,0,mroning,,-1772099186266.08,,15ade96f-c567-4f3e-9442-05afb700496b,3,Every morning she read the newspaper before breakfast
a86ba0bf-2995-48ca-8aa4-ea5872bf4e36,15088a1e-816c-41ed-96ed-83a14e5c865a,2,she,COMPLETE,HIGH,,1772099229004633856,176.58543586730957,0.0,0.0,0,,,,,39500000000,313.0,0,she,,-1772099189504.6338,,15ade96f-c567-4f3e-9442-05afb700496b,3,Every morning she read the newspaper before breakfast
f14f0d31-feef-4fe0-a55d-ebdca2246dc3,15088a1e-816c-41ed-96ed-83a14e5c865a,3,read,COMPLETE,HIGH,,1772099225312012288,186.94162368774414,0.0,0.0,0,,,,,40484000000,719.0,0,read,,-1772099184828.0122,,15ade96f-c567-4f3e-9442-05afb700496b,3,Every morning she read the newspaper before breakfast
db8179e4-f78e-427e-833e-880d485a44e4,15088a1e-816c-41ed-96ed-83a14e5c865a,4,the,COMPLETE,HIGH,,1772099228379479040,150.1154899597168,0.0,0.0,0,1772099226819487232,1.0,the,1,41109000000,375.0,0,the,-1559.991808,-1772099187270.479,-1772099185710.4873,15ade96f-c567-4f3e-9442-05afb700496b,3,Every morning she read the newspaper before breakfast
feb64504-775c-4766-9a91-352cd33b9261,15088a1e-816c-41ed-96ed-83a14e5c865a,5,newspaper,COMPLETE,HIGH,,1772099226241297664,155.85923194885254,0.0,0.0,0,1772099227055505664,1.0,newspaper,1,43343000000,1984.0,0,newspaper,814.208,-1772099182898.2976,-1772099183712.5056,15ade96f-c567-4f3e-9442-05afb700496b,3,Every morning she read the newspaper before breakfast
de0d5828-69d8-4282-aed2-84e834f872e2,15088a1e-816c-41ed-96ed-83a14e5c865a,6,before,COMPLETE,HIGH,,1772099241591218944,159.3782901763916,0.0,0.0,0,1772099227539612928,1.0,before,1,44593000000,1000.0,0,before,-14051.606016,-1772099196998.219,-1772099182946.613,15ade96f-c567-4f3e-9442-05afb700496b,3,Every morning she read the newspaper before breakfast
07b1fc3c-7baa-4d84-980e-e7c58411ec14,15088a1e-816c-41ed-96ed-83a14e5c865a,7,breakfast,COMPLETE,HIGH,,1772099226541122560,228.1205654144287,0.0,0.0,0,,,,,47906000000,3078.0,0,breakfast,,-1772099178635.1228,,15ade96f-c567-4f3e-9442-05afb700496b,3,Every morning she read the newspaper before breakfast
df746ca3-382b-4854-aaea-880c572f0215,91ba165e-067a-43eb-95c3-0fa23d0d74eb,0,The,TIMED_OUT,EXCLUDED,Sentence closed before slot completed.,,,,,,1772099243185422592,1.0,The,1,53484000000,344.0,0,the,,,,15ade96f-c567-4f3e-9442-05afb700496b,4,The scientist observed that the plants grew faster in sunlight
f20b3d18-3080-4f3a-9ca1-157a0cba2b3d,91ba165e-067a-43eb-95c3-0fa23d0d74eb,1,scientist,COMPLETE,HIGH,,1772099242089642752,159.91616249084473,0.0,0.0,0,,,,,55359000000,1625.0,0,scientist,,-1772099186730.6426,,15ade96f-c567-4f3e-9442-05afb700496b,4,The scientist observed that the plants grew faster in sunlight
a7c34782-1173-423b-a731-6a9df7492423,91ba165e-067a-43eb-95c3-0fa23d0d74eb,2,observed,TIMED_OUT,EXCLUDED,Sentence closed before slot completed.,,,,,,1772099244219931904,1.0,observed,1,56890000000,1297.0,0,observed,,,,15ade96f-c567-4f3e-9442-05afb700496b,4,The scientist observed that the plants grew faster in sunlight
0204f96c-617b-4ec2-82ab-42cef75d5427,91ba165e-067a-43eb-95c3-0fa23d0d74eb,3,that,COMPLETE,HIGH,,1772099242579516416,175.74596405029297,0.0,0.0,0,1772099244472962048,1.0,that,1,57468000000,343.0,0,the,1893.445632,-1772099185111.5164,-1772099187004.9622,15ade96f-c567-4f3e-9442-05afb700496b,4,The scientist observed that the plants grew faster in sunlight
48760fdc-a19e-4d10-bcef-0a9abd68c338,91ba165e-067a-43eb-95c3-0fa23d0d74eb,4,the,COMPLETE,HIGH,,1772099245845781760,180.79519271850586,0.0,0.0,0,,,,,59140000000,1093.0,0,plants,,-1772099186705.7817,,15ade96f-c567-4f3e-9442-05afb700496b,4,The scientist observed that the plants grew faster in sunlight
3309d0fb-f87f-4045-a023-73abc71c203a,91ba165e-067a-43eb-95c3-0fa23d0d74eb,5,plants,COMPLETE,HIGH,,1772099243972676608,180.8779239654541,0.0,0.0,0,1772099244981715968,1.0,plants,1,60578000000,813.0,0,grew,1009.03936,-1772099183394.6768,-1772099184403.716,15ade96f-c567-4f3e-9442-05afb700496b,4,The scientist observed that the plants grew faster in sunlight
28b9c51b-3e6d-42be-9c98-b39976ec14fb,91ba165e-067a-43eb-95c3-0fa23d0d74eb,6,grew,COMPLETE,HIGH,,1772099244295789824,225.7974147796631,0.0,0.0,0,,,,,61828000000,797.0,0,faster,,-1772099182467.7898,,15ade96f-c567-4f3e-9442-05afb700496b,4,The scientist observed that the plants grew faster in sunlight
9ee12fc1-64aa-485b-b261-6bbb0296f004,91ba165e-067a-43eb-95c3-0fa23d0d74eb,7,faster,COMPLETE,HIGH,,1772099251032214784,164.77298736572266,0.0,0.0,0,,,,,62468000000,390.0,0,in,,-1772099188564.2148,,15ade96f-c567-4f3e-9442-05afb700496b,4,The scientist observed that the plants grew faster in sunlight
c55ccd1f-2faa-41f5-8dbc-e0558da3445c,91ba165e-067a-43eb-95c3-0fa23d0d74eb,8,in,COMPLETE,HIGH,,1772099245009673984,161.8356704711914,0.0,0.0,0,,,,,66062000000,2765.0,0,sunlught,,-1772099178947.674,,15ade96f-c567-4f3e-9442-05afb700496b,4,The scientist observed that the plants grew faster in sunlight
fdf9430b-5f98-4da8-8de6-26f02fb03f52,91ba165e-067a-43eb-95c3-0fa23d0d74eb,9,sunlight,COMPLETE,HIGH,,1772099256081259520,171.20695114135742,0.0,0.0,0,1772099247009672704,1.0,sunlight,1,,,,,-9071.586816,,,15ade96f-c567-4f3e-9442-05afb700496b,4,The scientist observed that the plants grew faster in sunlight
00424cd6-eada-413a-b96b-e0b13c9aee91,cecb8e5b-4835-4ed6-b98f-33c6b871c05e,0,After,TIMED_OUT,EXCLUDED,Sentence closed before slot completed.,,,,,,1772099261341151232,1.0,After,1,72500000000,860.0,0,after,,,,15ade96f-c567-4f3e-9442-05afb700496b,5,After the storm the streets were covered with fallen leaves
e908f9f0-7b7a-41f8-bd11-38bfd4ee12fc,cecb8e5b-4835-4ed6-b98f-33c6b871c05e,1,the,TIMED_OUT,EXCLUDED,Sentence closed before slot completed.,,,,,,1772099262636681216,1.0,the,1,73234000000,359.0,0,the,,,,15ade96f-c567-4f3e-9442-05afb700496b,5,After the storm the streets were covered with fallen leaves
c3b323dd-b92f-4682-8259-c46e79e09158,cecb8e5b-4835-4ed6-b98f-33c6b871c05e,2,storm,COMPLETE,HIGH,,1772099260154747904,168.67661476135254,0.0,0.0,0,,,,,76281000000,2844.0,1,storm,,-1772099183873.748,,15ade96f-c567-4f3e-9442-05afb700496b,5,After the storm the streets were covered with fallen leaves
2857b60c-c536-4175-b6fe-33f9dbab5d98,cecb8e5b-4835-4ed6-b98f-33c6b871c05e,3,the,COMPLETE,HIGH,,1772099260849676032,164.87884521484375,0.0,0.0,0,,,,,77328000000,391.0,0,the,,-1772099183521.676,,15ade96f-c567-4f3e-9442-05afb700496b,5,After the storm the streets were covered with fallen leaves
8dd24348-252b-48d6-87e1-986a5e38b35a,cecb8e5b-4835-4ed6-b98f-33c6b871c05e,4,streets,COMPLETE,HIGH,,1772099261232962048,164.2444133758545,0.0,0.0,0,1772099262636681216,1.0,streets,1,78765000000,1031.0,0,streets,1403.719168,-1772099182467.9622,-1772099183871.6814,15ade96f-c567-4f3e-9442-05afb700496b,5,After the storm the streets were covered with fallen leaves
eca84715-84f0-45fb-80dc-1cbe39002da2,cecb8e5b-4835-4ed6-b98f-33c6b871c05e,5,were,COMPLETE,HIGH,,1772099262028307712,183.2904815673828,0.0,0.0,0,1772099263138275584,1.0,were,1,80172000000,1188.0,0,were,1109.967872,-1772099181856.3076,-1772099182966.2756,15ade96f-c567-4f3e-9442-05afb700496b,5,After the storm the streets were covered with fallen leaves
2ffbe6b7-c127-4b3a-b86b-859ea502ca32,cecb8e5b-4835-4ed6-b98f-33c6b871c05e,6,covered,COMPLETE,HIGH,,1772099262528290560,151.14998817443848,0.0,0.0,0,1772099263391375872,1.0,covered,1,81656000000,1328.0,0,covered,863.085312,-1772099180872.2905,-1772099181735.376,15ade96f-c567-4f3e-9442-05afb700496b,5,After the storm the streets were covered with fallen leaves
de43fabe-cccb-4b22-b7a4-a176f2068c82,cecb8e5b-4835-4ed6-b98f-33c6b871c05e,7,with,COMPLETE,HIGH,,1772099267061882880,157.80353546142578,0.0,0.0,0,1772099263661716480,1.0,with,1,82281000000,344.0,0,in,-3400.1664,-1772099184780.883,-1772099181380.7166,15ade96f-c567-4f3e-9442-05afb700496b,5,After the storm the streets were covered with fallen leaves
ce925f2d-8390-40ce-8324-2b6ecff5aa6a,cecb8e5b-4835-4ed6-b98f-33c6b871c05e,8,fallen,COMPLETE,HIGH,,1772099263985417216,171.6313362121582,0.0,0.0,0,1772099263903109120,1.0,fallen,1,83828000000,985.0,0,falled,-82.308096,-1772099180157.4172,-1772099180075.1091,15ade96f-c567-4f3e-9442-05afb700496b,5,After the storm the streets were covered with fallen leaves
2afe828b-9fbb-4251-af45-95d8429584cd,cecb8e5b-4835-4ed6-b98f-33c6b871c05e,9,leaves,COMPLETE,HIGH,,1772099262827639040,201.7679214477539,0.0,0.0,0,1772099264180957696,1.0,leaves,1,86328000000,2094.0,0,leaves,1353.318656,-1772099176499.6392,-1772099177852.9578,15ade96f-c567-4f3e-9442-05afb700496b,5,After the storm the streets were covered with fallen leaves
8d5adefd-66fb-4420-8058-409c21c52f88,cea9825d-3aa1-45e5-9b4e-747f138d4387,0,The,TIMED_OUT,EXCLUDED,Sentence closed before slot completed.,,,,,,1772099281573665024,1.0,The,1,95375000000,360.0,0,the,,,,15ade96f-c567-4f3e-9442-05afb700496b,6,The museum displayed artifacts from ancient civilizations around the world
42543d3c-a5d9-48d7-9553-b2beb75e81f5,cea9825d-3aa1-45e5-9b4e-747f138d4387,1,museum,COMPLETE,HIGH,,1772099280278864384,173.05541038513184,0.0,0.0,0,1772099281835351552,1.0,museum,1,96922000000,1219.0,0,museum,1556.487168,-1772099183356.8645,-1772099184913.3516,15ade96f-c567-4f3e-9442-05afb700496b,6,The museum displayed artifacts from ancient civilizations around the world
4255f207-8ea9-416b-a10d-fb2612cb7830,cea9825d-3aa1-45e5-9b4e-747f138d4387,2,displayed,COMPLETE,HIGH,,1772099280679775232,159.7120761871338,0.0,0.0,0,1772099282344127744,0.8235294117647058,displayed,0.8235294117647058,98875000000,1407.0,0,displaye,1664.352512,-1772099181804.7751,-1772099183469.1277,15ade96f-c567-4f3e-9442-05afb700496b,6,The museum displayed artifacts from ancient civilizations around the world
d94beb49-d932-4a4d-8627-27298184ff32,cea9825d-3aa1-45e5-9b4e-747f138d4387,3,artifacts,COMPLETE,HIGH,,1772099281393394432,150.23541450500488,0.0,0.0,0,1772099282849832704,1.0,artifacts,1,101812000000,1531.0,0,artifact,1456.438272,-1772099179581.3945,-1772099181037.8328,15ade96f-c567-4f3e-9442-05afb700496b,6,The museum displayed artifacts from ancient civilizations around the world
3ba17ce1-7dd4-480c-88ed-b4c311c1b269,cea9825d-3aa1-45e5-9b4e-747f138d4387,4,from,COMPLETE,HIGH,,1772099281059486464,153.41830253601074,0.0,0.0,0,1772099283133482752,1.0,from,1,104312000000,2000.0,1,from,2073.996288,-1772099176747.4866,-1772099178821.4827,15ade96f-c567-4f3e-9442-05afb700496b,6,The museum displayed artifacts from ancient civilizations around the world
ba5aa184-32f2-4176-87a1-fab07d80aa00,cea9825d-3aa1-45e5-9b4e-747f138d4387,5,ancient,COMPLETE,HIGH,,1772099282822533888,190.6440258026123,0.0,0.0,0,,,,,105734000000,1094.0,0,ancient,,-1772099177088.534,,15ade96f-c567-4f3e-9442-05afb700496b,6,The museum displayed artifacts from ancient civilizations around the world
d85655b8-2e74-400c-aa35-f65efe32b855,cea9825d-3aa1-45e5-9b4e-747f138d4387,6,civilizations,COMPLETE,HIGH,,1772099288684489984,156.0349464416504,0.0,0.0,0,,,,,109375000000,3141.0,0,ciovilizations,,-1772099179309.49,,15ade96f-c567-4f3e-9442-05afb700496b,6,The museum displayed artifacts from ancient civilizations around the world
cab0beff-dac1-44e3-b21e-ad222f59a6fa,cea9825d-3aa1-45e5-9b4e-747f138d4387,7,around,COMPLETE,HIGH,,1772099287232531456,166.94283485412598,0.0,0.0,0,1772099285929885440,1.0,around,1,110781000000,1094.0,0,around,-1302.646016,-1772099176451.5315,-1772099175148.8855,15ade96f-c567-4f3e-9442-05afb700496b,6,The museum displayed artifacts from ancient civilizations around the world
487b06bf-c3bd-40a1-b832-e162bffa6503,cea9825d-3aa1-45e5-9b4e-747f138d4387,8,the,COMPLETE,HIGH,,1772099284503432704,168.57051849365234,0.0,0.0,0,,,,,111500000000,391.0,0,the,,-1772099173003.4326,,15ade96f-c567-4f3e-9442-05afb700496b,6,The museum displayed artifacts from ancient civilizations around the world
41b8504f-f58d-428a-ba76-2dde7a67bc52,cea9825d-3aa1-45e5-9b4e-747f138d4387,9,world,COMPLETE,HIGH,,1772099286432734720,152.37998962402344,0.0,0.0,0,1772099286423497728,1.0,world,1,113297000000,1610.0,0,world,-9.236992,-1772099173135.7349,-1772099173126.4978,15ade96f-c567-4f3e-9442-05afb700496b,6,The museum displayed artifacts from ancient civilizations around the world
1e1c8f4a-a7a8-491a-a305-056ff53ba2ee,be4c43bd-dc3d-4049-995b-6d990b2d8c56,0,During,TIMED_OUT,EXCLUDED,Sentence closed before slot completed.,,,,,,1772099308189647360,1.0,During,1,120312000000,703.0,0,during,,,,15ade96f-c567-4f3e-9442-05afb700496b,7,During the summer holidays they traveled to several different countries
0403b7c1-395b-4c1c-84fa-ff898b23d6f3,be4c43bd-dc3d-4049-995b-6d990b2d8c56,1,the,COMPLETE,HIGH,,1772099307035857920,173.75445365905762,0.0,0.0,0,1772099308459758592,1.0,the,1,121000000000,407.0,0,the,1423.900672,-1772099186035.858,-1772099187459.7585,15ade96f-c567-4f3e-9442-05afb700496b,7,During the summer holidays they traveled to several different countries
5c85a0a7-db8f-402d-8023-632b11462ae8,be4c43bd-dc3d-4049-995b-6d990b2d8c56,2,summer,COMPLETE,HIGH,,1772099312027383040,181.44464492797852,0.0,0.0,0,1772099308967178752,1.0,summer,1,122453000000,1031.0,0,summer,-3060.204288,-1772099189574.383,-1772099186514.1787,15ade96f-c567-4f3e-9442-05afb700496b,7,During the summer holidays they traveled to several different countries
98b7d6db-202b-4a63-bcda-4711df5f33a0,be4c43bd-dc3d-4049-995b-6d990b2d8c56,3,holidays,COMPLETE,HIGH,,1772099307369981696,159.06596183776855,0.0,0.0,0,1772099309239694592,1.0,holidays,1,124968000000,1968.0,0,holidays,1869.712896,-1772099182401.9817,-1772099184271.6946,15ade96f-c567-4f3e-9442-05afb700496b,7,During the summer holidays they traveled to several different countries
6951ba30-b584-4b5f-9cf2-6cfa7fb8e3cb,be4c43bd-dc3d-4049-995b-6d990b2d8c56,4,they,COMPLETE,HIGH,,1772099308614632704,161.6222858428955,0.0,0.0,0,,,,,125922000000,735.0,0,they,,-1772099182692.6326,,15ade96f-c567-4f3e-9442-05afb700496b,7,During the summer holidays they traveled to several different countries
e44614b6-d8c4-49ee-986a-e336ed2a8d17,be4c43bd-dc3d-4049-995b-6d990b2d8c56,5,traveled,COMPLETE,HIGH,,1772099307648389376,168.28322410583496,0.0,0.0,0,,,,,131859000000,2203.0,0,travekeld,,-1772099175789.3894,,15ade96f-c567-4f3e-9442-05afb700496b,7,During the summer holidays they traveled to several different countries
2254cca5-9692-4647-beed-d88627a8d9fd,be4c43bd-dc3d-4049-995b-6d990b2d8c56,6,to,COMPLETE,HIGH,,1772099311612961024,186.6145133972168,0.0,0.0,0,1772099310239777280,1.0,to,1,133000000000,313.0,0,to,-1373.183744,-1772099178612.961,-1772099177239.7773,15ade96f-c567-4f3e-9442-05afb700496b,7,During the summer holidays they traveled to several different countries
a444bd7b-72b7-422c-8ee2-7f587ccd33d9,be4c43bd-dc3d-4049-995b-6d990b2d8c56,7,several,COMPLETE,HIGH,,1772099309439750912,170.18532752990723,0.0,0.0,0,1772099311045963008,1.0,several,1,134875000000,1610.0,0,several,1606.212096,-1772099174564.7507,-1772099176170.963,15ade96f-c567-4f3e-9442-05afb700496b,7,During the summer holidays they traveled to several different countries
5605ebcc-5fa2-4806-80a5-69d94a45671f,be4c43bd-dc3d-4049-995b-6d990b2d8c56,8,different,COMPLETE,HIGH,,1772099309948071168,186.29980087280273,0.0,0.0,0,1772099311045963008,1.0,different,1,138062000000,2906.0,1,different,1097.89184,-1772099171886.0713,-1772099172983.9631,15ade96f-c567-4f3e-9442-05afb700496b,7,During the summer holidays they traveled to several different countries
d3ece76c-e124-4df2-828f-46fd8500f4e5,be4c43bd-dc3d-4049-995b-6d990b2d8c56,9,countries,COMPLETE,HIGH,,1772099310619841280,152.31013298034668,0.0,0.0,0,1772099311778605568,1.0,countries,1,141000000000,2516.0,1,countries,1158.764288,-1772099169619.8413,-1772099170778.6055,15ade96f-c567-4f3e-9442-05afb700496b,7,During the summer holidays they traveled to several different countries
2c2789d2-128b-44fe-9557-0d374194968c,ef27a190-74ed-49bb-94c5-65a3b99b6bf5,0,The,TIMED_OUT,EXCLUDED,Sentence closed before slot completed.,,,,,,,,,,150156000000,359.0,0,the,,,,15ade96f-c567-4f3e-9442-05afb700496b,8,The engineer carefully examined the bridge structure before approving the design
a7ed37b8-b943-437a-8ba5-6070567e56a6,ef27a190-74ed-49bb-94c5-65a3b99b6bf5,1,engineer,TIMED_OUT,EXCLUDED,Sentence closed before slot completed.,,,,,,,,,,151906000000,1484.0,0,engineer,,,,15ade96f-c567-4f3e-9442-05afb700496b,8,The engineer carefully examined the bridge structure before approving the design
82995f13-e3bf-41df-9a11-26e28ea80741,ef27a190-74ed-49bb-94c5-65a3b99b6bf5,2,carefully,COMPLETE,HIGH,,1772099335839691264,171.39768600463867,0.0,0.0,0,1772099337907366912,1.0,carefully,1,154125000000,1625.0,0,carefully,2067.675648,-1772099181714.6914,-1772099183782.367,15ade96f-c567-4f3e-9442-05afb700496b,8,The engineer carefully examined the bridge structure before approving the design
382d56f7-aaec-42da-aa5e-49caa24da722,ef27a190-74ed-49bb-94c5-65a3b99b6bf5,3,examined,COMPLETE,HIGH,,1772099336467357184,153.3827781677246,0.0,0.0,0,1772099338146450944,0.7058823529411765,examined,0.7058823529411765,156140000000,1515.0,0,exmained,1679.09376,-1772099180327.3572,-1772099182006.451,15ade96f-c567-4f3e-9442-05afb700496b,8,The engineer carefully examined the bridge structure before approving the design
bd050e1b-1f6a-49b4-8413-59f7557a21f0,ef27a190-74ed-49bb-94c5-65a3b99b6bf5,4,the,COMPLETE,HIGH,,1772099337495425536,168.15948486328125,0.0,0.0,0,1772099338395786752,1.0,the,1,156906000000,391.0,0,the,900.361216,-1772099180589.4258,-1772099181489.7869,15ade96f-c567-4f3e-9442-05afb700496b,8,The engineer carefully examined the bridge structure before approving the design
1ff89b1b-b6bd-4ff3-a40e-f788bb6b29c6,ef27a190-74ed-49bb-94c5-65a3b99b6bf5,5,bridge,COMPLETE,HIGH,,1772099337706272512,164.25490379333496,0.0,0.0,0,,,,,158500000000,1172.0,0,bridge,,-1772099179206.2725,,15ade96f-c567-4f3e-9442-05afb700496b,8,The engineer carefully examined the bridge structure before approving the design
1d8f66d9-327e-44e6-8e58-272d50f62c83,ef27a190-74ed-49bb-94c5-65a3b99b6bf5,6,structure,COMPLETE,HIGH,,1772099335165534976,177.59418487548828,0.0,0.0,0,,,,,160859000000,1484.0,0,structure,,-1772099174306.535,,15ade96f-c567-4f3e-9442-05afb700496b,8,The engineer carefully examined the bridge structure before approving the design
e0102019-2282-4b3a-b946-f399414ddab2,ef27a190-74ed-49bb-94c5-65a3b99b6bf5,7,before,COMPLETE,HIGH,,1772099338119979008,155.94983100891113,0.0,0.0,0,1772099339679945216,1.0,before,1,162125000000,1094.0,0,before,1559.966208,-1772099175994.979,-1772099177554.9453,15ade96f-c567-4f3e-9442-05afb700496b,8,The engineer carefully examined the bridge structure before approving the design
a7d28ce7-f50b-4de3-9af8-af91d3445794,ef27a190-74ed-49bb-94c5-65a3b99b6bf5,8,approving,COMPLETE,HIGH,,1772099338544664576,169.1150665283203,0.0,0.0,0,1772099340199736576,1.0,approving,1,164031000000,1469.0,0,approving,1655.072,-1772099174513.6646,-1772099176168.7366,15ade96f-c567-4f3e-9442-05afb700496b,8,The engineer carefully examined the bridge structure before approving the design
96025200-2438-4ddf-bc5f-4bb8f6e362a1,ef27a190-74ed-49bb-94c5-65a3b99b6bf5,9,the,COMPLETE,HIGH,,1772099338995158016,152.08125114440918,0.0,0.0,0,,,,,164765000000,468.0,0,the,,-1772099174230.158,,15ade96f-c567-4f3e-9442-05afb700496b,8,The engineer carefully examined the bridge structure before approving the design
ab89d2c8-be2f-4620-8a7c-21f401dc4963,ef27a190-74ed-49bb-94c5-65a3b99b6bf5,10,design,COMPLETE,HIGH,,1772099355214201856,160.94279289245605,0.0,0.0,0,1772099340694978048,1.0,design,1,166781000000,1719.0,0,design,-14519.223808,-1772099188433.202,-1772099173913.978,15ade96f-c567-4f3e-9442-05afb700496b,8,The engineer carefully examined the bridge structure before approving the design
ed36136f-bbbe-4678-ab92-503e8de3beae,f779fb28-6728-4d5e-96b0-6088eccf89ad,0,She,TIMED_OUT,EXCLUDED,Sentence closed before slot completed.,,,,,,,,,,173265000000,343.0,0,she,,,,15ade96f-c567-4f3e-9442-05afb700496b,9,She discovered that consistent practice significantly improved her reading speed
0725666c-7040-480a-9c7a-07ddee77632d,f779fb28-6728-4d5e-96b0-6088eccf89ad,1,discovered,TIMED_OUT,EXCLUDED,Sentence closed before slot completed.,,,,,,1772099362731024384,0.8888888888888888,discovered,0.8888888888888888,176250000000,2516.0,0,discivered,,,,15ade96f-c567-4f3e-9442-05afb700496b,9,She discovered that consistent practice significantly improved her reading speed
69e7a20d-f046-403a-8196-035368c1a5d7,f779fb28-6728-4d5e-96b0-6088eccf89ad,2,that,COMPLETE,HIGH,,1772099360988778240,150.67791938781738,0.0,0.0,0,1772099362731024384,1.0,that,1,178109000000,687.0,0,that,1742.246144,-1772099182879.7783,-1772099184622.0244,15ade96f-c567-4f3e-9442-05afb700496b,9,She discovered that consistent practice significantly improved her reading speed
2cb23966-bd2d-47f3-8d30-8c9e70db86a9,f779fb28-6728-4d5e-96b0-6088eccf89ad,3,consistent,COMPLETE,HIGH,,1772099361854871552,186.82432174682617,0.0,0.0,0,1772099363236284672,1.0,consistent,1,180484000000,2000.0,0,concsistent,1381.41312,-1772099181370.8716,-1772099182752.2847,15ade96f-c567-4f3e-9442-05afb700496b,9,She discovered that consistent practice significantly improved her reading speed
ce7c30c8-2c05-4e33-8684-fe8ecbe89ed7,f779fb28-6728-4d5e-96b0-6088eccf89ad,4,practice,COMPLETE,HIGH,,1772099362128904192,188.72714042663574,0.0,0.0,0,1772099363749662976,0.7777777777777778,practice,0.7777777777777778,183875000000,2219.0,0,practice,1620.758784,-1772099178253.904,-1772099179874.6628,15ade96f-c567-4f3e-9442-05afb700496b,9,She discovered that consistent practice significantly improved her reading speed
e3a33838-0a30-4399-be36-a57e48121ab6,f779fb28-6728-4d5e-96b0-6088eccf89ad,5,significantly,COMPLETE,HIGH,,1772099361539456000,175.15110969543457,0.0,0.0,0,1772099364263494656,1.0,significantly,1,187109000000,2937.0,0,sihnofiocanly,2724.038656,-1772099174430.456,-1772099177154.4946,15ade96f-c567-4f3e-9442-05afb700496b,9,She discovered that consistent practice significantly improved her reading speed
1fdc57a8-c532-4cb5-82d2-c73b5fa048fe,f779fb28-6728-4d5e-96b0-6088eccf89ad,6,improved,COMPLETE,HIGH,,1772099363295361024,154.45780754089355,0.0,0.0,0,1772099364773306624,1.0,improved,1,189015000000,1359.0,0,improved,1477.9456,-1772099174280.3608,-1772099175758.3066,15ade96f-c567-4f3e-9442-05afb700496b,9,She discovered that consistent practice significantly improved her reading speed
2c197496-ae2d-4935-9a36-276f325428c9,f779fb28-6728-4d5e-96b0-6088eccf89ad,7,her,COMPLETE,HIGH,,1772099363874751488,154.9370288848877,0.0,0.0,0,,,,,190234000000,500.0,0,her,,-1772099173640.7517,,15ade96f-c567-4f3e-9442-05afb700496b,9,She discovered that consistent practice significantly improved her reading speed
74cb0f84-bc99-45d9-9f4e-1e3dd97213eb,f779fb28-6728-4d5e-96b0-6088eccf89ad,8,reading,COMPLETE,HIGH,,1772099383197096704,150.27856826782227,0.0,0.0,0,1772099365302616320,0.7142857142857143,reading,0.7142857142857143,192328000000,1672.0,0,reading,-17894.480384,-1772099190869.0967,-1772099172974.6162,15ade96f-c567-4f3e-9442-05afb700496b,9,She discovered that consistent practice significantly improved her reading speed
d3f9e5aa-3573-4af6-8500-93052c79853d,f779fb28-6728-4d5e-96b0-6088eccf89ad,9,speed,COMPLETE,HIGH,,1772099364184746752,158.80966186523438,0.0,0.0,0,1772099366554233856,1.0,speed,1,194593000000,2078.0,0,speed,2369.487104,-1772099169591.7468,-1772099171961.234,15ade96f-c567-4f3e-9442-05afb700496b,9,She discovered that consistent practice significantly improved her reading speed
07794b4e-98d1-4216-8da5-b3f4a5327dd8,4689bb82-b4c4-4b55-9a54-fd2a9e1a0404,0,The,TIMED_OUT,EXCLUDED,Sentence closed before slot completed.,,,,,,1772099391387860480,1.0,The,1,201453000000,360.0,0,the,,,,15ade96f-c567-4f3e-9442-05afb700496b,10,The local government proposed constructing a new library in the town center
5e30b15d-0cbd-41af-9437-56f5376aaa24,4689bb82-b4c4-4b55-9a54-fd2a9e1a0404,1,local,COMPLETE,HIGH,,1772099393639359744,180.31549453735352,0.0,0.0,0,1772099391678913536,1.0,local,1,203015000000,781.0,0,local,-1960.446208,-1772099190624.3596,-1772099188663.9136,15ade96f-c567-4f3e-9442-05afb700496b,10,The local government proposed constructing a new library in the town center
8db16a42-c0a5-4f28-bf31-d3653070c0af,4689bb82-b4c4-4b55-9a54-fd2a9e1a0404,2,government,TIMED_OUT,EXCLUDED,Sentence closed before slot completed.,,,,,,1772099392171360512,1.0,government,1,204062000000,687.0,0,gov,,,,15ade96f-c567-4f3e-9442-05afb700496b,10,The local government proposed constructing a new library in the town center
fe8821f1-893b-42b8-836c-f6a5c2e01565,4689bb82-b4c4-4b55-9a54-fd2a9e1a0404,3,proposed,COMPLETE,HIGH,,1772099390524361728,155.50899505615234,0.0,0.0,0,1772099392431349504,0.875,proposed,0.875,,,,,1906.987776,,,15ade96f-c567-4f3e-9442-05afb700496b,10,The local government proposed constructing a new library in the town center
a141c667-1628-436e-8760-ac3297631f37,4689bb82-b4c4-4b55-9a54-fd2a9e1a0404,4,constructing,TIMED_OUT,EXCLUDED,Sentence closed before slot completed.,,,,,,,,,,,,,,,,,15ade96f-c567-4f3e-9442-05afb700496b,10,The local government proposed constructing a new library in the town center
9a5c6740-7614-46df-a197-e1f932407ee6,4689bb82-b4c4-4b55-9a54-fd2a9e1a0404,5,a,COMPLETE,HIGH,,1772099389999874816,185.72306632995605,0.0,0.0,0,1772099393459741952,1.0,a,1,,,,,3459.867136,,,15ade96f-c567-4f3e-9442-05afb700496b,10,The local government proposed constructing a new library in the town center
65c3fc87-7b0e-4fee-a95b-e8e54bcc0d1e,4689bb82-b4c4-4b55-9a54-fd2a9e1a0404,6,new,COMPLETE,HIGH,,1772099392011891456,175.58622360229492,0.0,0.0,0,1772099393459741952,1.0,new,1,,,,,1447.850496,,,15ade96f-c567-4f3e-9442-05afb700496b,10,The local government proposed constructing a new library in the town center
3e314df5-08a3-49ed-a1a1-7f54ce1045e6,4689bb82-b4c4-4b55-9a54-fd2a9e1a0404,7,library,TIMED_OUT,DEGRADED,,1772099391565331968,164.4597053527832,0.0,0.0,0,,,,,,,,,,,,15ade96f-c567-4f3e-9442-05afb700496b,10,The local government proposed constructing a new library in the town center
5cc4f75b-602c-4ff8-ad40-a525b6d76ce2,4689bb82-b4c4-4b55-9a54-fd2a9e1a0404,8,in,COMPLETE,HIGH,,1772099392481075200,175.34661293029785,0.0,0.0,0,1772099393695182336,1.0,in,1,,,,,1214.107136,,,15ade96f-c567-4f3e-9442-05afb700496b,10,The local government proposed constructing a new library in the town center
63350dcf-c6b2-440f-bcb6-53c31d486906,4689bb82-b4c4-4b55-9a54-fd2a9e1a0404,9,the,TIMED_OUT,EXCLUDED,Sentence closed before slot completed.,,,,,,,,,,,,,,,,,15ade96f-c567-4f3e-9442-05afb700496b,10,The local government proposed constructing a new library in the town center
20501573-542e-43d0-89cd-e347ffe25d73,4689bb82-b4c4-4b55-9a54-fd2a9e1a0404,10,town,TIMED_OUT,EXCLUDED,Sentence closed before slot completed.,,,,,,1772099394203838464,1.0,town,1,,,,,,,,15ade96f-c567-4f3e-9442-05afb700496b,10,The local government proposed constructing a new library in the town center
9d9d30b5-e55e-4e60-b3bb-546317addd7d,4689bb82-b4c4-4b55-9a54-fd2a9e1a0404,11,center,COMPLETE,HIGH,,1772099392901966080,153.9168357849121,0.0,0.0,0,1772099394459412992,0.8333333333333334,center,0.8333333333333334,,,,,1557.446912,,,15ade96f-c567-4f3e-9442-05afb700496b,10,The local government proposed constructing a new library in the town center
46f1bf04-2ed8-4e99-bff7-952e42e084df,4d572140-0a3e-4daf-b2cf-5f99bf91e31c,0,Research,TIMED_OUT,EXCLUDED,Sentence closed before slot completed.,,,,,,,,,,,,,,,,,15ade96f-c567-4f3e-9442-05afb700496b,11,Research has demonstrated that bilingual children often develop stronger cognitive flexibility
4e93eaa4-70a2-4c2d-8bd6-45319a2efd43,4d572140-0a3e-4daf-b2cf-5f99bf91e31c,1,has,TIMED_OUT,EXCLUDED,Sentence closed before slot completed.,,,,,,,,,,,,,,,,,15ade96f-c567-4f3e-9442-05afb700496b,11,Research has demonstrated that bilingual children often develop stronger cognitive flexibility
f96b60f4-b096-452b-8ef5-0cd5ceb30027,4d572140-0a3e-4daf-b2cf-5f99bf91e31c,2,demonstrated,COMPLETE,HIGH,,1772099399439909888,161.41462326049805,0.0,0.0,0,1772099400930012416,1.0,demonstrated,1,,,,,1490.102528,,,15ade96f-c567-4f3e-9442-05afb700496b,11,Research has demonstrated that bilingual children often develop stronger cognitive flexibility
4e7487e8-9c83-4964-849b-60f933408e3c,4d572140-0a3e-4daf-b2cf-5f99bf91e31c,3,that,TIMED_OUT,DEGRADED,,1772099399174877440,166.54539108276367,0.0,0.0,0,,,,,,,,,,,,15ade96f-c567-4f3e-9442-05afb700496b,11,Research has demonstrated that bilingual children often develop stronger cognitive flexibility
375520fe-6fab-4b97-9591-741382023a6a,4d572140-0a3e-4daf-b2cf-5f99bf91e31c,4,bilingual,COMPLETE,HIGH,,1772099397974745600,159.501314163208,0.0,0.0,0,1772099401125342976,1.0,bilingual,1,,,,,3150.597376,,,15ade96f-c567-4f3e-9442-05afb700496b,11,Research has demonstrated that bilingual children often develop stronger cognitive flexibility
25e4f197-4422-4aab-afcd-9737b58758b8,4d572140-0a3e-4daf-b2cf-5f99bf91e31c,5,children,COMPLETE,HIGH,,1772099398231988736,171.17905616760254,0.0,0.0,0,1772099401640986368,1.0,children,1,,,,,3408.997632,,,15ade96f-c567-4f3e-9442-05afb700496b,11,Research has demonstrated that bilingual children often develop stronger cognitive flexibility
bb40555b-b437-4a6e-8020-5fd10a7dccbf,4d572140-0a3e-4daf-b2cf-5f99bf91e31c,6,often,COMPLETE,HIGH,,1772099400669104896,170.9423065185547,0.0,0.0,0,1772099402188158720,1.0,often,1,,,,,1519.053824,,,15ade96f-c567-4f3e-9442-05afb700496b,11,Research has demonstrated that bilingual children often develop stronger cognitive flexibility
ebadee18-f93d-4b42-8caf-091c674951b0,4d572140-0a3e-4daf-b2cf-5f99bf91e31c,7,develop,TIMED_OUT,EXCLUDED,Sentence closed before slot completed.,,,,,,,,,,,,,,,,,15ade96f-c567-4f3e-9442-05afb700496b,11,Research has demonstrated that bilingual children often develop stronger cognitive flexibility
97c1a7d2-478b-4e47-b5b8-7182a1ab4cf3,4d572140-0a3e-4daf-b2cf-5f99bf91e31c,8,stronger,TIMED_OUT,EXCLUDED,Sentence closed before slot completed.,,,,,,,,,,,,,,,,,15ade96f-c567-4f3e-9442-05afb700496b,11,Research has demonstrated that bilingual children often develop stronger cognitive flexibility
d8b74414-e8ed-496b-b6d4-dffd4030fb11,4d572140-0a3e-4daf-b2cf-5f99bf91e31c,9,cognitive,TIMED_OUT,EXCLUDED,Sentence closed before slot completed.,,,,,,,,,,,,,,,,,15ade96f-c567-4f3e-9442-05afb700496b,11,Research has demonstrated that bilingual children often develop stronger cognitive flexibility
51aa2b69-cc0b-4ced-acee-a49f09ef32ab,4d572140-0a3e-4daf-b2cf-5f99bf91e31c,10,flexibility,TIMED_OUT,DEGRADED,,1772099401595480320,196.6114044189453,0.0,0.0,0,,,,,,,,,,,,15ade96f-c567-4f3e-9442-05afb700496b,11,Research has demonstrated that bilingual children often develop stronger cognitive flexibility
46b46973-2b22-4d14-876b-1eb1027f48d9,fbe5fa94-1bec-41ea-be37-54e252fb0fbc,0,The,COMPLETE,HIGH,,1772009017060396032,169.28696632385254,0.0,0.0,0,1772009019003608064,1.0,The,1,,,,,1943.212032,,,1618efd1-80a5-4d2e-b1ce-c58444374297,0,The cat sat on the mat
e23180a7-6282-413a-b55e-af9ee6f11eac,fbe5fa94-1bec-41ea-be37-54e252fb0fbc,1,cat,COMPLETE,HIGH,,1772009017779766784,157.1972370147705,0.0,0.0,0,1772009019516758272,1.0,cat,1,,,,,1736.991488,,,1618efd1-80a5-4d2e-b1ce-c58444374297,0,The cat sat on the mat
ea3b71eb-dfc1-45e5-8f6e-2884db308720,fbe5fa94-1bec-41ea-be37-54e252fb0fbc,2,sat,COMPLETE,HIGH,,1772009018002608128,158.46824645996094,0.0,0.0,0,1772009019516758272,1.0,sat,1,,,,,1514.150144,,,1618efd1-80a5-4d2e-b1ce-c58444374297,0,The cat sat on the mat
e7139a63-9356-4e20-8741-bac27d2d06ba,fbe5fa94-1bec-41ea-be37-54e252fb0fbc,3,on,COMPLETE,HIGH,,1772009016638890496,200.83904266357422,0.0,0.0,0,1772009019709816832,1.0,on,1,,,,,3070.926336,,,1618efd1-80a5-4d2e-b1ce-c58444374297,0,The cat sat on the mat
71d0cc61-e5b6-41a4-884b-0722152dad54,fbe5fa94-1bec-41ea-be37-54e252fb0fbc,4,the,TIMED_OUT,DEGRADED,,1772009016346696192,163.4047031402588,0.0,0.0,0,,,,,,,,,,,,1618efd1-80a5-4d2e-b1ce-c58444374297,0,The cat sat on the mat
3ee65cc5-e104-4125-85ca-fc0303b3f341,fbe5fa94-1bec-41ea-be37-54e252fb0fbc,5,mat,COMPLETE,HIGH,,1772009019379495680,189.70727920532227,0.0,0.0,0,1772009020213261312,1.0,mat,1,,,,,833.765632,,,1618efd1-80a5-4d2e-b1ce-c58444374297,0,The cat sat on the mat
bdf34a1e-3096-46bd-8e69-1568721a1eac,0b7070b5-ad78-4b8e-87cc-02055fb168e5,0,The,COMPLETE,DEGRADED,,641000000,167.68693923950195,0.0,0.0,1,1400000000,1.0,The,1,2047000000,375.0,0,the,759.0,1406.0,647.0,1adff5d2-176d-470a-b447-eb12bb2243b0,0,The cat sat on the mat
7259fe14-cffc-461d-b875-bff8d77ddf9e,0b7070b5-ad78-4b8e-87cc-02055fb168e5,1,cat,COMPLETE,HIGH,,1375000000,165.22479057312012,0.0,0.0,0,,,,,2609000000,328.0,0,cat,,1234.0,,1adff5d2-176d-470a-b447-eb12bb2243b0,0,The cat sat on the mat
1763c226-c48e-4198-9d53-877b96a75688,0b7070b5-ad78-4b8e-87cc-02055fb168e5,2,sat,COMPLETE,HIGH,,2781000000,160.40825843811035,0.0,0.0,0,,,,,3422000000,641.0,0,sat,,641.0,,1adff5d2-176d-470a-b447-eb12bb2243b0,0,The cat sat on the mat
a5907237-127d-4d4f-ad8e-3ff72a06692d,0b7070b5-ad78-4b8e-87cc-02055fb168e5,3,on,COMPLETE,HIGH,,203000000,164.10446166992188,0.0,0.0,0,4181000000,1.0,on,1,5719000000,344.0,0,on,3978.0,5516.0,1538.0,1adff5d2-176d-470a-b447-eb12bb2243b0,0,The cat sat on the mat
8a945cca-fd54-49bf-829b-8af733082b67,0b7070b5-ad78-4b8e-87cc-02055fb168e5,4,the,COMPLETE,HIGH,,4406000000,160.13121604919434,0.0,0.0,0,,,,,6203000000,375.0,0,the,,1797.0,,1adff5d2-176d-470a-b447-eb12bb2243b0,0,The cat sat on the mat
a70c0fb8-6695-4373-9ea9-48dac1c2ea8e,0b7070b5-ad78-4b8e-87cc-02055fb168e5,5,mat,COMPLETE,HIGH,,4844000000,167.18268394470215,0.0,0.0,0,,,,,7000000000,531.0,0,mat,,2156.0,,1adff5d2-176d-470a-b447-eb12bb2243b0,0,The cat sat on the mat
b33c7a30-115b-4f12-82ee-f83bfb27c89d,cd6365c2-4240-455c-9335-01f06812b3dd,0,She,COMPLETE,DEGRADED,,10250000000,155.88784217834473,0.0,0.0,1,11337000000,1.0,She,1,12172000000,313.0,0,she,1087.0,1922.0,835.0,1adff5d2-176d-470a-b447-eb12bb2243b0,1,She walked quickly to the store
ebe7d856-30f7-4464-862f-1c1cb3f35f64,cd6365c2-4240-455c-9335-01f06812b3dd,1,walked,COMPLETE,HIGH,,8500000000,200.6986141204834,0.0,0.0,0,,,,,13359000000,953.0,0,walked,,4859.0,,1adff5d2-176d-470a-b447-eb12bb2243b0,1,She walked quickly to the store
a3172099-ac88-438c-8fdc-ee365afe8235,cd6365c2-4240-455c-9335-01f06812b3dd,2,quickly,COMPLETE,HIGH,,11297000000,167.12522506713867,0.0,0.0,0,,,,,15266000000,1579.0,0,quickly,,3969.0,,1adff5d2-176d-470a-b447-eb12bb2243b0,1,She walked quickly to the store
e09a3666-9d95-4a3d-8da7-6f067c877672,cd6365c2-4240-455c-9335-01f06812b3dd,3,to,COMPLETE,HIGH,,12125000000,165.09675979614258,0.0,0.0,0,17291000000,1.0,to,1,17000000000,250.0,0,to,5166.0,4875.0,-291.0,1adff5d2-176d-470a-b447-eb12bb2243b0,1,She walked quickly to the store
d260d851-47fa-4619-8dbe-6f6824ac2784,cd6365c2-4240-455c-9335-01f06812b3dd,4,the,COMPLETE,HIGH,,12766000000,175.8720874786377,0.0,0.0,0,,,,,17500000000,406.0,0,the,,4734.0,,1adff5d2-176d-470a-b447-eb12bb2243b0,1,She walked quickly to the store
6a0d7ec6-a7ec-403c-90dd-c1517da9285d,cd6365c2-4240-455c-9335-01f06812b3dd,5,store,COMPLETE,HIGH,,16156000000,172.82938957214355,0.0,0.0,0,,,,,18578000000,953.0,0,store,,2422.0,,1adff5d2-176d-470a-b447-eb12bb2243b0,1,She walked quickly to the store
a102cdd5-ac9f-4df9-9cd4-e3abba2bc159,73d31ebd-fb62-492c-8f5b-edfaa5e65b1b,0,The,COMPLETE,DEGRADED,,21953000000,152.75025367736816,0.0,0.0,1,22869000000,1.0,The,1,24906000000,297.0,0,the,916.0,2953.0,2037.0,1adff5d2-176d-470a-b447-eb12bb2243b0,2,The children played outside until the sun set
df762452-eee5-4a42-903e-c84c4867272d,73d31ebd-fb62-492c-8f5b-edfaa5e65b1b,1,children,COMPLETE,DEGRADED,,20859000000,168.9603328704834,0.0,0.0,1,23384000000,1.0,children,1,26391000000,1360.0,0,children,2525.0,5532.0,3007.0,1adff5d2-176d-470a-b447-eb12bb2243b0,2,The children played outside until the sun set
81fd00a1-b20c-4171-98f7-b88722e456fb,73d31ebd-fb62-492c-8f5b-edfaa5e65b1b,2,played,COMPLETE,DEGRADED,,20328000000,164.9343967437744,0.0,0.0,1,,,,,27578000000,1000.0,0,played,,7250.0,,1adff5d2-176d-470a-b447-eb12bb2243b0,2,The children played outside until the sun set
92e09498-ff44-4ea2-9fc2-220f795554a0,73d31ebd-fb62-492c-8f5b-edfaa5e65b1b,3,outside,COMPLETE,DEGRADED,,19484000000,176.95260047912598,0.0,0.0,1,23916000000,1.0,outside,1,29484000000,1312.0,0,outside,4432.0,10000.0,5568.0,1adff5d2-176d-470a-b447-eb12bb2243b0,2,The children played outside until the sun set
dded93d7-ec45-451e-b086-9c802064185a,73d31ebd-fb62-492c-8f5b-edfaa5e65b1b,4,until,COMPLETE,HIGH,,21156000000,157.38201141357422,0.0,0.0,0,30556000000,1.0,until,1,32000000000,750.0,0,until,9400.0,10844.0,1444.0,1adff5d2-176d-470a-b447-eb12bb2243b0,2,The children played outside until the sun set
c1cf5b0e-4846-43c7-a6ce-6b936518d4a5,73d31ebd-fb62-492c-8f5b-edfaa5e65b1b,5,the,COMPLETE,HIGH,,21469000000,215.55781364440918,0.0,0.0,0,,,,,32453000000,391.0,0,the,,10984.0,,1adff5d2-176d-470a-b447-eb12bb2243b0,2,The children played outside until the sun set
2f1887fe-6a68-4300-ad25-d92784c12b45,73d31ebd-fb62-492c-8f5b-edfaa5e65b1b,6,sun,COMPLETE,HIGH,,25203000000,158.17952156066895,0.0,0.0,0,31322000000,1.0,sun,1,33609000000,1015.0,0,sun,6119.0,8406.0,2287.0,1adff5d2-176d-470a-b447-eb12bb2243b0,2,The children played outside until the sun set
8ea4cf90-3ca3-41ca-8186-743847cc37ad,73d31ebd-fb62-492c-8f5b-edfaa5e65b1b,7,set,COMPLETE,HIGH,,19031000000,169.3437099456787,0.0,0.0,0,,,,,34437000000,609.0,0,set,,15406.0,,1adff5d2-176d-470a-b447-eb12bb2243b0,2,The children played outside until the sun set
e9200100-0eb7-4795-beb0-9d9db02dd762,3dce4b35-697c-4b14-80a8-95c9a573d87b,0,The,COMPLETE,DEGRADED,,406000000,156.41236305236816,0.0,0.0,1,1306000000,1.0,The,1,2625000000,391.0,0,the,900.0,2219.0,1319.0,1c5d8f40-d717-486f-9bf8-9dd5c0773820,0,The cat sat on the mat
540d9449-e907-4073-9d17-7e0fe38a222a,3dce4b35-697c-4b14-80a8-95c9a573d87b,1,cat,COMPLETE,HIGH,,219000000,156.74948692321777,0.0,0.0,0,,,,,3187000000,359.0,0,cat,,2968.0,,1c5d8f40-d717-486f-9bf8-9dd5c0773820,0,The cat sat on the mat
faeef9bf-bcb5-4d86-a73d-12e1db1915f4,3dce4b35-697c-4b14-80a8-95c9a573d87b,2,sat,COMPLETE,HIGH,,1109000000,166.7928695678711,0.0,0.0,0,,,,,3906000000,562.0,0,sat,,2797.0,,1c5d8f40-d717-486f-9bf8-9dd5c0773820,0,The cat sat on the mat
d8727e0e-c324-441d-806f-41631cbf1df6,3dce4b35-697c-4b14-80a8-95c9a573d87b,3,on,COMPLETE,HIGH,,1703000000,164.52479362487793,0.0,0.0,0,4650000000,1.0,on,1,6062000000,375.0,0,on,2947.0,4359.0,1412.0,1c5d8f40-d717-486f-9bf8-9dd5c0773820,0,The cat sat on the mat
75a81f2f-0922-4c18-90f3-a8fa03e824e7,3dce4b35-697c-4b14-80a8-95c9a573d87b,4,the,COMPLETE,HIGH,,4328000000,158.4320068359375,0.0,0.0,0,,,,,6547000000,360.0,0,the,,2219.0,,1c5d8f40-d717-486f-9bf8-9dd5c0773820,0,The cat sat on the mat
3dd20a47-d681-4af6-8c58-f9c70b326e6a,3dce4b35-697c-4b14-80a8-95c9a573d87b,5,mat,COMPLETE,HIGH,,5078000000,172.79529571533203,0.0,0.0,0,,,,,7266000000,500.0,0,mat,,2188.0,,1c5d8f40-d717-486f-9bf8-9dd5c0773820,0,The cat sat on the mat
6e72b48a-769e-4504-97f3-a674163d9ee6,68443b7e-704b-47a9-ac86-0e8f45942ee0,0,She,COMPLETE,DEGRADED,,8781000000,159.30414199829102,0.0,0.0,1,,,,,10344000000,344.0,0,she,,1563.0,,1c5d8f40-d717-486f-9bf8-9dd5c0773820,1,She walked quickly to the store
e9a650cd-bee7-4313-954a-244e08adc3d5,68443b7e-704b-47a9-ac86-0e8f45942ee0,1,walked,COMPLETE,DEGRADED,,8281000000,159.6827507019043,0.0,0.0,1,10056000000,0.8,walked,0.8,11594000000,1047.0,0,walked,1775.0,3313.0,1538.0,1c5d8f40-d717-486f-9bf8-9dd5c0773820,1,She walked quickly to the store
b676b774-cf20-4eb3-9cff-e6c9f67b9249,68443b7e-704b-47a9-ac86-0e8f45942ee0,2,quickly,COMPLETE,HIGH,,8031000000,173.52986335754395,0.0,0.0,0,,,,,14047000000,2047.0,0,quickly,,6016.0,,1c5d8f40-d717-486f-9bf8-9dd5c0773820,1,She walked quickly to the store
d3b2c44c-7d2a-438d-a6c9-4bee5f8425d5,68443b7e-704b-47a9-ac86-0e8f45942ee0,3,to,COMPLETE,HIGH,,9953000000,188.12012672424316,0.0,0.0,0,14900000000,1.0,to,1,15828000000,266.0,0,to,4947.0,5875.0,928.0,1c5d8f40-d717-486f-9bf8-9dd5c0773820,1,She walked quickly to the store
1efa7d0e-baf1-4a59-97fa-8d2afa7d6f12,68443b7e-704b-47a9-ac86-0e8f45942ee0,4,the,COMPLETE,HIGH,,13812000000,160.64023971557617,0.0,0.0,0,15181000000,1.0,the,1,16328000000,391.0,0,the,1369.0,2516.0,1147.0,1c5d8f40-d717-486f-9bf8-9dd5c0773820,1,She walked quickly to the store
63ce36a9-f1b5-476e-8d3c-d6e6274b6714,68443b7e-704b-47a9-ac86-0e8f45942ee0,5,store,COMPLETE,HIGH,,14984000000,159.90304946899414,0.0,0.0,0,,,,,17344000000,891.0,0,store,,2360.0,,1c5d8f40-d717-486f-9bf8-9dd5c0773820,1,She walked quickly to the store
15996498-b76e-47cb-8472-8bfc7e9679c9,f19a682c-1f9d-4f29-879b-a4516fe31545,0,The,TIMED_OUT,EXCLUDED,Sentence closed before slot completed.,,,,,,18962000000,1.0,The,1,20422000000,438.0,0,the,,,,1c5d8f40-d717-486f-9bf8-9dd5c0773820,2,The children played outside until the sun set
630ad655-7f78-4d7b-83ca-93c3a9e7efa5,f19a682c-1f9d-4f29-879b-a4516fe31545,1,children,TIMED_OUT,EXCLUDED,Sentence closed before slot completed.,,,,,,19509000000,1.0,children,1,22000000000,1406.0,0,children,,,,1c5d8f40-d717-486f-9bf8-9dd5c0773820,2,The children played outside until the sun set
2dd6db79-183a-45d6-9df4-4460d85b3bbe,f19a682c-1f9d-4f29-879b-a4516fe31545,2,played,COMPLETE,DEGRADED,,18266000000,179.01182174682617,0.0,0.0,1,,,,,23187000000,906.0,0,played,,4921.0,,1c5d8f40-d717-486f-9bf8-9dd5c0773820,2,The children played outside until the sun set
7e3eaa8d-0a1a-41d9-896d-266100db48be,f19a682c-1f9d-4f29-879b-a4516fe31545,3,outside,COMPLETE,HIGH,,18000000000,164.1550064086914,0.0,0.0,0,19994000000,1.0,outside,1,24656000000,1250.0,0,outside,1994.0,6656.0,4662.0,1c5d8f40-d717-486f-9bf8-9dd5c0773820,2,The children played outside until the sun set
6e1a6f73-f6f3-44a3-a786-984275fa9aaa,f19a682c-1f9d-4f29-879b-a4516fe31545,4,until,COMPLETE,HIGH,,19219000000,186.54990196228027,0.0,0.0,0,26150000000,1.0,until,1,28234000000,890.0,0,until,6931.0,9015.0,2084.0,1c5d8f40-d717-486f-9bf8-9dd5c0773820,2,The children played outside until the sun set
414b4b33-0740-4fa9-a898-011348789a61,f19a682c-1f9d-4f29-879b-a4516fe31545,5,the,COMPLETE,HIGH,,22422000000,181.2458038330078,0.0,0.0,0,,,,,28766000000,407.0,0,the,,6344.0,,1c5d8f40-d717-486f-9bf8-9dd5c0773820,2,The children played outside until the sun set
af355987-1657-442e-bd2d-cf1225bfb108,f19a682c-1f9d-4f29-879b-a4516fe31545,6,sun,COMPLETE,HIGH,,25531000000,151.7643928527832,0.0,0.0,0,26681000000,1.0,sun,1,29469000000,547.0,0,sun,1150.0,3938.0,2788.0,1c5d8f40-d717-486f-9bf8-9dd5c0773820,2,The children played outside until the sun set
d43bc478-341f-4bad-9d25-26cc3d57941e,f19a682c-1f9d-4f29-879b-a4516fe31545,7,set,COMPLETE,HIGH,,26250000000,190.2484893798828,0.0,0.0,0,,,,,30203000000,578.0,0,set,,3953.0,,1c5d8f40-d717-486f-9bf8-9dd5c0773820,2,The children played outside until the sun set
1ab74de0-3965-491a-9fe0-4a00355c52e5,917d76ae-ae5c-4ca9-9ccf-05a1ac7477ee,0,Every,TIMED_OUT,EXCLUDED,Sentence closed before slot completed.,,,,,,,,,,,,,,,,,1c5d8f40-d717-486f-9bf8-9dd5c0773820,3,Every morning she read the newspaper before breakfast
fa87eb27-9d04-44fb-be71-908177fffc5d,917d76ae-ae5c-4ca9-9ccf-05a1ac7477ee,1,morning,TIMED_OUT,EXCLUDED,Sentence closed before slot completed.,,,,,,,,,,,,,,,,,1c5d8f40-d717-486f-9bf8-9dd5c0773820,3,Every morning she read the newspaper before breakfast
cc082897-0169-4ede-b0b6-1de36422ed9e,917d76ae-ae5c-4ca9-9ccf-05a1ac7477ee,2,she,TIMED_OUT,EXCLUDED,Sentence closed before slot completed.,,,,,,,,,,,,,,,,,1c5d8f40-d717-486f-9bf8-9dd5c0773820,3,Every morning she read the newspaper before breakfast
d5d5531e-9805-4f35-a903-bd728029c9d0,917d76ae-ae5c-4ca9-9ccf-05a1ac7477ee,3,read,TIMED_OUT,EXCLUDED,Sentence closed before slot completed.,,,,,,,,,,,,,,,,,1c5d8f40-d717-486f-9bf8-9dd5c0773820,3,Every morning she read the newspaper before breakfast
3be8ffd6-80b0-44d3-9ed3-9f573537a6d8,917d76ae-ae5c-4ca9-9ccf-05a1ac7477ee,4,the,TIMED_OUT,DEGRADED,,30906000000,191.88261032104492,0.0,0.0,0,,,,,,,,,,,,1c5d8f40-d717-486f-9bf8-9dd5c0773820,3,Every morning she read the newspaper before breakfast
347e97ff-bb36-48d0-ae00-8226830929ab,917d76ae-ae5c-4ca9-9ccf-05a1ac7477ee,5,newspaper,TIMED_OUT,DEGRADED,,32469000000,152.34804153442383,0.0,0.0,0,,,,,,,,,,,,1c5d8f40-d717-486f-9bf8-9dd5c0773820,3,Every morning she read the newspaper before breakfast
5616e611-78c3-48ea-a167-d4c79b5a6ee4,917d76ae-ae5c-4ca9-9ccf-05a1ac7477ee,6,before,TIMED_OUT,DEGRADED,,33266000000,164.77298736572266,0.0,0.0,0,,,,,,,,,,,,1c5d8f40-d717-486f-9bf8-9dd5c0773820,3,Every morning she read the newspaper before breakfast
a9000526-326c-4e06-ae0c-c513855ba8bd,917d76ae-ae5c-4ca9-9ccf-05a1ac7477ee,7,breakfast,TIMED_OUT,EXCLUDED,Sentence closed before slot completed.,,,,,,,,,,,,,,,,,1c5d8f40-d717-486f-9bf8-9dd5c0773820,3,Every morning she read the newspaper before breakfast
28ff7e68-a0ac-46e6-b326-426cd62c8f7b,185b9b5d-4fa2-4647-95fe-1b0d815289b5,0,The,TIMED_OUT,EXCLUDED,Sentence closed before slot completed.,,,,,,,,,,,,,,,,,1c5d8f40-d717-486f-9bf8-9dd5c0773820,4,The scientist observed that the plants grew faster in sunlight
fe268049-5fe1-4453-8469-44f50b6b31b1,185b9b5d-4fa2-4647-95fe-1b0d815289b5,1,scientist,TIMED_OUT,EXCLUDED,Sentence closed before slot completed.,,,,,,,,,,,,,,,,,1c5d8f40-d717-486f-9bf8-9dd5c0773820,4,The scientist observed that the plants grew faster in sunlight
83af1fda-dffb-46de-b1ec-6dce9eb9eff3,185b9b5d-4fa2-4647-95fe-1b0d815289b5,2,observed,TIMED_OUT,EXCLUDED,Sentence closed before slot completed.,,,,,,,,,,,,,,,,,1c5d8f40-d717-486f-9bf8-9dd5c0773820,4,The scientist observed that the plants grew faster in sunlight
5ef4d693-e857-420e-b998-5de11be6951a,185b9b5d-4fa2-4647-95fe-1b0d815289b5,3,that,TIMED_OUT,EXCLUDED,Sentence closed before slot completed.,,,,,,,,,,,,,,,,,1c5d8f40-d717-486f-9bf8-9dd5c0773820,4,The scientist observed that the plants grew faster in sunlight
9aac3d94-a4e8-4f3c-970d-8c9ef74d248b,185b9b5d-4fa2-4647-95fe-1b0d815289b5,4,the,TIMED_OUT,EXCLUDED,Sentence closed before slot completed.,,,,,,,,,,,,,,,,,1c5d8f40-d717-486f-9bf8-9dd5c0773820,4,The scientist observed that the plants grew faster in sunlight
d560a096-2336-488d-a7c3-eebaaa11d819,185b9b5d-4fa2-4647-95fe-1b0d815289b5,5,plants,TIMED_OUT,DEGRADED,,34219000000,178.358793258667,0.0,0.0,0,,,,,,,,,,,,1c5d8f40-d717-486f-9bf8-9dd5c0773820,4,The scientist observed that the plants grew faster in sunlight
a7865128-2b58-4337-8eb3-68a02289bcd0,185b9b5d-4fa2-4647-95fe-1b0d815289b5,6,grew,TIMED_OUT,EXCLUDED,Sentence closed before slot completed.,,,,,,,,,,,,,,,,,1c5d8f40-d717-486f-9bf8-9dd5c0773820,4,The scientist observed that the plants grew faster in sunlight
547fe5d1-0f92-4e4a-b45b-d8f478103c9a,185b9b5d-4fa2-4647-95fe-1b0d815289b5,7,faster,TIMED_OUT,EXCLUDED,Sentence closed before slot completed.,,,,,,,,,,,,,,,,,1c5d8f40-d717-486f-9bf8-9dd5c0773820,4,The scientist observed that the plants grew faster in sunlight
05d9e6f8-60aa-472d-a6af-cc1f1a077a86,185b9b5d-4fa2-4647-95fe-1b0d815289b5,8,in,TIMED_OUT,EXCLUDED,Sentence closed before slot completed.,,,,,,,,,,,,,,,,,1c5d8f40-d717-486f-9bf8-9dd5c0773820,4,The scientist observed that the plants grew faster in sunlight
d07ec347-f1db-4815-94f4-1a4cf3909ffb,185b9b5d-4fa2-4647-95fe-1b0d815289b5,9,sunlight,TIMED_OUT,EXCLUDED,Sentence closed before slot completed.,,,,,,,,,,,,,,,,,1c5d8f40-d717-486f-9bf8-9dd5c0773820,4,The scientist observed that the plants grew faster in sunlight
d04ff6b3-2504-4973-be6c-1483b0ffb8c0,6b9d2326-c2e7-45ce-87a8-1496e03689e0,0,After,TIMED_OUT,EXCLUDED,Sentence closed before slot completed.,,,,,,,,,,,,,,,,,1c5d8f40-d717-486f-9bf8-9dd5c0773820,5,After the storm the streets were covered with fallen leaves
87378153-f5e4-4864-ad28-dcc6b9c9f37f,6b9d2326-c2e7-45ce-87a8-1496e03689e0,1,the,TIMED_OUT,EXCLUDED,Sentence closed before slot completed.,,,,,,,,,,,,,,,,,1c5d8f40-d717-486f-9bf8-9dd5c0773820,5,After the storm the streets were covered with fallen leaves
4d9bb449-8cb4-4d48-b5f4-6a2c68c4d17e,6b9d2326-c2e7-45ce-87a8-1496e03689e0,2,storm,TIMED_OUT,EXCLUDED,Sentence closed before slot completed.,,,,,,,,,,,,,,,,,1c5d8f40-d717-486f-9bf8-9dd5c0773820,5,After the storm the streets were covered with fallen leaves
10d4ac2e-b99d-4450-8b98-79f2a7541f87,6b9d2326-c2e7-45ce-87a8-1496e03689e0,3,the,TIMED_OUT,EXCLUDED,Sentence closed before slot completed.,,,,,,,,,,,,,,,,,1c5d8f40-d717-486f-9bf8-9dd5c0773820,5,After the storm the streets were covered with fallen leaves
54d26ce0-42e4-40cb-ae22-bd6ae6dad34f,6b9d2326-c2e7-45ce-87a8-1496e03689e0,4,streets,TIMED_OUT,EXCLUDED,Sentence closed before slot completed.,,,,,,,,,,,,,,,,,1c5d8f40-d717-486f-9bf8-9dd5c0773820,5,After the storm the streets were covered with fallen leaves
78987d23-7d2f-4e63-b718-ae93a1ec98c9,6b9d2326-c2e7-45ce-87a8-1496e03689e0,5,were,TIMED_OUT,DEGRADED,,38016000000,190.07635116577148,0.0,0.0,1,,,,,,,,,,,,1c5d8f40-d717-486f-9bf8-9dd5c0773820,5,After the storm the streets were covered with fallen leaves
9b5cfaf1-de63-4378-b5dc-855dfc57422f,6b9d2326-c2e7-45ce-87a8-1496e03689e0,6,covered,TIMED_OUT,DEGRADED,,37719000000,187.1950626373291,0.0,0.0,1,,,,,,,,,,,,1c5d8f40-d717-486f-9bf8-9dd5c0773820,5,After the storm the streets were covered with fallen leaves
485ba3b5-642d-4534-827f-91283e2c0a50,6b9d2326-c2e7-45ce-87a8-1496e03689e0,7,with,TIMED_OUT,DEGRADED,,35281000000,152.0705223083496,0.0,0.0,0,,,,,,,,,,,,1c5d8f40-d717-486f-9bf8-9dd5c0773820,5,After the storm the streets were covered with fallen leaves
79110ea4-6947-48fd-989a-65c24e476137,6b9d2326-c2e7-45ce-87a8-1496e03689e0,8,fallen,TIMED_OUT,DEGRADED,,36953000000,163.90466690063477,0.0,0.0,0,,,,,,,,,,,,1c5d8f40-d717-486f-9bf8-9dd5c0773820,5,After the storm the streets were covered with fallen leaves
dcbe0cae-87d5-4989-9953-59c7d1eed9b2,6b9d2326-c2e7-45ce-87a8-1496e03689e0,9,leaves,TIMED_OUT,EXCLUDED,Sentence closed before slot completed.,,,,,,,,,,,,,,,,,1c5d8f40-d717-486f-9bf8-9dd5c0773820,5,After the storm the streets were covered with fallen leaves
431a7e12-1d00-4857-a13b-db93f4f4dc0e,164df757-18db-41d2-b8f4-6ef8e1bb56b7,0,The,TIMED_OUT,EXCLUDED,Sentence closed before slot completed.,,,,,,,,,,,,,,,,,1c5d8f40-d717-486f-9bf8-9dd5c0773820,6,The museum displayed artifacts from ancient civilizations around the world
789e4366-4456-46b5-98f9-e2bf7612d0e1,164df757-18db-41d2-b8f4-6ef8e1bb56b7,1,museum,TIMED_OUT,EXCLUDED,Sentence closed before slot completed.,,,,,,,,,,,,,,,,,1c5d8f40-d717-486f-9bf8-9dd5c0773820,6,The museum displayed artifacts from ancient civilizations around the world
d2fcc286-0e1f-45da-a7c3-39ed8ec51774,164df757-18db-41d2-b8f4-6ef8e1bb56b7,2,displayed,TIMED_OUT,EXCLUDED,Sentence closed before slot completed.,,,,,,,,,,,,,,,,,1c5d8f40-d717-486f-9bf8-9dd5c0773820,6,The museum displayed artifacts from ancient civilizations around the world
ce47fa94-f7c4-4644-a612-6fcae71df0f7,164df757-18db-41d2-b8f4-6ef8e1bb56b7,3,artifacts,TIMED_OUT,EXCLUDED,Sentence closed before slot completed.,,,,,,,,,,,,,,,,,1c5d8f40-d717-486f-9bf8-9dd5c0773820,6,The museum displayed artifacts from ancient civilizations around the world
e7cb601d-df15-4623-9a4b-56719ecd6752,164df757-18db-41d2-b8f4-6ef8e1bb56b7,4,from,TIMED_OUT,EXCLUDED,Sentence closed before slot completed.,,,,,,,,,,,,,,,,,1c5d8f40-d717-486f-9bf8-9dd5c0773820,6,The museum displayed artifacts from ancient civilizations around the world
6f72e01a-db60-4f60-a570-a050e1bcfcac,164df757-18db-41d2-b8f4-6ef8e1bb56b7,5,ancient,TIMED_OUT,DEGRADED,,38297000000,168.81656646728516,0.0,0.0,0,,,,,,,,,,,,1c5d8f40-d717-486f-9bf8-9dd5c0773820,6,The museum displayed artifacts from ancient civilizations around the world
73736bf3-552b-4de8-80d6-7cd2ba7a5554,164df757-18db-41d2-b8f4-6ef8e1bb56b7,6,civilizations,TIMED_OUT,DEGRADED,,39094000000,180.4947853088379,0.0,0.0,0,,,,,,,,,,,,1c5d8f40-d717-486f-9bf8-9dd5c0773820,6,The museum displayed artifacts from ancient civilizations around the world
d0f865d2-cac8-43c2-ba39-016a680c77e1,164df757-18db-41d2-b8f4-6ef8e1bb56b7,7,around,TIMED_OUT,EXCLUDED,Sentence closed before slot completed.,,,,,,,,,,,,,,,,,1c5d8f40-d717-486f-9bf8-9dd5c0773820,6,The museum displayed artifacts from ancient civilizations around the world
41a4ba92-466a-41ce-920f-94654904cbb8,164df757-18db-41d2-b8f4-6ef8e1bb56b7,8,the,TIMED_OUT,EXCLUDED,Sentence closed before slot completed.,,,,,,,,,,,,,,,,,1c5d8f40-d717-486f-9bf8-9dd5c0773820,6,The museum displayed artifacts from ancient civilizations around the world
a49b69fa-9614-4d5c-b861-3bcf69c42167,164df757-18db-41d2-b8f4-6ef8e1bb56b7,9,world,TIMED_OUT,EXCLUDED,Sentence closed before slot completed.,,,,,,,,,,,,,,,,,1c5d8f40-d717-486f-9bf8-9dd5c0773820,6,The museum displayed artifacts from ancient civilizations around the world
e6b5f4aa-a5dc-4207-9ad6-a9551ece3439,c4ab2f71-fe03-440d-8466-b945d55da5a4,0,During,TIMED_OUT,EXCLUDED,Sentence closed before slot completed.,,,,,,,,,,,,,,,,,1c5d8f40-d717-486f-9bf8-9dd5c0773820,7,During the summer holidays they traveled to several different countries
3acca15a-2b78-422c-beef-444b44f381c0,c4ab2f71-fe03-440d-8466-b945d55da5a4,1,the,TIMED_OUT,EXCLUDED,Sentence closed before slot completed.,,,,,,,,,,,,,,,,,1c5d8f40-d717-486f-9bf8-9dd5c0773820,7,During the summer holidays they traveled to several different countries
b53703f6-1555-4a97-b764-a7da3c228ccb,c4ab2f71-fe03-440d-8466-b945d55da5a4,2,summer,TIMED_OUT,EXCLUDED,Sentence closed before slot completed.,,,,,,,,,,,,,,,,,1c5d8f40-d717-486f-9bf8-9dd5c0773820,7,During the summer holidays they traveled to several different countries
70ce10e3-e4aa-4737-a642-3d210dc0dc44,c4ab2f71-fe03-440d-8466-b945d55da5a4,3,holidays,TIMED_OUT,EXCLUDED,Sentence closed before slot completed.,,,,,,,,,,,,,,,,,1c5d8f40-d717-486f-9bf8-9dd5c0773820,7,During the summer holidays they traveled to several different countries
a159f0ae-760c-4725-b8f1-6dbf38bc2331,c4ab2f71-fe03-440d-8466-b945d55da5a4,4,they,TIMED_OUT,EXCLUDED,Sentence closed before slot completed.,,,,,,,,,,,,,,,,,1c5d8f40-d717-486f-9bf8-9dd5c0773820,7,During the summer holidays they traveled to several different countries
443c2945-7e9e-4bec-9018-ddc9f112acfb,c4ab2f71-fe03-440d-8466-b945d55da5a4,5,traveled,TIMED_OUT,DEGRADED,,39547000000,150.73609352111816,0.0,0.0,0,,,,,,,,,,,,1c5d8f40-d717-486f-9bf8-9dd5c0773820,7,During the summer holidays they traveled to several different countries
19eb1489-3950-42e3-93a5-136fec4dae57,c4ab2f71-fe03-440d-8466-b945d55da5a4,6,to,TIMED_OUT,DEGRADED,,39891000000,181.7772388458252,0.0,0.0,0,,,,,,,,,,,,1c5d8f40-d717-486f-9bf8-9dd5c0773820,7,During the summer holidays they traveled to several different countries
fd74e6af-fb11-4710-b441-83c3ec321183,c4ab2f71-fe03-440d-8466-b945d55da5a4,7,several,TIMED_OUT,EXCLUDED,Sentence closed before slot completed.,,,,,,,,,,,,,,,,,1c5d8f40-d717-486f-9bf8-9dd5c0773820,7,During the summer holidays they traveled to several different countries
4fd966f5-69d0-45e5-8812-383bbf0b10ff,c4ab2f71-fe03-440d-8466-b945d55da5a4,8,different,TIMED_OUT,EXCLUDED,Sentence closed before slot completed.,,,,,,,,,,,,,,,,,1c5d8f40-d717-486f-9bf8-9dd5c0773820,7,During the summer holidays they traveled to several different countries
accb25e3-e0ed-49d0-b63a-def3c0ddcf32,c4ab2f71-fe03-440d-8466-b945d55da5a4,9,countries,TIMED_OUT,EXCLUDED,Sentence closed before slot completed.,,,,,,,,,,,,,,,,,1c5d8f40-d717-486f-9bf8-9dd5c0773820,7,During the summer holidays they traveled to several different countries
2c2e3a5b-cd83-49bc-a120-b2bf1979b752,82bd1ade-de62-43d9-964f-bb1327a29e61,0,The,TIMED_OUT,EXCLUDED,Sentence closed before slot completed.,,,,,,,,,,,,,,,,,1c5d8f40-d717-486f-9bf8-9dd5c0773820,8,The engineer carefully examined the bridge structure before approving the design
e73de19e-8f6d-410d-9049-7c48ff23218c,82bd1ade-de62-43d9-964f-bb1327a29e61,1,engineer,TIMED_OUT,EXCLUDED,Sentence closed before slot completed.,,,,,,,,,,,,,,,,,1c5d8f40-d717-486f-9bf8-9dd5c0773820,8,The engineer carefully examined the bridge structure before approving the design
aa334f58-69c9-468e-998d-f6b8c2debd4a,82bd1ade-de62-43d9-964f-bb1327a29e61,2,carefully,TIMED_OUT,EXCLUDED,Sentence closed before slot completed.,,,,,,,,,,,,,,,,,1c5d8f40-d717-486f-9bf8-9dd5c0773820,8,The engineer carefully examined the bridge structure before approving the design
d00c93aa-e3a4-4d79-a694-edf1e1449dbc,82bd1ade-de62-43d9-964f-bb1327a29e61,3,examined,TIMED_OUT,EXCLUDED,Sentence closed before slot completed.,,,,,,,,,,,,,,,,,1c5d8f40-d717-486f-9bf8-9dd5c0773820,8,The engineer carefully examined the bridge structure before approving the design
2c3a7f3c-e087-4dd9-a979-ecbd1915dd4a,82bd1ade-de62-43d9-964f-bb1327a29e61,4,the,TIMED_OUT,EXCLUDED,Sentence closed before slot completed.,,,,,,,,,,,,,,,,,1c5d8f40-d717-486f-9bf8-9dd5c0773820,8,The engineer carefully examined the bridge structure before approving the design
f2977160-a393-4606-99e6-6488471f3ad7,82bd1ade-de62-43d9-964f-bb1327a29e61,5,bridge,TIMED_OUT,EXCLUDED,Sentence closed before slot completed.,,,,,,,,,,,,,,,,,1c5d8f40-d717-486f-9bf8-9dd5c0773820,8,The engineer carefully examined the bridge structure before approving the design
79525f0f-e560-422b-b8b4-6725d055506d,82bd1ade-de62-43d9-964f-bb1327a29e61,6,structure,TIMED_OUT,EXCLUDED,Sentence closed before slot completed.,,,,,,,,,,,,,,,,,1c5d8f40-d717-486f-9bf8-9dd5c0773820,8,The engineer carefully examined the bridge structure before approving the design
c36bfc5f-99b2-4c62-9d6a-9ce291b09a9c,82bd1ade-de62-43d9-964f-bb1327a29e61,7,before,TIMED_OUT,DEGRADED,,40531000000,160.51673889160156,0.0,0.0,0,,,,,,,,,,,,1c5d8f40-d717-486f-9bf8-9dd5c0773820,8,The engineer carefully examined the bridge structure before approving the design
ea25db12-983b-4cf5-8c28-8ad243d0508a,82bd1ade-de62-43d9-964f-bb1327a29e61,8,approving,TIMED_OUT,EXCLUDED,Sentence closed before slot completed.,,,,,,,,,,,,,,,,,1c5d8f40-d717-486f-9bf8-9dd5c0773820,8,The engineer carefully examined the bridge structure before approving the design
cfa5e64f-1eac-4612-a46c-b142fa0ded9c,82bd1ade-de62-43d9-964f-bb1327a29e61,9,the,TIMED_OUT,EXCLUDED,Sentence closed before slot completed.,,,,,,,,,,,,,,,,,1c5d8f40-d717-486f-9bf8-9dd5c0773820,8,The engineer carefully examined the bridge structure before approving the design
7d5cae77-f3b8-48ec-8c24-95dce4c6afae,82bd1ade-de62-43d9-964f-bb1327a29e61,10,design,TIMED_OUT,EXCLUDED,Sentence closed before slot completed.,,,,,,,,,,,,,,,,,1c5d8f40-d717-486f-9bf8-9dd5c0773820,8,The engineer carefully examined the bridge structure before approving the design
7c7c664f-52cf-4a79-b5b0-21ea791ab895,76c2ca88-c87f-46c8-ab3c-a5d2973c8366,0,She,TIMED_OUT,EXCLUDED,Sentence closed before slot completed.,,,,,,,,,,,,,,,,,1c5d8f40-d717-486f-9bf8-9dd5c0773820,9,She discovered that consistent practice significantly improved her reading speed
007b32a0-866f-4d25-91bc-56e8bf542646,76c2ca88-c87f-46c8-ab3c-a5d2973c8366,1,discovered,TIMED_OUT,EXCLUDED,Sentence closed before slot completed.,,,,,,,,,,,,,,,,,1c5d8f40-d717-486f-9bf8-9dd5c0773820,9,She discovered that consistent practice significantly improved her reading speed
41029f61-f7d8-493c-8688-18e2c77d6b57,76c2ca88-c87f-46c8-ab3c-a5d2973c8366,2,that,TIMED_OUT,EXCLUDED,Sentence closed before slot completed.,,,,,,,,,,,,,,,,,1c5d8f40-d717-486f-9bf8-9dd5c0773820,9,She discovered that consistent practice significantly improved her reading speed
05a700d6-6edc-43ee-821e-7e9868f8e48d,76c2ca88-c87f-46c8-ab3c-a5d2973c8366,3,consistent,TIMED_OUT,EXCLUDED,Sentence closed before slot completed.,,,,,,,,,,,,,,,,,1c5d8f40-d717-486f-9bf8-9dd5c0773820,9,She discovered that consistent practice significantly improved her reading speed
67cba301-7467-457c-aee4-24b637efb942,76c2ca88-c87f-46c8-ab3c-a5d2973c8366,4,practice,TIMED_OUT,EXCLUDED,Sentence closed before slot completed.,,,,,,,,,,,,,,,,,1c5d8f40-d717-486f-9bf8-9dd5c0773820,9,She discovered that consistent practice significantly improved her reading speed
9d499efb-6f0d-4d27-a7f3-edb7a4fd9788,76c2ca88-c87f-46c8-ab3c-a5d2973c8366,5,significantly,TIMED_OUT,EXCLUDED,Sentence closed before slot completed.,,,,,,,,,,,,,,,,,1c5d8f40-d717-486f-9bf8-9dd5c0773820,9,She discovered that consistent practice significantly improved her reading speed
be906f53-a4f6-4642-a50c-0a29108bc4a4,76c2ca88-c87f-46c8-ab3c-a5d2973c8366,6,improved,TIMED_OUT,DEGRADED,,41328000000,158.5838794708252,0.0,0.0,0,,,,,,,,,,,,1c5d8f40-d717-486f-9bf8-9dd5c0773820,9,She discovered that consistent practice significantly improved her reading speed
2a242a93-0835-41e8-8b21-74b2849d0e8c,76c2ca88-c87f-46c8-ab3c-a5d2973c8366,7,her,TIMED_OUT,EXCLUDED,Sentence closed before slot completed.,,,,,,,,,,,,,,,,,1c5d8f40-d717-486f-9bf8-9dd5c0773820,9,She discovered that consistent practice significantly improved her reading speed
fff4629f-a83a-4f52-b3bb-be56988ccc5b,76c2ca88-c87f-46c8-ab3c-a5d2973c8366,8,reading,TIMED_OUT,EXCLUDED,Sentence closed before slot completed.,,,,,,,,,,,,,,,,,1c5d8f40-d717-486f-9bf8-9dd5c0773820,9,She discovered that consistent practice significantly improved her reading speed
660b8f0b-8f1c-4d18-9505-afa2fe4ebb65,76c2ca88-c87f-46c8-ab3c-a5d2973c8366,9,speed,TIMED_OUT,EXCLUDED,Sentence closed before slot completed.,,,,,,,,,,,,,,,,,1c5d8f40-d717-486f-9bf8-9dd5c0773820,9,She discovered that consistent practice significantly improved her reading speed
58e4d719-97b4-4978-9117-1a1c5433dfb1,637ff32e-6de2-4bc7-b25d-e070214ff105,0,The,TIMED_OUT,EXCLUDED,Sentence closed before slot completed.,,,,,,,,,,,,,,,,,1c5d8f40-d717-486f-9bf8-9dd5c0773820,10,The local government proposed constructing a new library in the town center
50e9d001-6bbb-47ec-890d-ca9dcb6f412a,637ff32e-6de2-4bc7-b25d-e070214ff105,1,local,TIMED_OUT,EXCLUDED,Sentence closed before slot completed.,,,,,,,,,,,,,,,,,1c5d8f40-d717-486f-9bf8-9dd5c0773820,10,The local government proposed constructing a new library in the town center
e9f31c00-5e43-41f6-a255-5bf42a6158d6,637ff32e-6de2-4bc7-b25d-e070214ff105,2,government,TIMED_OUT,EXCLUDED,Sentence closed before slot completed.,,,,,,,,,,,,,,,,,1c5d8f40-d717-486f-9bf8-9dd5c0773820,10,The local government proposed constructing a new library in the town center
c23bc282-9cfd-4515-bfec-f51c8616442c,637ff32e-6de2-4bc7-b25d-e070214ff105,3,proposed,TIMED_OUT,EXCLUDED,Sentence closed before slot completed.,,,,,,,,,,,,,,,,,1c5d8f40-d717-486f-9bf8-9dd5c0773820,10,The local government proposed constructing a new library in the town center
b3eb2668-0176-45f5-a495-517e4096511c,637ff32e-6de2-4bc7-b25d-e070214ff105,4,constructing,TIMED_OUT,EXCLUDED,Sentence closed before slot completed.,,,,,,,,,,,,,,,,,1c5d8f40-d717-486f-9bf8-9dd5c0773820,10,The local government proposed constructing a new library in the town center
662aaf9a-fd60-4c51-89c5-5ded3319f118,637ff32e-6de2-4bc7-b25d-e070214ff105,5,a,TIMED_OUT,EXCLUDED,Sentence closed before slot completed.,,,,,,,,,,,,,,,,,1c5d8f40-d717-486f-9bf8-9dd5c0773820,10,The local government proposed constructing a new library in the town center
d0eb4553-9173-41a5-a008-a6f445f70053,637ff32e-6de2-4bc7-b25d-e070214ff105,6,new,TIMED_OUT,EXCLUDED,Sentence closed before slot completed.,,,,,,,,,,,,,,,,,1c5d8f40-d717-486f-9bf8-9dd5c0773820,10,The local government proposed constructing a new library in the town center
e0d4028f-7e94-436c-8d83-09e68c3da0d7,637ff32e-6de2-4bc7-b25d-e070214ff105,7,library,TIMED_OUT,EXCLUDED,Sentence closed before slot completed.,,,,,,,,,,,,,,,,,1c5d8f40-d717-486f-9bf8-9dd5c0773820,10,The local government proposed constructing a new library in the town center
2e8e9de3-fbdb-414d-ac29-4aaef02f2551,637ff32e-6de2-4bc7-b25d-e070214ff105,8,in,TIMED_OUT,DEGRADED,,42047000000,160.04300117492676,0.0,0.0,0,,,,,,,,,,,,1c5d8f40-d717-486f-9bf8-9dd5c0773820,10,The local government proposed constructing a new library in the town center
fca9eb8c-3706-474c-8109-6a1ef9ec682b,637ff32e-6de2-4bc7-b25d-e070214ff105,9,the,TIMED_OUT,EXCLUDED,Sentence closed before slot completed.,,,,,,,,,,,,,,,,,1c5d8f40-d717-486f-9bf8-9dd5c0773820,10,The local government proposed constructing a new library in the town center
674da8dc-674a-4d06-a1eb-d1c44aecabf8,637ff32e-6de2-4bc7-b25d-e070214ff105,10,town,TIMED_OUT,EXCLUDED,Sentence closed before slot completed.,,,,,,,,,,,,,,,,,1c5d8f40-d717-486f-9bf8-9dd5c0773820,10,The local government proposed constructing a new library in the town center
462082e8-a63a-4f41-9cde-3129f95197a3,637ff32e-6de2-4bc7-b25d-e070214ff105,11,center,TIMED_OUT,EXCLUDED,Sentence closed before slot completed.,,,,,,,,,,,,,,,,,1c5d8f40-d717-486f-9bf8-9dd5c0773820,10,The local government proposed constructing a new library in the town center
ea4ad856-4ea4-44b6-9567-271a5709875a,70e34a79-208d-40ad-bcf9-bb96c7657549,0,Research,TIMED_OUT,EXCLUDED,Sentence closed before slot completed.,,,,,,,,,,,,,,,,,1c5d8f40-d717-486f-9bf8-9dd5c0773820,11,Research has demonstrated that bilingual children often develop stronger cognitive flexibility
6b359495-d3d5-4af0-bb12-af03bc33f3a2,70e34a79-208d-40ad-bcf9-bb96c7657549,1,has,TIMED_OUT,EXCLUDED,Sentence closed before slot completed.,,,,,,,,,,,,,,,,,1c5d8f40-d717-486f-9bf8-9dd5c0773820,11,Research has demonstrated that bilingual children often develop stronger cognitive flexibility
173dcf11-981f-468e-bd85-f7e2b67c9310,70e34a79-208d-40ad-bcf9-bb96c7657549,2,demonstrated,TIMED_OUT,EXCLUDED,Sentence closed before slot completed.,,,,,,,,,,,,,,,,,1c5d8f40-d717-486f-9bf8-9dd5c0773820,11,Research has demonstrated that bilingual children often develop stronger cognitive flexibility
c84c0ac7-d6d3-4f7a-bb1d-caf48cf21622,70e34a79-208d-40ad-bcf9-bb96c7657549,3,that,TIMED_OUT,EXCLUDED,Sentence closed before slot completed.,,,,,,,,,,,,,,,,,1c5d8f40-d717-486f-9bf8-9dd5c0773820,11,Research has demonstrated that bilingual children often develop stronger cognitive flexibility
7b224490-16f0-4570-b837-66866f1897d3,70e34a79-208d-40ad-bcf9-bb96c7657549,4,bilingual,TIMED_OUT,EXCLUDED,Sentence closed before slot completed.,,,,,,,,,,,,,,,,,1c5d8f40-d717-486f-9bf8-9dd5c0773820,11,Research has demonstrated that bilingual children often develop stronger cognitive flexibility
26a08460-bfe0-43e6-a88f-06ab4bd6e466,70e34a79-208d-40ad-bcf9-bb96c7657549,5,children,TIMED_OUT,EXCLUDED,Sentence closed before slot completed.,,,,,,,,,,,,,,,,,1c5d8f40-d717-486f-9bf8-9dd5c0773820,11,Research has demonstrated that bilingual children often develop stronger cognitive flexibility
32a6526e-0a46-4e7e-a533-f9cabe1d709a,70e34a79-208d-40ad-bcf9-bb96c7657549,6,often,TIMED_OUT,EXCLUDED,Sentence closed before slot completed.,,,,,,,,,,,,,,,,,1c5d8f40-d717-486f-9bf8-9dd5c0773820,11,Research has demonstrated that bilingual children often develop stronger cognitive flexibility
357d1c3b-5b98-4934-8f2c-01cffe30b5da,70e34a79-208d-40ad-bcf9-bb96c7657549,7,develop,TIMED_OUT,DEGRADED,,42750000000,176.09882354736328,0.0,0.0,0,,,,,,,,,,,,1c5d8f40-d717-486f-9bf8-9dd5c0773820,11,Research has demonstrated that bilingual children often develop stronger cognitive flexibility
0682b95d-6e5e-4a99-858a-c5b6735f3ec1,70e34a79-208d-40ad-bcf9-bb96c7657549,8,stronger,TIMED_OUT,DEGRADED,,43219000000,167.53339767456055,0.0,0.0,0,,,,,,,,,,,,1c5d8f40-d717-486f-9bf8-9dd5c0773820,11,Research has demonstrated that bilingual children often develop stronger cognitive flexibility
4cef704b-111e-478c-afd3-351a562893a8,70e34a79-208d-40ad-bcf9-bb96c7657549,9,cognitive,TIMED_OUT,EXCLUDED,Sentence closed before slot completed.,,,,,,,,,,,,,,,,,1c5d8f40-d717-486f-9bf8-9dd5c0773820,11,Research has demonstrated that bilingual children often develop stronger cognitive flexibility
262228c6-4438-4da2-83ad-bc57b98b7ebb,70e34a79-208d-40ad-bcf9-bb96c7657549,10,flexibility,TIMED_OUT,EXCLUDED,Sentence closed before slot completed.,,,,,,,,,,,,,,,,,1c5d8f40-d717-486f-9bf8-9dd5c0773820,11,Research has demonstrated that bilingual children often develop stronger cognitive flexibility
4055768b-91d5-4e84-abc2-20862a257ce5,6ddf48c7-d8c5-4a7c-b053-3b952556bd57,0,The,COMPLETE,HIGH,,1772087251908071424,157.3035717010498,0.0,0.0,0,1772087253715450624,1.0,The,1,4469000000,344.0,0,the,1807.3792,-1772087247439.0715,-1772087249246.4507,233274b3-1319-402f-8658-f6b6c4807c33,0,The cat sat on the mat
82167bb8-de8a-4ecd-af02-f9158275e369,6ddf48c7-d8c5-4a7c-b053-3b952556bd57,1,cat,COMPLETE,HIGH,,1772087253557247744,177.91461944580078,0.0,0.0,0,1772087254155021056,1.0,cat,1,5375000000,391.0,0,cat,597.773312,-1772087248182.2476,-1772087248780.021,233274b3-1319-402f-8658-f6b6c4807c33,0,The cat sat on the mat
fc042da0-e6c1-4c42-9dcf-431906028be0,6ddf48c7-d8c5-4a7c-b053-3b952556bd57,2,sat,COMPLETE,HIGH,,1772087255035397888,177.80160903930664,0.0,0.0,0,1772087254435388672,1.0,sat,1,6016000000,438.0,0,sat,-600.009216,-1772087249019.398,-1772087248419.3887,233274b3-1319-402f-8658-f6b6c4807c33,0,The cat sat on the mat
077f6acd-34d5-4b97-bdb4-46b6ed63efbc,6ddf48c7-d8c5-4a7c-b053-3b952556bd57,3,on,COMPLETE,HIGH,,1772087254018368512,158.53452682495117,0.0,0.0,0,1772087254676764416,1.0,on,1,7125000000,875.0,0,on,658.395904,-1772087246893.3687,-1772087247551.7644,233274b3-1319-402f-8658-f6b6c4807c33,0,The cat sat on the mat
f34e0ed0-050c-4359-aa8d-f83591c24e7d,6ddf48c7-d8c5-4a7c-b053-3b952556bd57,4,the,COMPLETE,HIGH,,1772087254233210112,174.17144775390625,0.0,0.0,0,,,,,7781000000,328.0,0,the,,-1772087246452.2102,,233274b3-1319-402f-8658-f6b6c4807c33,0,The cat sat on the mat
d692db16-af62-4c30-8d93-626572ad7ef1,6ddf48c7-d8c5-4a7c-b053-3b952556bd57,5,mat,COMPLETE,HIGH,,1772087254468638720,188.37761878967285,0.0,0.0,0,,,,,10922000000,2969.0,1,mat,,-1772087243546.639,,233274b3-1319-402f-8658-f6b6c4807c33,0,The cat sat on the mat
61e3d424-294d-48db-a4c3-10f0cd0e1a5b,b4db0926-90ba-46e5-95da-90cb40223ef4,0,She,COMPLETE,HIGH,,1772087276776193536,159.0890884399414,0.0,0.0,0,,,,,29344000000,391.0,0,she,,-1772087247432.1936,,233274b3-1319-402f-8658-f6b6c4807c33,1,She walked quickly to the store
84f3cdc9-efd2-449f-8e37-4b1827414350,b4db0926-90ba-46e5-95da-90cb40223ef4,1,walked,COMPLETE,HIGH,,1772087296096971264,180.55462837219238,0.0,0.0,0,,,,,31172000000,1219.0,0,walked,,-1772087264924.9712,,233274b3-1319-402f-8658-f6b6c4807c33,1,She walked quickly to the store
9bd71111-1c01-4e79-8f73-a7dd53eaf531,b4db0926-90ba-46e5-95da-90cb40223ef4,2,quickly,TIMED_OUT,EXCLUDED,Sentence closed before slot completed.,,,,,,,,,,46328000000,13891.0,1,quickly,,,,233274b3-1319-402f-8658-f6b6c4807c33,1,She walked quickly to the store
e53d63e3-c905-4c15-ac00-3138a047ca80,b4db0926-90ba-46e5-95da-90cb40223ef4,3,to,TIMED_OUT,EXCLUDED,Sentence closed before slot completed.,,,,,,,,,,53797000000,6016.0,1,t,,,,233274b3-1319-402f-8658-f6b6c4807c33,1,She walked quickly to the store
97e90edb-5f8f-4cee-abb8-56f3a5f4848b,b4db0926-90ba-46e5-95da-90cb40223ef4,4,the,TIMED_OUT,EXCLUDED,Sentence closed before slot completed.,,,,,,1772087279221339136,1.0,the,1,54937000000,765.0,0,the,,,,233274b3-1319-402f-8658-f6b6c4807c33,1,She walked quickly to the store
e9999d19-0d28-49f7-88d1-8b2d426e55ed,b4db0926-90ba-46e5-95da-90cb40223ef4,5,store,COMPLETE,HIGH,,1772087279321339136,164.16645050048828,0.0,0.0,0,,,,,58672000000,3047.0,0,stor,,-1772087220649.339,,233274b3-1319-402f-8658-f6b6c4807c33,1,She walked quickly to the store
6bba07af-52e3-40d2-82ad-634ad1079f8c,eaa6fc9b-1126-46a8-896f-b708e0827e6c,0,The,COMPLETE,HIGH,,1772099077966998528,190.9170150756836,0.0,0.0,0,1772099078914309888,1.0,The,1,3843000000,422.0,0,the,947.31136,-1772099074123.9985,-1772099075071.3098,235050a8-6c14-43b6-8098-4609d6206104,0,The cat sat on the mat
cfdb8077-a3f5-408d-9ae6-13a968295507,eaa6fc9b-1126-46a8-896f-b708e0827e6c,1,cat,COMPLETE,HIGH,,1772099078516990208,162.69373893737793,0.0,0.0,0,1772099079388719872,1.0,cat,1,4578000000,297.0,0,cat,871.729664,-1772099073938.99,-1772099074810.7197,235050a8-6c14-43b6-8098-4609d6206104,0,The cat sat on the mat
29907c5f-59cd-440e-b99a-2a1dd97a9934,eaa6fc9b-1126-46a8-896f-b708e0827e6c,2,sat,COMPLETE,HIGH,,1772099078828220928,165.9224033355713,0.0,0.0,0,1772099079646463744,1.0,sat,1,5125000000,422.0,0,sat,818.242816,-1772099073703.221,-1772099074521.4639,235050a8-6c14-43b6-8098-4609d6206104,0,The cat sat on the mat
04ae5582-18e5-4b96-9b32-64bb69b326a6,eaa6fc9b-1126-46a8-896f-b708e0827e6c,3,on,COMPLETE,HIGH,,1772099080864129024,165.46034812927246,0.0,0.0,0,1772099079646463744,1.0,on,1,5765000000,359.0,0,on,-1217.66528,-1772099075099.1292,-1772099073881.4639,235050a8-6c14-43b6-8098-4609d6206104,0,The cat sat on the mat
5662d547-298d-4503-a100-bbefe5180cc8,eaa6fc9b-1126-46a8-896f-b708e0827e6c,4,the,COMPLETE,HIGH,,1772099082924041216,178.2214641571045,0.0,0.0,0,,,,,8656000000,2578.0,0,themat,,-1772099074268.0413,,235050a8-6c14-43b6-8098-4609d6206104,0,The cat sat on the mat
852551a0-0a36-4c9f-aa33-9e5ec978201a,eaa6fc9b-1126-46a8-896f-b708e0827e6c,5,mat,TIMED_OUT,DEGRADED,,1772099080012165120,168.72882843017578,0.0,0.0,0,,,,,,,,,,,,235050a8-6c14-43b6-8098-4609d6206104,0,The cat sat on the mat
97eb2ad2-e7c0-4c2d-a325-47c109bf785d,4a516a7e-b2d4-4d5a-96cf-52f580fe02e2,0,She,TIMED_OUT,EXCLUDED,Sentence closed before slot completed.,,,,,,1772099088973948416,1.0,She,1,14859000000,2172.0,1,she,,,,235050a8-6c14-43b6-8098-4609d6206104,1,She walked quickly to the store
77a8fdea-2bd1-45cd-b149-a7ec4d35861d,4a516a7e-b2d4-4d5a-96cf-52f580fe02e2,1,walked,COMPLETE,HIGH,,1772099087145318400,150.864839553833,0.0,0.0,0,,,,,16765000000,906.0,0,walked,,-1772099070380.3184,,235050a8-6c14-43b6-8098-4609d6206104,1,She walked quickly to the store
0449d4fb-2176-4c06-acb1-b3ccf673ccdb,4a516a7e-b2d4-4d5a-96cf-52f580fe02e2,2,quickly,COMPLETE,HIGH,,1772099087501852160,209.91849899291992,0.0,0.0,0,,,,,19468000000,2218.0,1,quickly,,-1772099068033.852,,235050a8-6c14-43b6-8098-4609d6206104,1,She walked quickly to the store
d18a0aa8-eb09-4bd1-ab0f-65c37eda042f,4a516a7e-b2d4-4d5a-96cf-52f580fe02e2,3,to,COMPLETE,HIGH,,1772099090525885184,190.30308723449707,0.0,0.0,0,1772099089623893248,1.0,to,1,20593000000,265.0,0,to,-901.991936,-1772099069932.8853,-1772099069030.8933,235050a8-6c14-43b6-8098-4609d6206104,1,She walked quickly to the store
c9e6408b-d1be-4680-b0b4-934cf32789d1,4a516a7e-b2d4-4d5a-96cf-52f580fe02e2,4,the,COMPLETE,HIGH,,1772099088837339136,156.79025650024414,0.0,0.0,0,1772099089623893248,1.0,the,1,21125000000,454.0,0,the,786.554112,-1772099067712.339,-1772099068498.8933,235050a8-6c14-43b6-8098-4609d6206104,1,She walked quickly to the store
14eafadb-1940-4d34-b69e-db6e21dfdd82,4a516a7e-b2d4-4d5a-96cf-52f580fe02e2,5,store,COMPLETE,HIGH,,1772099086548559616,183.19106101989746,0.0,0.0,0,,,,,23359000000,2047.0,0,store,,-1772099063189.5596,,235050a8-6c14-43b6-8098-4609d6206104,1,She walked quickly to the store
d85f6122-03a0-4b42-b6b8-a1e828edc475,fea4f555-7847-45b8-a355-886ece51a7be,0,The,TIMED_OUT,EXCLUDED,Sentence closed before slot completed.,,,,,,,,,,28859000000,375.0,0,the,,,,235050a8-6c14-43b6-8098-4609d6206104,2,The children played outside until the sun set
10910d0c-7b50-48d7-83ad-2e7d37d2389e,fea4f555-7847-45b8-a355-886ece51a7be,1,children,TIMED_OUT,EXCLUDED,Sentence closed before slot completed.,,,,,,,,,,30515000000,1500.0,0,children,,,,235050a8-6c14-43b6-8098-4609d6206104,2,The children played outside until the sun set
719c57b3-0668-426e-86f8-86eae0ab2d0f,fea4f555-7847-45b8-a355-886ece51a7be,2,played,COMPLETE,HIGH,,1772099102738170112,152.74453163146973,0.0,0.0,0,,,,,31531000000,813.0,0,played,,-1772099071207.1702,,235050a8-6c14-43b6-8098-4609d6206104,2,The children played outside until the sun set
47b8497f-5eb0-4d02-86a2-88bf715476eb,fea4f555-7847-45b8-a355-886ece51a7be,3,outside,COMPLETE,HIGH,,1772099103086512640,167.7265167236328,0.0,0.0,0,,,,,32828000000,1125.0,0,outsite,,-1772099070258.5127,,235050a8-6c14-43b6-8098-4609d6206104,2,The children played outside until the sun set
f77f7928-3599-4f47-8789-faa79883cc54,fea4f555-7847-45b8-a355-886ece51a7be,4,until,COMPLETE,HIGH,,1772099103507974144,186.17725372314453,0.0,0.0,0,,,,,33890000000,812.0,0,until,,-1772099069617.9744,,235050a8-6c14-43b6-8098-4609d6206104,2,The children played outside until the sun set
95e30f6d-d903-4ab3-8b49-f1801b38aa56,fea4f555-7847-45b8-a355-886ece51a7be,5,the,COMPLETE,HIGH,,1772099104170373888,161.64588928222656,0.0,0.0,0,,,,,34546000000,375.0,0,teh,,-1772099069624.3738,,235050a8-6c14-43b6-8098-4609d6206104,2,The children played outside until the sun set
bcf363c7-4651-4429-a813-2aefe9835a4d,fea4f555-7847-45b8-a355-886ece51a7be,6,sun,COMPLETE,HIGH,,1772099108539531520,150.59518814086914,0.0,0.0,0,,,,,35125000000,454.0,0,sun,,-1772099073414.5315,,235050a8-6c14-43b6-8098-4609d6206104,2,The children played outside until the sun set
e7d8d9d8-6ab1-4411-a061-60a193887aa0,fea4f555-7847-45b8-a355-886ece51a7be,7,set,COMPLETE,HIGH,,1772099104610157312,204.05840873718262,0.0,0.0,0,,,,,36343000000,1140.0,0,set,,-1772099068267.1572,,235050a8-6c14-43b6-8098-4609d6206104,2,The children played outside until the sun set
c14e85d3-2626-46d7-9433-319bce8ed947,955eb393-1b1d-45bd-901c-0367d7552a47,0,Every,TIMED_OUT,EXCLUDED,Sentence closed before slot completed.,,,,,,1772099116043332096,1.0,Every,1,42421000000,765.0,0,every,,,,235050a8-6c14-43b6-8098-4609d6206104,3,Every morning she read the newspaper before breakfast
33b54aed-0b49-4fe0-b339-cdd09e6caff4,955eb393-1b1d-45bd-901c-0367d7552a47,1,morning,TIMED_OUT,EXCLUDED,Sentence closed before slot completed.,,,,,,1772099116254121728,1.0,morning,1,43812000000,937.0,0,morning,,,,235050a8-6c14-43b6-8098-4609d6206104,3,Every morning she read the newspaper before breakfast
e4c78aea-27d6-4e50-9a49-d5b33e77ae2a,955eb393-1b1d-45bd-901c-0367d7552a47,2,she,COMPLETE,HIGH,,1772099114640570112,153.52797508239746,0.0,0.0,0,,,,,44390000000,390.0,0,she,,-1772099070250.5703,,235050a8-6c14-43b6-8098-4609d6206104,3,Every morning she read the newspaper before breakfast
b6961b52-5c9a-4d7e-87b7-854a4e2b007e,955eb393-1b1d-45bd-901c-0367d7552a47,3,read,COMPLETE,HIGH,,1772099114924151808,180.15646934509277,0.0,0.0,0,,,,,45265000000,687.0,0,read,,-1772099069659.1519,,235050a8-6c14-43b6-8098-4609d6206104,3,Every morning she read the newspaper before breakfast
48d65998-a1a7-4cae-afdb-a4d53742256a,955eb393-1b1d-45bd-901c-0367d7552a47,4,the,COMPLETE,HIGH,,1772099116268054784,191.49303436279297,0.0,0.0,0,1772099117340598784,1.0,the,1,45859000000,359.0,0,the,1072.544,-1772099070409.0547,-1772099071481.5986,235050a8-6c14-43b6-8098-4609d6206104,3,Every morning she read the newspaper before breakfast
0668f0a4-f6b3-4e6b-afda-5aeeccbc50d3,955eb393-1b1d-45bd-901c-0367d7552a47,5,newspaper,COMPLETE,HIGH,,1772099116505940736,200.3462314605713,0.0,0.0,0,1772099117340598784,0.6153846153846154,newspaper,0.6153846153846154,47828000000,1782.0,0,newspaper,834.658048,-1772099068677.9407,-1772099069512.5989,235050a8-6c14-43b6-8098-4609d6206104,3,Every morning she read the newspaper before breakfast
9f9b2f96-652e-4080-be6b-e97ce0dd8598,955eb393-1b1d-45bd-901c-0367d7552a47,6,before,COMPLETE,HIGH,,1772099118408249088,192.0912265777588,0.0,0.0,0,1772099118028010240,1.0,before,1,49578000000,1547.0,1,before,-380.238848,-1772099068830.249,-1772099068450.01,235050a8-6c14-43b6-8098-4609d6206104,3,Every morning she read the newspaper before breakfast
341573b9-f8dd-4b65-bc52-357f964851a3,955eb393-1b1d-45bd-901c-0367d7552a47,7,breakfast,COMPLETE,HIGH,,1772099116784082944,155.7748317718506,0.0,0.0,0,,,,,52937000000,3156.0,0,breakfast,,-1772099063847.083,,235050a8-6c14-43b6-8098-4609d6206104,3,Every morning she read the newspaper before breakfast
722b2e66-bbf5-4dd5-b440-4713ded54d08,a992a3d0-e4da-451e-8cba-045e33255ce8,0,The,COMPLETE,HIGH,,1771986818846969600,157.81021118164062,0.0,0.0,0,1771986826777923840,1.0,The,1,,,,,7930.95424,,,2b29c30c-dc27-4e3e-ba26-cab67da189ce,0,The cat sat on the mat
1492c5dd-c38e-4794-b82a-1d592c184347,a992a3d0-e4da-451e-8cba-045e33255ce8,1,cat,TIMED_OUT,DEGRADED,,1771986819559640832,180.49860000610352,0.0,0.0,0,,,,,,,,,,,,2b29c30c-dc27-4e3e-ba26-cab67da189ce,0,The cat sat on the mat
e52738b2-c6d6-4a69-9a3e-8d26d9990ce1,a992a3d0-e4da-451e-8cba-045e33255ce8,2,sat,TIMED_OUT,DEGRADED,,1771986819785131776,193.56417655944824,0.0,0.0,0,,,,,,,,,,,,2b29c30c-dc27-4e3e-ba26-cab67da189ce,0,The cat sat on the mat
10e170b3-607e-4428-b456-4755f399b424,a992a3d0-e4da-451e-8cba-045e33255ce8,3,on,COMPLETE,HIGH,,1771986820147820800,162.24145889282227,0.0,0.0,0,1771986828051669248,1.0,on,1,,,,,7903.848448,,,2b29c30c-dc27-4e3e-ba26-cab67da189ce,0,The cat sat on the mat
eb75e109-7ea4-4706-9134-490eb2ca82b0,a992a3d0-e4da-451e-8cba-045e33255ce8,4,the,TIMED_OUT,DEGRADED,,1771986820467525120,170.35937309265137,0.0,0.0,0,,,,,,,,,,,,2b29c30c-dc27-4e3e-ba26-cab67da189ce,0,The cat sat on the mat
888caaf2-6152-40b9-9dc6-71a15b94ccc3,a992a3d0-e4da-451e-8cba-045e33255ce8,5,mat,COMPLETE,HIGH,,1771986821278001408,171.4944839477539,0.0,0.0,0,1771986829051227904,1.0,mat,1,,,,,7773.226496,,,2b29c30c-dc27-4e3e-ba26-cab67da189ce,0,The cat sat on the mat
9b57561f-3793-4db5-ac23-287d613cb8aa,43c7d6c4-eb56-462a-9fb2-72d045b6c2b8,0,She,TIMED_OUT,DEGRADED,,1771986832959489792,168.1804656982422,0.0,0.0,0,,,,,,,,,,,,2b29c30c-dc27-4e3e-ba26-cab67da189ce,1,She walked quickly to the store
380fa83e-cd5c-45f3-9939-7901ec0f8695,43c7d6c4-eb56-462a-9fb2-72d045b6c2b8,1,walked,TIMED_OUT,DEGRADED,,1771986833797091328,152.2066593170166,0.0,0.0,0,,,,,,,,,,,,2b29c30c-dc27-4e3e-ba26-cab67da189ce,1,She walked quickly to the store
af7c4cc0-5d83-4dd1-a27b-d263ff5b63f2,43c7d6c4-eb56-462a-9fb2-72d045b6c2b8,2,quickly,TIMED_OUT,DEGRADED,,1771986832629913856,159.92140769958496,0.0,0.0,0,,,,,,,,,,,,2b29c30c-dc27-4e3e-ba26-cab67da189ce,1,She walked quickly to the store
e24b15f7-402e-43aa-9d55-eb36704b337a,43c7d6c4-eb56-462a-9fb2-72d045b6c2b8,3,to,COMPLETE,HIGH,,1771986834505040640,152.53043174743652,0.0,0.0,0,1771986835499065344,1.0,to,1,,,,,994.024704,,,2b29c30c-dc27-4e3e-ba26-cab67da189ce,1,She walked quickly to the store
59f6238d-9058-4a25-a64a-0f88f898db1b,43c7d6c4-eb56-462a-9fb2-72d045b6c2b8,4,the,COMPLETE,HIGH,,1771986834747456000,203.93824577331543,0.0,0.0,0,1771986835499065344,1.0,the,1,,,,,751.609344,,,2b29c30c-dc27-4e3e-ba26-cab67da189ce,1,She walked quickly to the store
2ffb0928-54e4-445d-9cc3-6ab016687be3,43c7d6c4-eb56-462a-9fb2-72d045b6c2b8,5,store,COMPLETE,HIGH,,1771986835372509184,150.0108242034912,0.0,0.0,0,1771986835973363712,1.0,store,1,,,,,600.854528,,,2b29c30c-dc27-4e3e-ba26-cab67da189ce,1,She walked quickly to the store
917f48b4-3663-490c-a473-c9bc6b36d415,0c7e6363-223d-410a-8dfa-7dbe21d712a8,0,The,COMPLETE,HIGH,,1771986836717023744,155.79509735107422,0.0,0.0,0,1771986837500714496,1.0,The,1,,,,,783.690752,,,2b29c30c-dc27-4e3e-ba26-cab67da189ce,2,The children played outside until the sun set
fa25094a-c5d3-4492-8f95-9ae35cacf6a1,0c7e6363-223d-410a-8dfa-7dbe21d712a8,1,children,TIMED_OUT,EXCLUDED,Sentence closed before slot completed.,,,,,,1771986838070526976,1.0,children,1,,,,,,,,2b29c30c-dc27-4e3e-ba26-cab67da189ce,2,The children played outside until the sun set
ff099dde-9136-4ec8-90f4-2f000a28b2d0,0c7e6363-223d-410a-8dfa-7dbe21d712a8,2,played,TIMED_OUT,DEGRADED,,1771986837274612224,166.86034202575684,0.0,0.0,0,,,,,,,,,,,,2b29c30c-dc27-4e3e-ba26-cab67da189ce,2,The children played outside until the sun set
7b0b448f-288e-48b4-bfee-5aa3e445ec8a,0c7e6363-223d-410a-8dfa-7dbe21d712a8,3,outside,COMPLETE,HIGH,,1771986837791812608,155.989408493042,0.0,0.0,0,1771986838311401728,1.0,outside,1,,,,,519.58912,,,2b29c30c-dc27-4e3e-ba26-cab67da189ce,2,The children played outside until the sun set
5d0ece50-f5f7-4e31-968a-17a771b069ba,0c7e6363-223d-410a-8dfa-7dbe21d712a8,4,until,COMPLETE,HIGH,,1771986838074047232,173.58088493347168,0.0,0.0,0,1771986839083819520,1.0,until,1,,,,,1009.772288,,,2b29c30c-dc27-4e3e-ba26-cab67da189ce,2,The children played outside until the sun set
3e8591d1-ea66-4a3d-9570-a2878ba6e8ab,0c7e6363-223d-410a-8dfa-7dbe21d712a8,5,the,TIMED_OUT,DEGRADED,,1771986838367734528,152.96602249145508,0.0,0.0,0,,,,,,,,,,,,2b29c30c-dc27-4e3e-ba26-cab67da189ce,2,The children played outside until the sun set
042bc279-e075-4d70-9e68-e2e0e612aaef,0c7e6363-223d-410a-8dfa-7dbe21d712a8,6,sun,TIMED_OUT,DEGRADED,,1771986836328355584,153.14102172851562,0.0,0.0,0,,,,,,,,,,,,2b29c30c-dc27-4e3e-ba26-cab67da189ce,2,The children played outside until the sun set
70d1c8c7-6bc1-4a32-8881-418fc1d6144a,0c7e6363-223d-410a-8dfa-7dbe21d712a8,7,set,TIMED_OUT,DEGRADED,,1771986840530189568,189.97740745544434,0.0,0.0,0,,,,,,,,,,,,2b29c30c-dc27-4e3e-ba26-cab67da189ce,2,The children played outside until the sun set
2fc38ef5-51fb-4c63-99c9-244b7b398813,2147a0e4-22e0-4b0c-8d56-3e10cb59b4bb,0,Every,COMPLETE,HIGH,,1771986841467336448,174.82709884643555,0.0,0.0,0,1771986842660577280,1.0,Every,1,,,,,1193.240832,,,2b29c30c-dc27-4e3e-ba26-cab67da189ce,3,Every morning she read the newspaper before breakfast
43eab480-017a-406f-958b-b91f9790232d,2147a0e4-22e0-4b0c-8d56-3e10cb59b4bb,1,morning,TIMED_OUT,EXCLUDED,Sentence closed before slot completed.,,,,,,1771986842881429248,1.0,morning,1,,,,,,,,2b29c30c-dc27-4e3e-ba26-cab67da189ce,3,Every morning she read the newspaper before breakfast
9d4a8d81-7a77-4906-abfd-d6b83d0c483c,2147a0e4-22e0-4b0c-8d56-3e10cb59b4bb,2,she,TIMED_OUT,DEGRADED,,1771986842893767424,173.7205982208252,0.0,0.0,0,,,,,,,,,,,,2b29c30c-dc27-4e3e-ba26-cab67da189ce,3,Every morning she read the newspaper before breakfast
8ba1a614-5bd8-43c1-88f0-ca554d0ca8b6,2147a0e4-22e0-4b0c-8d56-3e10cb59b4bb,3,read,TIMED_OUT,EXCLUDED,Sentence closed before slot completed.,,,,,,,,,,,,,,,,,2b29c30c-dc27-4e3e-ba26-cab67da189ce,3,Every morning she read the newspaper before breakfast
33139e69-20c7-4804-acb0-73628f1906af,2147a0e4-22e0-4b0c-8d56-3e10cb59b4bb,4,the,COMPLETE,HIGH,,1771986843354278656,166.243314743042,0.0,0.0,0,1771986843956932608,1.0,the,1,,,,,602.653952,,,2b29c30c-dc27-4e3e-ba26-cab67da189ce,3,Every morning she read the newspaper before breakfast
9402b025-9be5-43d4-a8c4-6400772821c1,2147a0e4-22e0-4b0c-8d56-3e10cb59b4bb,5,newspaper,TIMED_OUT,EXCLUDED,Sentence closed before slot completed.,,,,,,1771986844417402880,1.0,newspaper,1,,,,,,,,2b29c30c-dc27-4e3e-ba26-cab67da189ce,3,Every morning she read the newspaper before breakfast
3a5e739e-2c32-40ca-af71-d48179b28a85,2147a0e4-22e0-4b0c-8d56-3e10cb59b4bb,6,before,COMPLETE,HIGH,,1771986843987257856,189.34226036071777,0.0,0.0,0,1771986844938690816,1.0,before,1,,,,,951.43296,,,2b29c30c-dc27-4e3e-ba26-cab67da189ce,3,Every morning she read the newspaper before breakfast
dc05a3cf-b54a-4db4-91bc-ac9cbd56ae66,2147a0e4-22e0-4b0c-8d56-3e10cb59b4bb,7,breakfast,TIMED_OUT,DEGRADED,,1771986845377632000,150.0074863433838,0.0,0.0,0,,,,,,,,,,,,2b29c30c-dc27-4e3e-ba26-cab67da189ce,3,Every morning she read the newspaper before breakfast
d351e48e-0b9e-4aa6-8e6f-fe19de05e18b,b304fc8b-30d5-43dc-9abf-9d7e853bdeba,0,The,TIMED_OUT,EXCLUDED,Sentence closed before slot completed.,,,,,,1771986849287578880,1.0,The,1,,,,,,,,2b29c30c-dc27-4e3e-ba26-cab67da189ce,4,The scientist observed that the plants grew faster in sunlight
9e49ef3b-d3ce-49b4-bb80-1d28be9488d1,b304fc8b-30d5-43dc-9abf-9d7e853bdeba,1,scientist,TIMED_OUT,DEGRADED,,1771986846489042432,155.58624267578125,0.0,0.0,0,,,,,,,,,,,,2b29c30c-dc27-4e3e-ba26-cab67da189ce,4,The scientist observed that the plants grew faster in sunlight
3180a01b-7b50-4551-8ba4-d86603e46eb2,b304fc8b-30d5-43dc-9abf-9d7e853bdeba,2,observed,TIMED_OUT,DEGRADED,,1771986846919888896,185.33849716186523,0.0,0.0,0,,,,,,,,,,,,2b29c30c-dc27-4e3e-ba26-cab67da189ce,4,The scientist observed that the plants grew faster in sunlight
fd77ae07-ddf7-4ae2-83be-57b9aa44fd38,b304fc8b-30d5-43dc-9abf-9d7e853bdeba,3,that,TIMED_OUT,DEGRADED,,1771986847406646528,170.90630531311035,0.0,0.0,0,,,,,,,,,,,,2b29c30c-dc27-4e3e-ba26-cab67da189ce,4,The scientist observed that the plants grew faster in sunlight
246f49ab-852e-4100-8a27-6c94016b824c,b304fc8b-30d5-43dc-9abf-9d7e853bdeba,4,the,TIMED_OUT,DEGRADED,,1771986847813293824,163.95807266235352,0.0,0.0,0,,,,,,,,,,,,2b29c30c-dc27-4e3e-ba26-cab67da189ce,4,The scientist observed that the plants grew faster in sunlight
0dd39a1d-fcf8-4070-8088-46c1904ffd67,b304fc8b-30d5-43dc-9abf-9d7e853bdeba,5,plants,COMPLETE,HIGH,,1771986848090451456,171.04029655456543,0.0,0.0,0,1771986849561254656,0.9090909090909091,plants,0.9090909090909091,,,,,1470.8032,,,2b29c30c-dc27-4e3e-ba26-cab67da189ce,4,The scientist observed that the plants grew faster in sunlight
7d06c766-bb42-4b24-8796-578d2cb5285d,b304fc8b-30d5-43dc-9abf-9d7e853bdeba,6,grew,TIMED_OUT,DEGRADED,,1771986848386927104,180.30095100402832,0.0,0.0,0,,,,,,,,,,,,2b29c30c-dc27-4e3e-ba26-cab67da189ce,4,The scientist observed that the plants grew faster in sunlight
185762a3-2dc6-415c-9fae-514415365c13,b304fc8b-30d5-43dc-9abf-9d7e853bdeba,7,faster,TIMED_OUT,EXCLUDED,Sentence closed before slot completed.,,,,,,,,,,,,,,,,,2b29c30c-dc27-4e3e-ba26-cab67da189ce,4,The scientist observed that the plants grew faster in sunlight
859061b5-17c5-459f-b8d4-7814e582a6e4,b304fc8b-30d5-43dc-9abf-9d7e853bdeba,8,in,COMPLETE,HIGH,,1771986848869519616,167.7083969116211,0.0,0.0,0,1771986849561254656,1.0,in,1,,,,,691.73504,,,2b29c30c-dc27-4e3e-ba26-cab67da189ce,4,The scientist observed that the plants grew faster in sunlight
f6e0dfc5-b6ce-4ada-9d6c-d74b23b8234c,b304fc8b-30d5-43dc-9abf-9d7e853bdeba,9,sunlight,TIMED_OUT,EXCLUDED,Sentence closed before slot completed.,,,,,,,,,,,,,,,,,2b29c30c-dc27-4e3e-ba26-cab67da189ce,4,The scientist observed that the plants grew faster in sunlight
e4bbc3cd-964b-46cf-936f-f37e544092fa,10125803-e33a-4ff2-97d4-1fb64e753792,0,After,COMPLETE,HIGH,,1771986851018388480,189.361572265625,0.0,0.0,0,1771986852641232384,1.0,After,1,,,,,1622.843904,,,2b29c30c-dc27-4e3e-ba26-cab67da189ce,5,After the storm the streets were covered with fallen leaves
dafe3adf-08c9-4fa5-86e6-712d6692e317,10125803-e33a-4ff2-97d4-1fb64e753792,1,the,TIMED_OUT,DEGRADED,,1771986851946657792,159.86919403076172,0.0,0.0,0,,,,,,,,,,,,2b29c30c-dc27-4e3e-ba26-cab67da189ce,5,After the storm the streets were covered with fallen leaves
2d74d9d9-de18-4a0c-abaf-066b3768a737,10125803-e33a-4ff2-97d4-1fb64e753792,2,storm,TIMED_OUT,EXCLUDED,Sentence closed before slot completed.,,,,,,,,,,,,,,,,,2b29c30c-dc27-4e3e-ba26-cab67da189ce,5,After the storm the streets were covered with fallen leaves
4038280f-8ad6-4bb7-a26b-6212dfe49fb2,10125803-e33a-4ff2-97d4-1fb64e753792,3,the,TIMED_OUT,DEGRADED,,1771986852395826944,233.54554176330566,0.0,0.0,0,,,,,,,,,,,,2b29c30c-dc27-4e3e-ba26-cab67da189ce,5,After the storm the streets were covered with fallen leaves
8f9742e0-476c-4a6c-a88d-7e1913af8b23,10125803-e33a-4ff2-97d4-1fb64e753792,4,streets,TIMED_OUT,DEGRADED,,1771986852741232384,174.2243766784668,0.0,0.0,0,,,,,,,,,,,,2b29c30c-dc27-4e3e-ba26-cab67da189ce,5,After the storm the streets were covered with fallen leaves
6506d568-d551-4cb1-91a7-e11a36582562,10125803-e33a-4ff2-97d4-1fb64e753792,5,were,TIMED_OUT,DEGRADED,,1771986852982560512,204.87427711486816,0.0,0.0,0,,,,,,,,,,,,2b29c30c-dc27-4e3e-ba26-cab67da189ce,5,After the storm the streets were covered with fallen leaves
c9004138-5ba9-4b4a-8513-ba4886e77810,10125803-e33a-4ff2-97d4-1fb64e753792,6,covered,TIMED_OUT,EXCLUDED,Sentence closed before slot completed.,,,,,,,,,,,,,,,,,2b29c30c-dc27-4e3e-ba26-cab67da189ce,5,After the storm the streets were covered with fallen leaves
85d32700-936e-44c9-b554-55567448b4c7,10125803-e33a-4ff2-97d4-1fb64e753792,7,with,TIMED_OUT,DEGRADED,,1771986853801056768,173.09927940368652,0.0,0.0,0,,,,,,,,,,,,2b29c30c-dc27-4e3e-ba26-cab67da189ce,5,After the storm the streets were covered with fallen leaves
432773d0-7e08-4658-bdab-efd76b304d0b,10125803-e33a-4ff2-97d4-1fb64e753792,8,fallen,TIMED_OUT,DEGRADED,,1771986854097256448,173.07186126708984,0.0,0.0,0,,,,,,,,,,,,2b29c30c-dc27-4e3e-ba26-cab67da189ce,5,After the storm the streets were covered with fallen leaves
1cd6feb8-98e8-457b-9e12-130190e6164d,10125803-e33a-4ff2-97d4-1fb64e753792,9,leaves,TIMED_OUT,DEGRADED,,1771986854340208640,162.6574993133545,0.0,0.0,0,,,,,,,,,,,,2b29c30c-dc27-4e3e-ba26-cab67da189ce,5,After the storm the streets were covered with fallen leaves
eb364d23-a2b9-4c0c-9720-ee84ddede26e,dfbb725b-de77-4a23-a9eb-b5be70eeca8f,0,The,COMPLETE,HIGH,,1771986855367462144,169.73638534545898,0.0,0.0,0,1771986856447769856,1.0,The,1,,,,,1080.307712,,,2b29c30c-dc27-4e3e-ba26-cab67da189ce,6,The museum displayed artifacts from ancient civilizations around the world
401ade07-a612-4e1e-8168-bbd33a577e9c,dfbb725b-de77-4a23-a9eb-b5be70eeca8f,1,museum,COMPLETE,HIGH,,1771986856267419392,160.0642204284668,0.0,0.0,0,1771986856959595008,1.0,museum,1,,,,,692.175616,,,2b29c30c-dc27-4e3e-ba26-cab67da189ce,6,The museum displayed artifacts from ancient civilizations around the world
57ebf0e2-97c3-4187-a359-00fa424bfaca,dfbb725b-de77-4a23-a9eb-b5be70eeca8f,2,displayed,COMPLETE,HIGH,,1771986856679329280,168.16401481628418,0.0,0.0,0,1771986857498649088,0.875,displayed,0.875,,,,,819.319808,,,2b29c30c-dc27-4e3e-ba26-cab67da189ce,6,The museum displayed artifacts from ancient civilizations around the world
99d69b66-a84b-4626-8aa3-8b9a512c5563,dfbb725b-de77-4a23-a9eb-b5be70eeca8f,3,artifacts,TIMED_OUT,DEGRADED,,1771986856887542784,225.27837753295898,0.0,0.0,0,,,,,,,,,,,,2b29c30c-dc27-4e3e-ba26-cab67da189ce,6,The museum displayed artifacts from ancient civilizations around the world
626fd9ef-1d4a-4d0c-9e1a-9b320a77396a,dfbb725b-de77-4a23-a9eb-b5be70eeca8f,4,from,TIMED_OUT,EXCLUDED,Sentence closed before slot completed.,,,,,,1771986858256820992,1.0,from,1,,,,,,,,2b29c30c-dc27-4e3e-ba26-cab67da189ce,6,The museum displayed artifacts from ancient civilizations around the world
76f310d1-2ac1-43d8-a1eb-63d62c16c0c9,dfbb725b-de77-4a23-a9eb-b5be70eeca8f,5,ancient,COMPLETE,HIGH,,1771986857763221504,165.31133651733398,0.0,0.0,0,1771986859775432448,1.0,ancient,1,,,,,2012.210944,,,2b29c30c-dc27-4e3e-ba26-cab67da189ce,6,The museum displayed artifacts from ancient civilizations around the world
8ace2fc5-c094-46a4-86bb-b0d6d5ae371c,dfbb725b-de77-4a23-a9eb-b5be70eeca8f,6,civilizations,COMPLETE,HIGH,,1771986858060845056,176.52034759521484,0.0,0.0,0,1771986859775432448,1.0,civilizations,1,,,,,1714.587392,,,2b29c30c-dc27-4e3e-ba26-cab67da189ce,6,The museum displayed artifacts from ancient civilizations around the world
0ca54c2a-55bb-445b-8cae-b1eb3358d209,dfbb725b-de77-4a23-a9eb-b5be70eeca8f,7,around,COMPLETE,HIGH,,1771986859119755520,182.9817295074463,0.0,0.0,0,1771986860047245824,1.0,around,1,,,,,927.490304,,,2b29c30c-dc27-4e3e-ba26-cab67da189ce,6,The museum displayed artifacts from ancient civilizations around the world
fe9a443f-8853-4492-a2cb-15a5784e02e3,dfbb725b-de77-4a23-a9eb-b5be70eeca8f,8,the,TIMED_OUT,DEGRADED,,1771986860043238144,165.99392890930176,0.0,0.0,0,,,,,,,,,,,,2b29c30c-dc27-4e3e-ba26-cab67da189ce,6,The museum displayed artifacts from ancient civilizations around the world
ae20fda8-f09c-4a61-9cbd-c18af4c74602,dfbb725b-de77-4a23-a9eb-b5be70eeca8f,9,world,TIMED_OUT,EXCLUDED,Sentence closed before slot completed.,,,,,,1771986860286300672,1.0,world,1,,,,,,,,2b29c30c-dc27-4e3e-ba26-cab67da189ce,6,The museum displayed artifacts from ancient civilizations around the world
fb4a91d6-b613-4613-a1f8-d50d22e93c84,8b6e156c-d9c0-4b89-b075-084b91593b77,0,During,TIMED_OUT,DEGRADED,,1771986861113275392,173.86150360107422,0.0,0.0,0,,,,,,,,,,,,2b29c30c-dc27-4e3e-ba26-cab67da189ce,7,During the summer holidays they traveled to several different countries
6008ec09-59e0-4d28-add0-f86a454bc0bb,8b6e156c-d9c0-4b89-b075-084b91593b77,1,the,COMPLETE,HIGH,,1771986862049515008,159.84606742858887,0.0,0.0,0,1771986862074300928,1.0,the,1,,,,,24.78592,,,2b29c30c-dc27-4e3e-ba26-cab67da189ce,7,During the summer holidays they traveled to several different countries
1ce78bc6-0fa1-463f-95b7-1e413edb1592,8b6e156c-d9c0-4b89-b075-084b91593b77,2,summer,COMPLETE,HIGH,,1771986862959273728,168.3521270751953,0.0,0.0,0,1771986862858580736,1.0,summer,1,,,,,-100.692992,,,2b29c30c-dc27-4e3e-ba26-cab67da189ce,7,During the summer holidays they traveled to several different countries
ae230303-b526-4750-91db-1f55491fd88d,8b6e156c-d9c0-4b89-b075-084b91593b77,3,holidays,COMPLETE,HIGH,,1771986862699481856,232.5890064239502,0.0,0.0,0,1771986863144539648,0.9333333333333333,holidays,0.9333333333333333,,,,,445.057792,,,2b29c30c-dc27-4e3e-ba26-cab67da189ce,7,During the summer holidays they traveled to several different countries
b1530782-4a5e-4f83-bf8c-311f76627c80,8b6e156c-d9c0-4b89-b075-084b91593b77,4,they,TIMED_OUT,EXCLUDED,Sentence closed before slot completed.,,,,,,,,,,,,,,,,,2b29c30c-dc27-4e3e-ba26-cab67da189ce,7,During the summer holidays they traveled to several different countries
3f0e4f43-17b4-474b-828c-0119b6d30178,8b6e156c-d9c0-4b89-b075-084b91593b77,5,traveled,TIMED_OUT,EXCLUDED,Sentence closed before slot completed.,,,,,,,,,,,,,,,,,2b29c30c-dc27-4e3e-ba26-cab67da189ce,7,During the summer holidays they traveled to several different countries
8b32709b-5d71-4158-9bcc-c04f2534ead3,8b6e156c-d9c0-4b89-b075-084b91593b77,6,to,COMPLETE,HIGH,,1771986863706489344,162.06860542297363,0.0,0.0,0,1771986864394466816,1.0,to,1,,,,,687.977472,,,2b29c30c-dc27-4e3e-ba26-cab67da189ce,7,During the summer holidays they traveled to several different countries
bf4f048b-f570-4931-992b-cb6ab1a47736,8b6e156c-d9c0-4b89-b075-084b91593b77,7,several,COMPLETE,HIGH,,1771986864073918976,204.18381690979004,0.0,0.0,0,1771986864630801152,1.0,several,1,,,,,556.882176,,,2b29c30c-dc27-4e3e-ba26-cab67da189ce,7,During the summer holidays they traveled to several different countries
2216a9cd-72bb-467e-80db-f4f89a12e78d,8b6e156c-d9c0-4b89-b075-084b91593b77,8,different,COMPLETE,HIGH,,1771986864714800896,188.03787231445312,0.0,0.0,0,1771986864901513216,1.0,different,1,,,,,186.71232,,,2b29c30c-dc27-4e3e-ba26-cab67da189ce,7,During the summer holidays they traveled to several different countries
7bf2bd90-da68-4e9d-926c-d154654c515d,8b6e156c-d9c0-4b89-b075-084b91593b77,9,countries,TIMED_OUT,EXCLUDED,Sentence closed before slot completed.,,,,,,1771986865410764032,1.0,countries,1,,,,,,,,2b29c30c-dc27-4e3e-ba26-cab67da189ce,7,During the summer holidays they traveled to several different countries
76192fe6-cdea-4842-975d-6f43b3d5d075,42a58932-9f0a-4b41-bbdf-5c17898a1f52,0,The,COMPLETE,HIGH,,1771986866132951808,150.66766738891602,0.0,0.0,0,1771986867972875008,1.0,The,1,,,,,1839.9232,,,2b29c30c-dc27-4e3e-ba26-cab67da189ce,8,The engineer carefully examined the bridge structure before approving the design
6499d566-813e-42dd-950d-08c83243982b,42a58932-9f0a-4b41-bbdf-5c17898a1f52,1,engineer,COMPLETE,HIGH,,1771986867069800704,187.65664100646973,0.0,0.0,0,1771986867972875008,1.0,engineer,1,,,,,903.074304,,,2b29c30c-dc27-4e3e-ba26-cab67da189ce,8,The engineer carefully examined the bridge structure before approving the design
dc6dab5f-fdf3-46fb-924f-b560956151fe,42a58932-9f0a-4b41-bbdf-5c17898a1f52,2,carefully,TIMED_OUT,DEGRADED,,1771986867484205312,200.0582218170166,0.0,0.0,0,,,,,,,,,,,,2b29c30c-dc27-4e3e-ba26-cab67da189ce,8,The engineer carefully examined the bridge structure before approving the design
8492e85a-0390-431e-932f-7e458a223a77,42a58932-9f0a-4b41-bbdf-5c17898a1f52,3,examined,TIMED_OUT,DEGRADED,,1771986868077385984,189.19730186462402,0.0,0.0,0,,,,,,,,,,,,2b29c30c-dc27-4e3e-ba26-cab67da189ce,8,The engineer carefully examined the bridge structure before approving the design
34bb5829-4f64-4da5-8a53-3fa47bbb6c6a,42a58932-9f0a-4b41-bbdf-5c17898a1f52,4,the,TIMED_OUT,DEGRADED,,1771986868539074304,170.35150527954102,0.0,0.0,0,,,,,,,,,,,,2b29c30c-dc27-4e3e-ba26-cab67da189ce,8,The engineer carefully examined the bridge structure before approving the design
6f72dc4e-20ea-4c86-aad0-9c721a53a846,42a58932-9f0a-4b41-bbdf-5c17898a1f52,5,bridge,TIMED_OUT,EXCLUDED,Sentence closed before slot completed.,,,,,,,,,,,,,,,,,2b29c30c-dc27-4e3e-ba26-cab67da189ce,8,The engineer carefully examined the bridge structure before approving the design
06978fb9-5ea1-4d97-9c6d-df78bff719c6,42a58932-9f0a-4b41-bbdf-5c17898a1f52,6,structure,TIMED_OUT,DEGRADED,,1771986869010767872,173.43759536743164,0.0,0.0,0,,,,,,,,,,,,2b29c30c-dc27-4e3e-ba26-cab67da189ce,8,The engineer carefully examined the bridge structure before approving the design
6180bd0f-9ef4-4582-9607-68201c787f35,42a58932-9f0a-4b41-bbdf-5c17898a1f52,7,before,TIMED_OUT,DEGRADED,,1771986869334295552,186.66553497314453,0.0,0.0,0,,,,,,,,,,,,2b29c30c-dc27-4e3e-ba26-cab67da189ce,8,The engineer carefully examined the bridge structure before approving the design
4d61011f-4fc3-40bf-9fec-4f7c44cae47c,42a58932-9f0a-4b41-bbdf-5c17898a1f52,8,approving,TIMED_OUT,EXCLUDED,Sentence closed before slot completed.,,,,,,,,,,,,,,,,,2b29c30c-dc27-4e3e-ba26-cab67da189ce,8,The engineer carefully examined the bridge structure before approving the design
3c8ea841-eb0d-409d-945c-fec30bb6253e,42a58932-9f0a-4b41-bbdf-5c17898a1f52,9,the,TIMED_OUT,DEGRADED,,1771986869821566208,186.0668659210205,0.0,0.0,0,,,,,,,,,,,,2b29c30c-dc27-4e3e-ba26-cab67da189ce,8,The engineer carefully examined the bridge structure before approving the design
dbf5141b-b293-4231-ad17-ca4673e6fdef,42a58932-9f0a-4b41-bbdf-5c17898a1f52,10,design,TIMED_OUT,DEGRADED,,1771986870254920448,155.41553497314453,0.0,0.0,0,,,,,,,,,,,,2b29c30c-dc27-4e3e-ba26-cab67da189ce,8,The engineer carefully examined the bridge structure before approving the design
4e50fc57-a605-4614-9312-91ea7de95016,f7c77ebd-90c1-4e5b-9fb7-66b83492ea85,0,She,TIMED_OUT,DEGRADED,,1771986871271122688,176.49197578430176,0.0,0.0,0,,,,,,,,,,,,2b29c30c-dc27-4e3e-ba26-cab67da189ce,9,She discovered that consistent practice significantly improved her reading speed
3d09fb48-d893-4e56-93de-575b21ecbee6,f7c77ebd-90c1-4e5b-9fb7-66b83492ea85,1,discovered,COMPLETE,HIGH,,1771986872249332736,166.5651798248291,0.0,0.0,0,1771986872837533952,0.8421052631578947,discovered,0.8421052631578947,,,,,588.201216,,,2b29c30c-dc27-4e3e-ba26-cab67da189ce,9,She discovered that consistent practice significantly improved her reading speed
dc16370d-1440-4e25-8f1d-51b48530eb63,f7c77ebd-90c1-4e5b-9fb7-66b83492ea85,2,that,COMPLETE,HIGH,,1771986873021871360,187.65497207641602,0.0,0.0,0,1771986873109526272,1.0,that,1,,,,,87.654912,,,2b29c30c-dc27-4e3e-ba26-cab67da189ce,9,She discovered that consistent practice significantly improved her reading speed
a83777d1-bc05-4620-a4ef-5102ec12a2b2,f7c77ebd-90c1-4e5b-9fb7-66b83492ea85,3,consistent,TIMED_OUT,EXCLUDED,Sentence closed before slot completed.,,,,,,,,,,,,,,,,,2b29c30c-dc27-4e3e-ba26-cab67da189ce,9,She discovered that consistent practice significantly improved her reading speed
4b0b60b5-16ff-44b5-aca1-c053a012cc85,f7c77ebd-90c1-4e5b-9fb7-66b83492ea85,4,practice,TIMED_OUT,DEGRADED,,1771986873734564096,206.61163330078125,0.0,0.0,0,,,,,,,,,,,,2b29c30c-dc27-4e3e-ba26-cab67da189ce,9,She discovered that consistent practice significantly improved her reading speed
e67fa81d-6276-486b-93c0-d3407d9d2dff,f7c77ebd-90c1-4e5b-9fb7-66b83492ea85,5,significantly,TIMED_OUT,EXCLUDED,Sentence closed before slot completed.,,,,,,1771986874675687424,1.0,significantly,1,,,,,,,,2b29c30c-dc27-4e3e-ba26-cab67da189ce,9,She discovered that consistent practice significantly improved her reading speed
0bb5e3ff-dfd5-4c77-b90e-066edca6ad2a,f7c77ebd-90c1-4e5b-9fb7-66b83492ea85,6,improved,COMPLETE,HIGH,,1771986874162895616,153.06472778320312,0.0,0.0,0,1771986875146377984,1.0,improved,1,,,,,983.482368,,,2b29c30c-dc27-4e3e-ba26-cab67da189ce,9,She discovered that consistent practice significantly improved her reading speed
b62aec71-464a-445d-8bb7-33720b9751dc,f7c77ebd-90c1-4e5b-9fb7-66b83492ea85,7,her,TIMED_OUT,DEGRADED,,1771986874600026880,167.64044761657715,0.0,0.0,0,,,,,,,,,,,,2b29c30c-dc27-4e3e-ba26-cab67da189ce,9,She discovered that consistent practice significantly improved her reading speed
f0217b6c-82e3-46cc-aa76-1de4c891727c,f7c77ebd-90c1-4e5b-9fb7-66b83492ea85,8,reading,TIMED_OUT,DEGRADED,,1771986874850729984,186.9528293609619,0.0,0.0,0,,,,,,,,,,,,2b29c30c-dc27-4e3e-ba26-cab67da189ce,9,She discovered that consistent practice significantly improved her reading speed
4cb1b75a-4ce6-446a-a8a9-15adde1a4fa0,f7c77ebd-90c1-4e5b-9fb7-66b83492ea85,9,speed,TIMED_OUT,EXCLUDED,Sentence closed before slot completed.,,,,,,,,,,,,,,,,,2b29c30c-dc27-4e3e-ba26-cab67da189ce,9,She discovered that consistent practice significantly improved her reading speed
5b2ba5e8-b895-4437-9c8a-d8b3dc929010,f3f52062-43f6-4cf8-be62-dd5bb3c502ff,0,The,COMPLETE,HIGH,,1771986876297646848,184.8146915435791,0.0,0.0,0,1771986877457339648,1.0,The,1,,,,,1159.6928,,,2b29c30c-dc27-4e3e-ba26-cab67da189ce,10,The local government proposed constructing a new library in the town center
dcc94275-5f7e-4fc8-beef-d484f85c5732,f3f52062-43f6-4cf8-be62-dd5bb3c502ff,1,local,TIMED_OUT,EXCLUDED,Sentence closed before slot completed.,,,,,,,,,,,,,,,,,2b29c30c-dc27-4e3e-ba26-cab67da189ce,10,The local government proposed constructing a new library in the town center
19e60415-d41b-4060-8fc7-706aaa8baf47,f3f52062-43f6-4cf8-be62-dd5bb3c502ff,2,government,TIMED_OUT,DEGRADED,,1771986877178820608,187.51287460327148,0.0,0.0,0,,,,,,,,,,,,2b29c30c-dc27-4e3e-ba26-cab67da189ce,10,The local government proposed constructing a new library in the town center
719d86b8-94a7-4bf7-b0f6-747db156d2a8,f3f52062-43f6-4cf8-be62-dd5bb3c502ff,3,proposed,TIMED_OUT,DEGRADED,,1771986877842872064,159.73854064941406,0.0,0.0,0,,,,,,,,,,,,2b29c30c-dc27-4e3e-ba26-cab67da189ce,10,The local government proposed constructing a new library in the town center
5fb63ab0-1c4f-4c33-8a6f-ae509d7d647b,f3f52062-43f6-4cf8-be62-dd5bb3c502ff,4,constructing,TIMED_OUT,EXCLUDED,Sentence closed before slot completed.,,,,,,,,,,,,,,,,,2b29c30c-dc27-4e3e-ba26-cab67da189ce,10,The local government proposed constructing a new library in the town center
ecb0e0e0-92cf-4cf5-8a0f-9fdb04740e85,f3f52062-43f6-4cf8-be62-dd5bb3c502ff,5,a,COMPLETE,HIGH,,1771986878379567104,200.62589645385742,0.0,0.0,0,1771986877713528320,1.0,a,1,,,,,-666.038784,,,2b29c30c-dc27-4e3e-ba26-cab67da189ce,10,The local government proposed constructing a new library in the town center
582b86d8-a933-4767-951f-05cbbb767fe7,f3f52062-43f6-4cf8-be62-dd5bb3c502ff,6,new,TIMED_OUT,EXCLUDED,Sentence closed before slot completed.,,,,,,,,,,,,,,,,,2b29c30c-dc27-4e3e-ba26-cab67da189ce,10,The local government proposed constructing a new library in the town center
ab06173c-9958-4995-81ac-81ed8125b3be,f3f52062-43f6-4cf8-be62-dd5bb3c502ff,7,library,TIMED_OUT,EXCLUDED,Sentence closed before slot completed.,,,,,,,,,,,,,,,,,2b29c30c-dc27-4e3e-ba26-cab67da189ce,10,The local government proposed constructing a new library in the town center
61cf954b-1746-43d3-8df9-ba9b4a13dff3,f3f52062-43f6-4cf8-be62-dd5bb3c502ff,8,in,TIMED_OUT,EXCLUDED,Sentence closed before slot completed.,,,,,,1771986878739578624,1.0,in,1,,,,,,,,2b29c30c-dc27-4e3e-ba26-cab67da189ce,10,The local government proposed constructing a new library in the town center
f2c89771-5774-4105-89b2-b10c80432885,f3f52062-43f6-4cf8-be62-dd5bb3c502ff,9,the,TIMED_OUT,DEGRADED,,1771986878927649536,156.86988830566406,0.0,0.0,0,,,,,,,,,,,,2b29c30c-dc27-4e3e-ba26-cab67da189ce,10,The local government proposed constructing a new library in the town center
c4b7d9e5-d495-4b57-be49-e7a5aea08223,f3f52062-43f6-4cf8-be62-dd5bb3c502ff,10,town,COMPLETE,HIGH,,1771986879389582592,169.22307014465332,0.0,0.0,0,1771986880003245056,1.0,town,1,,,,,613.662464,,,2b29c30c-dc27-4e3e-ba26-cab67da189ce,10,The local government proposed constructing a new library in the town center
61cff41c-5d90-46b6-98e9-7b30a9805afd,f3f52062-43f6-4cf8-be62-dd5bb3c502ff,11,center,TIMED_OUT,EXCLUDED,Sentence closed before slot completed.,,,,,,,,,,,,,,,,,2b29c30c-dc27-4e3e-ba26-cab67da189ce,10,The local government proposed constructing a new library in the town center
9607cda0-4e66-4c42-b5df-39a1db43b74c,00ef2d90-bfdb-4392-8559-b6191bab3ed5,0,Research,TIMED_OUT,DEGRADED,,1771986881150573312,199.3849277496338,0.0,0.0,0,,,,,,,,,,,,2b29c30c-dc27-4e3e-ba26-cab67da189ce,11,Research has demonstrated that bilingual children often develop stronger cognitive flexibility
36d962e8-f307-4005-b62b-fbb7caf6d48f,00ef2d90-bfdb-4392-8559-b6191bab3ed5,1,has,COMPLETE,HIGH,,1771986882392096512,175.22644996643066,0.0,0.0,0,1771986882857458688,1.0,has,1,,,,,465.362176,,,2b29c30c-dc27-4e3e-ba26-cab67da189ce,11,Research has demonstrated that bilingual children often develop stronger cognitive flexibility
04ee321d-672d-4fa1-a124-e74d5051c5c4,00ef2d90-bfdb-4392-8559-b6191bab3ed5,2,demonstrated,TIMED_OUT,EXCLUDED,Sentence closed before slot completed.,,,,,,,,,,,,,,,,,2b29c30c-dc27-4e3e-ba26-cab67da189ce,11,Research has demonstrated that bilingual children often develop stronger cognitive flexibility
61cede34-82ef-4262-b39a-769a6cb73b07,00ef2d90-bfdb-4392-8559-b6191bab3ed5,3,that,COMPLETE,HIGH,,1771986883084303104,171.16498947143555,0.0,0.0,0,1771986883860534016,1.0,that,1,,,,,776.230912,,,2b29c30c-dc27-4e3e-ba26-cab67da189ce,11,Research has demonstrated that bilingual children often develop stronger cognitive flexibility
0c895c4d-39fd-4f23-bf50-915dc7db841e,00ef2d90-bfdb-4392-8559-b6191bab3ed5,4,bilingual,TIMED_OUT,EXCLUDED,Sentence closed before slot completed.,,,,,,,,,,,,,,,,,2b29c30c-dc27-4e3e-ba26-cab67da189ce,11,Research has demonstrated that bilingual children often develop stronger cognitive flexibility
37d7f6e0-458f-43da-a955-99fe637f60fe,00ef2d90-bfdb-4392-8559-b6191bab3ed5,5,children,TIMED_OUT,EXCLUDED,Sentence closed before slot completed.,,,,,,,,,,,,,,,,,2b29c30c-dc27-4e3e-ba26-cab67da189ce,11,Research has demonstrated that bilingual children often develop stronger cognitive flexibility
a2e0c439-d0df-4452-b142-f853fa2f4c7d,00ef2d90-bfdb-4392-8559-b6191bab3ed5,6,often,TIMED_OUT,DEGRADED,,1771986883770297344,174.7901439666748,0.0,0.0,0,,,,,,,,,,,,2b29c30c-dc27-4e3e-ba26-cab67da189ce,11,Research has demonstrated that bilingual children often develop stronger cognitive flexibility
5cafdca8-4d72-4618-88d2-c1dd1626b96c,00ef2d90-bfdb-4392-8559-b6191bab3ed5,7,develop,TIMED_OUT,EXCLUDED,Sentence closed before slot completed.,,,,,,,,,,,,,,,,,2b29c30c-dc27-4e3e-ba26-cab67da189ce,11,Research has demonstrated that bilingual children often develop stronger cognitive flexibility
233a52cc-dc42-4570-9bf1-7b943cbc7dc6,00ef2d90-bfdb-4392-8559-b6191bab3ed5,8,stronger,COMPLETE,HIGH,,1771986884212428544,191.87664985656738,0.0,0.0,0,1771986885397767168,1.0,stronger,1,,,,,1185.338624,,,2b29c30c-dc27-4e3e-ba26-cab67da189ce,11,Research has demonstrated that bilingual children often develop stronger cognitive flexibility
9ca788ef-c98f-4c83-b110-bc8d0da00fdf,00ef2d90-bfdb-4392-8559-b6191bab3ed5,9,cognitive,TIMED_OUT,EXCLUDED,Sentence closed before slot completed.,,,,,,,,,,,,,,,,,2b29c30c-dc27-4e3e-ba26-cab67da189ce,11,Research has demonstrated that bilingual children often develop stronger cognitive flexibility
2e2b2fb7-e2ca-4eaf-b2c1-401b3789dfc4,00ef2d90-bfdb-4392-8559-b6191bab3ed5,10,flexibility,TIMED_OUT,DEGRADED,,1771986884901188096,164.75391387939453,0.0,0.0,0,,,,,,,,,,,,2b29c30c-dc27-4e3e-ba26-cab67da189ce,11,Research has demonstrated that bilingual children often develop stronger cognitive flexibility
a4c2d574-3ef0-406d-a96e-50a06f312be2,5d9bbc54-4dc5-4a48-a9b0-423d0db4830d,0,The,COMPLETE,HIGH,,188000000,158.80775451660156,0.0,0.0,0,1150000000,1.0,The,1,3657000000,422.0,0,the,962.0,3469.0,2507.0,3ebe9133-cdd2-478a-be6f-0769ba541bbe,0,The cat sat on the mat
f4addc50-4544-4698-b662-afd2cf246b71,5d9bbc54-4dc5-4a48-a9b0-423d0db4830d,1,cat,COMPLETE,HIGH,,1766000000,157.54389762878418,0.0,0.0,0,,,,,4235000000,360.0,0,cat,,2469.0,,3ebe9133-cdd2-478a-be6f-0769ba541bbe,0,The cat sat on the mat
db1556c5-d9b3-4f93-971e-758e4e10fd65,5d9bbc54-4dc5-4a48-a9b0-423d0db4830d,2,sat,COMPLETE,DEGRADED,,3032000000,171.0193157196045,0.0,0.0,1,,,,,4875000000,515.0,0,sat,,1843.0,,3ebe9133-cdd2-478a-be6f-0769ba541bbe,0,The cat sat on the mat
2142ddf8-d3a8-4f37-94b6-ecd454bbf42a,5d9bbc54-4dc5-4a48-a9b0-423d0db4830d,3,on,COMPLETE,HIGH,,3797000000,180.98044395446777,0.0,0.0,0,2104000000,1.0,on,1,5438000000,328.0,0,on,-1693.0,1641.0,3334.0,3ebe9133-cdd2-478a-be6f-0769ba541bbe,0,The cat sat on the mat
143662f0-0927-4b00-a7af-18ce2089c8e8,5d9bbc54-4dc5-4a48-a9b0-423d0db4830d,4,the,COMPLETE,HIGH,,6344000000,165.9414768218994,0.0,0.0,0,,,,,5954000000,375.0,0,the,,-390.0,,3ebe9133-cdd2-478a-be6f-0769ba541bbe,0,The cat sat on the mat
7ea99e7c-9d4a-4b90-8251-cc33f2a9be11,5d9bbc54-4dc5-4a48-a9b0-423d0db4830d,5,mat,COMPLETE,HIGH,,2344000000,163.74611854553223,0.0,0.0,0,,,,,6625000000,453.0,0,mat,,4281.0,,3ebe9133-cdd2-478a-be6f-0769ba541bbe,0,The cat sat on the mat
08d2f4ce-8fcd-4249-9bcc-5ab12ef0c026,35a177b0-ef2b-49c5-a30a-3f410c401bf0,0,She,COMPLETE,DEGRADED,,7938000000,200.36792755126953,0.0,0.0,1,,,,,11922000000,843.0,0,she,,3984.0,,3ebe9133-cdd2-478a-be6f-0769ba541bbe,1,She walked quickly to the store
04c7aa16-5fb1-45da-a1a7-89bba00da547,35a177b0-ef2b-49c5-a30a-3f410c401bf0,1,walked,COMPLETE,HIGH,,7344000000,151.0617733001709,0.0,0.0,0,,,,,13047000000,968.0,0,walked,,5703.0,,3ebe9133-cdd2-478a-be6f-0769ba541bbe,1,She walked quickly to the store
89709e42-dc3e-46a5-b8e5-3d43a13105f3,35a177b0-ef2b-49c5-a30a-3f410c401bf0,2,quickly,TIMED_OUT,EXCLUDED,Sentence closed before slot completed.,,,,,,,,,,15016000000,1391.0,0,quickly,,,,3ebe9133-cdd2-478a-be6f-0769ba541bbe,1,She walked quickly to the store
99e65ebf-6a9c-40da-a322-1206861aef32,35a177b0-ef2b-49c5-a30a-3f410c401bf0,3,to,COMPLETE,HIGH,,8625000000,210.98780632019043,0.0,0.0,0,,,,,15438000000,297.0,0,to,,6813.0,,3ebe9133-cdd2-478a-be6f-0769ba541bbe,1,She walked quickly to the store
71f8b463-c32b-46cd-b666-e170f5d4750c,35a177b0-ef2b-49c5-a30a-3f410c401bf0,4,the,COMPLETE,HIGH,,9157000000,193.37868690490723,0.0,0.0,0,8854000000,1.0,the,1,15907000000,375.0,0,the,-303.0,6750.0,7053.0,3ebe9133-cdd2-478a-be6f-0769ba541bbe,1,She walked quickly to the store
8b8aac37-efa7-4a0b-b5c4-7cccf895d0fc,35a177b0-ef2b-49c5-a30a-3f410c401bf0,5,store,COMPLETE,HIGH,,9672000000,193.17269325256348,0.0,0.0,0,,,,,16891000000,828.0,0,store,,7219.0,,3ebe9133-cdd2-478a-be6f-0769ba541bbe,1,She walked quickly to the store
9110010f-7270-4d96-b69b-8cc5a5f0ff6a,f81074b8-4b6c-49c8-a2dd-d1059767ef60,0,The,TIMED_OUT,EXCLUDED,Sentence closed before slot completed.,,,,,,18775000000,1.0,The,1,19235000000,360.0,0,the,,,,3ebe9133-cdd2-478a-be6f-0769ba541bbe,2,The children played outside until the sun set
004e943b-21bd-4623-8cd6-909aa51557e7,f81074b8-4b6c-49c8-a2dd-d1059767ef60,1,children,COMPLETE,HIGH,,17750000000,166.64981842041016,0.0,0.0,0,19010000000,1.0,children,1,20641000000,1234.0,0,children,1260.0,2891.0,1631.0,3ebe9133-cdd2-478a-be6f-0769ba541bbe,2,The children played outside until the sun set
d4020f16-641e-4718-9396-25ab2f83af18,f81074b8-4b6c-49c8-a2dd-d1059767ef60,2,played,TIMED_OUT,EXCLUDED,Sentence closed before slot completed.,,,,,,19260000000,1.0,played,1,21797000000,984.0,0,played,,,,3ebe9133-cdd2-478a-be6f-0769ba541bbe,2,The children played outside until the sun set
5cffdce4-fc19-4986-9de8-0a1aa7baf72d,f81074b8-4b6c-49c8-a2dd-d1059767ef60,3,outside,TIMED_OUT,EXCLUDED,Sentence closed before slot completed.,,,,,,23104000000,1.0,outside,1,24407000000,1188.0,0,outside,,,,3ebe9133-cdd2-478a-be6f-0769ba541bbe,2,The children played outside until the sun set
1d786985-3d8b-44f7-93a7-11322c5c014a,f81074b8-4b6c-49c8-a2dd-d1059767ef60,4,until,COMPLETE,HIGH,,18157000000,182.8923225402832,0.0,0.0,0,,,,,25454000000,813.0,0,until,,7297.0,,3ebe9133-cdd2-478a-be6f-0769ba541bbe,2,The children played outside until the sun set
8dc14f11-0e1f-464a-b89d-db051c7da063,f81074b8-4b6c-49c8-a2dd-d1059767ef60,5,the,COMPLETE,HIGH,,18454000000,180.0074577331543,0.0,0.0,0,,,,,25938000000,391.0,0,the,,7484.0,,3ebe9133-cdd2-478a-be6f-0769ba541bbe,2,The children played outside until the sun set
e17e045b-7b27-4223-bc21-db3c7d4d1c9b,f81074b8-4b6c-49c8-a2dd-d1059767ef60,6,sun,COMPLETE,HIGH,,20969000000,206.9869041442871,0.0,0.0,0,,,,,26594000000,484.0,0,sun,,5625.0,,3ebe9133-cdd2-478a-be6f-0769ba541bbe,2,The children played outside until the sun set
dbcfdafa-a6d1-4c2d-85c5-d7d6adad2ed1,f81074b8-4b6c-49c8-a2dd-d1059767ef60,7,set,COMPLETE,HIGH,,22641000000,196.95782661437988,0.0,0.0,0,,,,,27844000000,1047.0,0,set,,5203.0,,3ebe9133-cdd2-478a-be6f-0769ba541bbe,2,The children played outside until the sun set
3faa5d28-aa43-4592-92d4-90edc68d99a4,3cf1a508-c389-4cc5-b0bc-71aea78a8c3a,0,The,TIMED_OUT,EXCLUDED,Sentence closed before slot completed.,,,,,,1666000000,1.0,The,1,2359000000,593.0,0,the,,,,41130f30-2e7a-4a3a-8f03-b76bb0509c79,0,The cat sat on the mat
01f00288-a31c-42bd-b908-4f33a7f963df,3cf1a508-c389-4cc5-b0bc-71aea78a8c3a,1,cat,COMPLETE,DEGRADED,,1016000000,151.17692947387695,0.0,0.0,1,2181000000,1.0,cat,1,3031000000,375.0,0,cat,1165.0,2015.0,850.0,41130f30-2e7a-4a3a-8f03-b76bb0509c79,0,The cat sat on the mat
9cf13f3c-fe0e-4e59-ba5b-c27e93fa5965,3cf1a508-c389-4cc5-b0bc-71aea78a8c3a,2,sat,COMPLETE,HIGH,,281000000,150.73180198669434,0.0,0.0,0,2181000000,1.0,sat,1,4250000000,453.0,0,sat,1900.0,3969.0,2069.0,41130f30-2e7a-4a3a-8f03-b76bb0509c79,0,The cat sat on the mat
97286118-fc26-4b9c-8a26-6a645c2a4f1b,3cf1a508-c389-4cc5-b0bc-71aea78a8c3a,3,on,COMPLETE,HIGH,,1516000000,152.37092971801758,0.0,0.0,0,2181000000,1.0,on,1,4813000000,329.0,0,on,665.0,3297.0,2632.0,41130f30-2e7a-4a3a-8f03-b76bb0509c79,0,The cat sat on the mat
84a2891b-73dc-452f-9ae4-6af9123e8300,3cf1a508-c389-4cc5-b0bc-71aea78a8c3a,4,the,COMPLETE,HIGH,,1813000000,155.82680702209473,0.0,0.0,0,,,,,5297000000,328.0,0,the,,3484.0,,41130f30-2e7a-4a3a-8f03-b76bb0509c79,0,The cat sat on the mat
205f78e4-f40d-4ccd-bdf0-aad4f0086084,3cf1a508-c389-4cc5-b0bc-71aea78a8c3a,5,mat,COMPLETE,HIGH,,2219000000,203.7956714630127,0.0,0.0,0,,,,,5984000000,484.0,0,mat,,3765.0,,41130f30-2e7a-4a3a-8f03-b76bb0509c79,0,The cat sat on the mat
ac1c065f-340f-4726-aaf3-8888c6c17794,d69b74ae-13e0-4783-8223-e5337efdf1db,0,She,TIMED_OUT,EXCLUDED,Sentence closed before slot completed.,,,,,,,,,,8656000000,390.0,0,she,,,,41130f30-2e7a-4a3a-8f03-b76bb0509c79,1,She walked quickly to the store
0a3df886-513f-4b59-9413-1e6949beac29,d69b74ae-13e0-4783-8223-e5337efdf1db,1,walked,COMPLETE,HIGH,,6781000000,202.25024223327637,0.0,0.0,0,,,,,9891000000,1047.0,0,walked,,3110.0,,41130f30-2e7a-4a3a-8f03-b76bb0509c79,1,She walked quickly to the store
5d47d071-be97-4148-b283-8db2eca04e9c,d69b74ae-13e0-4783-8223-e5337efdf1db,2,quickly,COMPLETE,HIGH,,7234000000,152.7535915374756,0.0,0.0,0,,,,,12031000000,1609.0,0,quickly,,4797.0,,41130f30-2e7a-4a3a-8f03-b76bb0509c79,1,She walked quickly to the store
4b7d1d94-d019-484c-a0dc-8f63b766f8b6,d69b74ae-13e0-4783-8223-e5337efdf1db,3,to,COMPLETE,HIGH,,7453000000,155.80487251281738,0.0,0.0,0,,,,,12547000000,266.0,0,to,,5094.0,,41130f30-2e7a-4a3a-8f03-b76bb0509c79,1,She walked quickly to the store
bc423618-ca28-4933-9723-acb91155522c,d69b74ae-13e0-4783-8223-e5337efdf1db,4,the,COMPLETE,HIGH,,7828000000,160.72535514831543,0.0,0.0,0,8681000000,1.0,the,1,13109000000,437.0,0,the,853.0,5281.0,4428.0,41130f30-2e7a-4a3a-8f03-b76bb0509c79,1,She walked quickly to the store
dbbb67f9-42e0-42b2-a251-75a8a5130f9f,d69b74ae-13e0-4783-8223-e5337efdf1db,5,store,COMPLETE,HIGH,,8047000000,170.16291618347168,0.0,0.0,0,,,,,14656000000,1172.0,0,tore,,6609.0,,41130f30-2e7a-4a3a-8f03-b76bb0509c79,1,She walked quickly to the store
719a618a-e11c-481c-9134-df9132635f1c,580acf59-1534-4ab3-9519-18e590f9fc22,0,The,TIMED_OUT,EXCLUDED,Sentence closed before slot completed.,,,,,,15947000000,1.0,The,1,18516000000,360.0,0,the,,,,41130f30-2e7a-4a3a-8f03-b76bb0509c79,2,The children played outside until the sun set
9d08952a-8222-446e-9588-7a4c1f275ccb,580acf59-1534-4ab3-9519-18e590f9fc22,1,children,TIMED_OUT,EXCLUDED,Sentence closed before slot completed.,,,,,,16463000000,1.0,children,1,20047000000,1391.0,0,children,,,,41130f30-2e7a-4a3a-8f03-b76bb0509c79,2,The children played outside until the sun set
841fd846-c517-44f9-8463-b5888e88366a,580acf59-1534-4ab3-9519-18e590f9fc22,2,played,COMPLETE,DEGRADED,,15656000000,168.68996620178223,0.0,0.0,1,,,,,21141000000,844.0,0,played,,5485.0,,41130f30-2e7a-4a3a-8f03-b76bb0509c79,2,The children played outside until the sun set
bed0bca4-7b2b-420c-b587-fd1c7683b14e,580acf59-1534-4ab3-9519-18e590f9fc22,3,outside,COMPLETE,DEGRADED,,15281000000,151.40938758850098,0.0,0.0,1,17056000000,1.0,outside,1,22578000000,1203.0,0,outside,1775.0,7297.0,5522.0,41130f30-2e7a-4a3a-8f03-b76bb0509c79,2,The children played outside until the sun set
c85ff555-b740-4682-98f4-36a1091c7c39,580acf59-1534-4ab3-9519-18e590f9fc22,4,until,COMPLETE,HIGH,,15094000000,167.66977310180664,0.0,0.0,0,,,,,23656000000,859.0,0,until,,8562.0,,41130f30-2e7a-4a3a-8f03-b76bb0509c79,2,The children played outside until the sun set
b2896607-4bb9-4265-a445-43071fa5e1df,580acf59-1534-4ab3-9519-18e590f9fc22,5,the,COMPLETE,HIGH,,16547000000,159.15632247924805,0.0,0.0,0,,,,,24172000000,422.0,0,the,,7625.0,,41130f30-2e7a-4a3a-8f03-b76bb0509c79,2,The children played outside until the sun set
82380865-9d90-457a-a178-b61375297e7c,580acf59-1534-4ab3-9519-18e590f9fc22,6,sun,COMPLETE,HIGH,,17125000000,156.76307678222656,0.0,0.0,0,,,,,24891000000,547.0,0,sun,,7766.0,,41130f30-2e7a-4a3a-8f03-b76bb0509c79,2,The children played outside until the sun set
f4c37b97-f627-499c-8b95-bbd5c159adce,580acf59-1534-4ab3-9519-18e590f9fc22,7,set,COMPLETE,HIGH,,17391000000,187.67404556274414,0.0,0.0,0,,,,,25625000000,578.0,0,set,,8234.0,,41130f30-2e7a-4a3a-8f03-b76bb0509c79,2,The children played outside until the sun set
ace45349-2d35-4df2-9362-b22a5c594809,f1b24c44-1e89-4305-81f1-9317ae22e35e,0,The,TIMED_OUT,DEGRADED,,1772010030633875712,176.5589714050293,0.0,0.0,0,,,,,,,,,,,,53d1d3ed-8462-4021-9530-53b8591584eb,0,The cat sat on the mat
47dcef48-16fa-4bbc-9322-f63b13fc2250,f1b24c44-1e89-4305-81f1-9317ae22e35e,1,cat,TIMED_OUT,DEGRADED,,1772010030433426176,163.09285163879395,0.0,0.0,0,,,,,,,,,,,,53d1d3ed-8462-4021-9530-53b8591584eb,0,The cat sat on the mat
57df3433-f4b3-4cfc-97ed-be4fe859d75b,f1b24c44-1e89-4305-81f1-9317ae22e35e,2,sat,COMPLETE,HIGH,,1772010028420080896,166.8999195098877,0.0,0.0,0,1772010033486419968,1.0,sat,1,,,,,5066.339072,,,53d1d3ed-8462-4021-9530-53b8591584eb,0,The cat sat on the mat
619ac892-7f1d-43fa-a247-db45e57a5633,f1b24c44-1e89-4305-81f1-9317ae22e35e,3,on,COMPLETE,HIGH,,1772010029412948480,165.82155227661133,0.0,0.0,0,1772010033486419968,1.0,on,1,,,,,4073.471488,,,53d1d3ed-8462-4021-9530-53b8591584eb,0,The cat sat on the mat
9b53f12d-7279-4fcc-b7f9-54cbaf6f39a4,f1b24c44-1e89-4305-81f1-9317ae22e35e,4,the,COMPLETE,HIGH,,1772010032997703168,151.0474681854248,0.0,0.0,0,1772010033486419968,1.0,the,1,,,,,488.7168,,,53d1d3ed-8462-4021-9530-53b8591584eb,0,The cat sat on the mat
41d14d65-af57-4f3c-bffe-bc13bf3e8085,f1b24c44-1e89-4305-81f1-9317ae22e35e,5,mat,TIMED_OUT,DEGRADED,,1772010033300273152,155.2259922027588,0.0,0.0,0,,,,,,,,,,,,53d1d3ed-8462-4021-9530-53b8591584eb,0,The cat sat on the mat
b49c2e84-985a-4ab6-8671-e1043d22d038,6696d17e-7bdf-4c6e-a377-440305f82c23,0,She,TIMED_OUT,DEGRADED,,1772010036266881280,159.698486328125,0.0,0.0,0,,,,,,,,,,,,53d1d3ed-8462-4021-9530-53b8591584eb,1,She walked quickly to the store
1ca56793-e23c-4143-ab5f-b636bd859fe0,6696d17e-7bdf-4c6e-a377-440305f82c23,1,walked,TIMED_OUT,EXCLUDED,Sentence closed before slot completed.,,,,,,,,,,,,,,,,,53d1d3ed-8462-4021-9530-53b8591584eb,1,She walked quickly to the store
ad89c837-b544-4526-8ec6-cb13fcf0ee48,6696d17e-7bdf-4c6e-a377-440305f82c23,2,quickly,TIMED_OUT,DEGRADED,,1772010035688011008,158.6315631866455,0.0,0.0,0,,,,,,,,,,,,53d1d3ed-8462-4021-9530-53b8591584eb,1,She walked quickly to the store
7c6baf6d-47e0-4416-a7fa-01dd999f012d,6696d17e-7bdf-4c6e-a377-440305f82c23,3,to,COMPLETE,HIGH,,1772010036813107456,173.72369766235352,0.0,0.0,0,1772010037406862592,1.0,to,1,,,,,593.755136,,,53d1d3ed-8462-4021-9530-53b8591584eb,1,She walked quickly to the store
96903c97-d574-4647-9d05-d060ec5f59bd,6696d17e-7bdf-4c6e-a377-440305f82c23,4,the,TIMED_OUT,EXCLUDED,Sentence closed before slot completed.,,,,,,,,,,,,,,,,,53d1d3ed-8462-4021-9530-53b8591584eb,1,She walked quickly to the store
10783adb-ec6d-4d73-bd1a-033166dc533a,6696d17e-7bdf-4c6e-a377-440305f82c23,5,store,TIMED_OUT,DEGRADED,,1772010037227246080,172.06406593322754,0.0,0.0,0,,,,,,,,,,,,53d1d3ed-8462-4021-9530-53b8591584eb,1,She walked quickly to the store
11175703-6df6-431f-bb35-9c697bb061e7,1ca8dbb4-6502-4302-ad9c-2591df136f78,0,The,COMPLETE,HIGH,,1772010038619066368,202.47936248779297,0.0,0.0,0,1772010039628423168,1.0,The,1,,,,,1009.3568,,,53d1d3ed-8462-4021-9530-53b8591584eb,2,The children played outside until the sun set
bbb99203-dd78-4a88-a7e6-370a1ce094e0,1ca8dbb4-6502-4302-ad9c-2591df136f78,1,children,TIMED_OUT,EXCLUDED,Sentence closed before slot completed.,,,,,,1772010040149081344,1.0,children,1,,,,,,,,53d1d3ed-8462-4021-9530-53b8591584eb,2,The children played outside until the sun set
0fd05c15-7f75-4823-9d68-bf17e302c2b2,1ca8dbb4-6502-4302-ad9c-2591df136f78,2,played,COMPLETE,HIGH,,1772010039332422656,167.65117645263672,0.0,0.0,0,1772010040432060928,1.0,played,1,,,,,1099.638272,,,53d1d3ed-8462-4021-9530-53b8591584eb,2,The children played outside until the sun set
560aa730-f91e-4c50-b1cf-8d59ac5b737b,1ca8dbb4-6502-4302-ad9c-2591df136f78,3,outside,COMPLETE,HIGH,,1772010039658597888,183.3364963531494,0.0,0.0,0,1772010040962446336,1.0,outside,1,,,,,1303.848448,,,53d1d3ed-8462-4021-9530-53b8591584eb,2,The children played outside until the sun set
82d5d209-1ed0-42f5-bf1a-66f3c506571d,1ca8dbb4-6502-4302-ad9c-2591df136f78,4,until,TIMED_OUT,EXCLUDED,Sentence closed before slot completed.,,,,,,,,,,,,,,,,,53d1d3ed-8462-4021-9530-53b8591584eb,2,The children played outside until the sun set
aca9eb8f-4dc6-4ef7-8b03-aaed6da0cf1c,1ca8dbb4-6502-4302-ad9c-2591df136f78,5,the,TIMED_OUT,DEGRADED,,1772010040189053184,180.04417419433594,0.0,0.0,0,,,,,,,,,,,,53d1d3ed-8462-4021-9530-53b8591584eb,2,The children played outside until the sun set
5062efac-fbf1-4027-b3a0-2a00dfe1c9ef,1ca8dbb4-6502-4302-ad9c-2591df136f78,6,sun,TIMED_OUT,EXCLUDED,Sentence closed before slot completed.,,,,,,,,,,,,,,,,,53d1d3ed-8462-4021-9530-53b8591584eb,2,The children played outside until the sun set
80dcc275-2bc1-4b32-9804-043d7f9cf91b,1ca8dbb4-6502-4302-ad9c-2591df136f78,7,set,TIMED_OUT,DEGRADED,,1772010040836883712,161.99994087219238,0.0,0.0,0,,,,,,,,,,,,53d1d3ed-8462-4021-9530-53b8591584eb,2,The children played outside until the sun set
bf8f241e-a08f-4a88-ba5e-6b82798f455d,eeb5dcae-9bed-4caa-b6cd-fadb9ff8834c,0,Every,TIMED_OUT,EXCLUDED,Sentence closed before slot completed.,,,,,,1772010043726746880,1.0,Every,1,,,,,,,,53d1d3ed-8462-4021-9530-53b8591584eb,3,Every morning she read the newspaper before breakfast
fccb6864-5a4a-4142-910e-04add0299e00,eeb5dcae-9bed-4caa-b6cd-fadb9ff8834c,1,morning,COMPLETE,HIGH,,1772010042596677888,163.26403617858887,0.0,0.0,0,1772010043996814336,1.0,morning,1,,,,,1400.136448,,,53d1d3ed-8462-4021-9530-53b8591584eb,3,Every morning she read the newspaper before breakfast
fec236fa-d970-4edf-9ec4-717d309c49c5,eeb5dcae-9bed-4caa-b6cd-fadb9ff8834c,2,she,TIMED_OUT,EXCLUDED,Sentence closed before slot completed.,,,,,,,,,,,,,,,,,53d1d3ed-8462-4021-9530-53b8591584eb,3,Every morning she read the newspaper before breakfast
f8d5f0de-76c0-45a3-9818-0211168346f6,eeb5dcae-9bed-4caa-b6cd-fadb9ff8834c,3,read,TIMED_OUT,DEGRADED,,1772010043566771200,169.93212699890137,0.0,0.0,0,,,,,,,,,,,,53d1d3ed-8462-4021-9530-53b8591584eb,3,Every morning she read the newspaper before breakfast
643551a7-7e39-4387-8921-d77cdf3f44f8,eeb5dcae-9bed-4caa-b6cd-fadb9ff8834c,4,the,COMPLETE,HIGH,,1772010043910669824,170.03703117370605,0.0,0.0,0,1772010045046748416,1.0,the,1,,,,,1136.078592,,,53d1d3ed-8462-4021-9530-53b8591584eb,3,Every morning she read the newspaper before breakfast
32160fa8-2150-4d27-b437-13fba12cec47,eeb5dcae-9bed-4caa-b6cd-fadb9ff8834c,5,newspaper,COMPLETE,HIGH,,1772010044377334016,179.60453033447266,0.0,0.0,0,1772010045777865216,1.0,newspaper,1,,,,,1400.5312,,,53d1d3ed-8462-4021-9530-53b8591584eb,3,Every morning she read the newspaper before breakfast
860374f3-26f8-4e3b-b26e-bf72f7840115,eeb5dcae-9bed-4caa-b6cd-fadb9ff8834c,6,before,COMPLETE,HIGH,,1772010044626017792,160.67171096801758,0.0,0.0,0,1772010046060986880,1.0,before,1,,,,,1434.969088,,,53d1d3ed-8462-4021-9530-53b8591584eb,3,Every morning she read the newspaper before breakfast
5dba0574-a4aa-4afc-bfac-3b8592c0e37d,eeb5dcae-9bed-4caa-b6cd-fadb9ff8834c,7,breakfast,COMPLETE,HIGH,,1772010042136893184,170.06301879882812,0.0,0.0,0,1772010046570871040,1.0,breakfast,1,,,,,4433.977856,,,53d1d3ed-8462-4021-9530-53b8591584eb,3,Every morning she read the newspaper before breakfast
bdbd2ca3-885b-47b9-b53d-3bfca1167c56,fd16d01b-6262-45b7-b3ef-881a946ce88d,0,The,TIMED_OUT,EXCLUDED,Sentence closed before slot completed.,,,,,,1772010048076701184,1.0,The,1,,,,,,,,53d1d3ed-8462-4021-9530-53b8591584eb,4,The scientist observed that the plants grew faster in sunlight
7683b55c-395e-4c1c-b20d-b149374051ab,fd16d01b-6262-45b7-b3ef-881a946ce88d,1,scientist,COMPLETE,HIGH,,1772010047466112512,178.2703399658203,0.0,0.0,0,1772010048356974848,0.9473684210526315,scientist,0.9473684210526315,,,,,890.862336,,,53d1d3ed-8462-4021-9530-53b8591584eb,4,The scientist observed that the plants grew faster in sunlight
b933074b-82f1-4a30-9e1f-8d73448c7b72,fd16d01b-6262-45b7-b3ef-881a946ce88d,2,observed,TIMED_OUT,EXCLUDED,Sentence closed before slot completed.,,,,,,1772010049107045120,1.0,observed,1,,,,,,,,53d1d3ed-8462-4021-9530-53b8591584eb,4,The scientist observed that the plants grew faster in sunlight
ddbcb376-d73b-4822-8027-941bad33b9d4,fd16d01b-6262-45b7-b3ef-881a946ce88d,3,that,COMPLETE,HIGH,,1772010047879200000,179.92448806762695,0.0,0.0,0,1772010049362579712,1.0,that,1,,,,,1483.379712,,,53d1d3ed-8462-4021-9530-53b8591584eb,4,The scientist observed that the plants grew faster in sunlight
d7c1e586-f63f-4b67-a9d9-f0fdb148ecde,fd16d01b-6262-45b7-b3ef-881a946ce88d,4,the,TIMED_OUT,DEGRADED,,1772010048277161216,163.87057304382324,0.0,0.0,0,,,,,,,,,,,,53d1d3ed-8462-4021-9530-53b8591584eb,4,The scientist observed that the plants grew faster in sunlight
7d71dfb8-581b-4da7-b7e5-85142acbc2e5,fd16d01b-6262-45b7-b3ef-881a946ce88d,5,plants,TIMED_OUT,DEGRADED,,1772010048672035840,150.7549285888672,0.0,0.0,0,,,,,,,,,,,,53d1d3ed-8462-4021-9530-53b8591584eb,4,The scientist observed that the plants grew faster in sunlight
90b31f2d-92ed-4983-ba81-39139426bc0f,fd16d01b-6262-45b7-b3ef-881a946ce88d,6,grew,TIMED_OUT,DEGRADED,,1772010048976523008,191.87545776367188,0.0,0.0,0,,,,,,,,,,,,53d1d3ed-8462-4021-9530-53b8591584eb,4,The scientist observed that the plants grew faster in sunlight
d9426f50-9e71-4f15-ac94-a31f8bbd55d0,fd16d01b-6262-45b7-b3ef-881a946ce88d,7,faster,TIMED_OUT,DEGRADED,,1772010049330530304,157.6218605041504,0.0,0.0,0,,,,,,,,,,,,53d1d3ed-8462-4021-9530-53b8591584eb,4,The scientist observed that the plants grew faster in sunlight
15725b13-63bf-4053-ab35-bcd639ad29e1,fd16d01b-6262-45b7-b3ef-881a946ce88d,8,in,TIMED_OUT,DEGRADED,,1772010049610372352,176.58352851867676,0.0,0.0,0,,,,,,,,,,,,53d1d3ed-8462-4021-9530-53b8591584eb,4,The scientist observed that the plants grew faster in sunlight
64a31146-5b98-45be-948d-60a32fadc52f,fd16d01b-6262-45b7-b3ef-881a946ce88d,9,sunlight,TIMED_OUT,DEGRADED,,1772010050036890624,156.72683715820312,0.0,0.0,0,,,,,,,,,,,,53d1d3ed-8462-4021-9530-53b8591584eb,4,The scientist observed that the plants grew faster in sunlight
8e83015a-c0f9-434c-be22-05e4f3a073e5,c6aed30c-2e46-4776-bac2-2f27f1e16daf,0,After,COMPLETE,HIGH,,1772010051639364096,179.4717311859131,0.0,0.0,0,1772010052437231872,1.0,After,1,,,,,797.867776,,,53d1d3ed-8462-4021-9530-53b8591584eb,5,After the storm the streets were covered with fallen leaves
3ea046fe-dd6d-4dfb-a1e9-39a2a23eadf2,c6aed30c-2e46-4776-bac2-2f27f1e16daf,1,the,TIMED_OUT,EXCLUDED,Sentence closed before slot completed.,,,,,,1772010052966761472,1.0,the,1,,,,,,,,53d1d3ed-8462-4021-9530-53b8591584eb,5,After the storm the streets were covered with fallen leaves
e050ec39-fc7d-4a98-95ed-085d942fc69c,c6aed30c-2e46-4776-bac2-2f27f1e16daf,2,storm,TIMED_OUT,EXCLUDED,Sentence closed before slot completed.,,,,,,1772010053227169024,1.0,storm,1,,,,,,,,53d1d3ed-8462-4021-9530-53b8591584eb,5,After the storm the streets were covered with fallen leaves
65775541-be93-4b8c-b6ad-876787061f9e,c6aed30c-2e46-4776-bac2-2f27f1e16daf,3,the,TIMED_OUT,EXCLUDED,Sentence closed before slot completed.,,,,,,,,,,,,,,,,,53d1d3ed-8462-4021-9530-53b8591584eb,5,After the storm the streets were covered with fallen leaves
0cf49ea6-2749-4dde-94ec-4bbe1eda585b,c6aed30c-2e46-4776-bac2-2f27f1e16daf,4,streets,TIMED_OUT,DEGRADED,,1772010052359215616,169.19803619384766,0.0,0.0,0,,,,,,,,,,,,53d1d3ed-8462-4021-9530-53b8591584eb,5,After the storm the streets were covered with fallen leaves
36a27a8f-7d7a-47e8-91ca-355ddea9252a,c6aed30c-2e46-4776-bac2-2f27f1e16daf,5,were,TIMED_OUT,DEGRADED,,1772010052723768320,157.80067443847656,0.0,0.0,0,,,,,,,,,,,,53d1d3ed-8462-4021-9530-53b8591584eb,5,After the storm the streets were covered with fallen leaves
44824e1b-4f29-4140-bd01-c756d65ccacc,c6aed30c-2e46-4776-bac2-2f27f1e16daf,6,covered,TIMED_OUT,DEGRADED,,1772010052918020608,160.77280044555664,0.0,0.0,0,,,,,,,,,,,,53d1d3ed-8462-4021-9530-53b8591584eb,5,After the storm the streets were covered with fallen leaves
ff109848-ff6d-472d-8503-44e8ba227756,c6aed30c-2e46-4776-bac2-2f27f1e16daf,7,with,TIMED_OUT,DEGRADED,,1772010053258897664,183.55679512023926,0.0,0.0,0,,,,,,,,,,,,53d1d3ed-8462-4021-9530-53b8591584eb,5,After the storm the streets were covered with fallen leaves
8efb44b2-2a25-40f6-b8f3-bdfa0273d19e,c6aed30c-2e46-4776-bac2-2f27f1e16daf,8,fallen,TIMED_OUT,DEGRADED,,1772010053651302144,162.80412673950195,0.0,0.0,0,,,,,,,,,,,,53d1d3ed-8462-4021-9530-53b8591584eb,5,After the storm the streets were covered with fallen leaves
ceb41ae8-3b0a-4818-93cd-16cab9fc856c,c6aed30c-2e46-4776-bac2-2f27f1e16daf,9,leaves,TIMED_OUT,DEGRADED,,1772010053940868864,156.12268447875977,0.0,0.0,0,,,,,,,,,,,,53d1d3ed-8462-4021-9530-53b8591584eb,5,After the storm the streets were covered with fallen leaves
19621e0c-7930-4554-a082-6e9a753373bf,66480c32-5f11-45b1-9f16-ed19d47a2130,0,The,TIMED_OUT,EXCLUDED,Sentence closed before slot completed.,,,,,,1772010056538459648,1.0,The,1,,,,,,,,53d1d3ed-8462-4021-9530-53b8591584eb,6,The museum displayed artifacts from ancient civilizations around the world
2669a44d-bf99-42e5-b2a2-9a657860fdb4,66480c32-5f11-45b1-9f16-ed19d47a2130,1,museum,TIMED_OUT,EXCLUDED,Sentence closed before slot completed.,,,,,,1772010057042949376,1.0,museum,1,,,,,,,,53d1d3ed-8462-4021-9530-53b8591584eb,6,The museum displayed artifacts from ancient civilizations around the world
1ae2107f-20da-46bc-99d4-f7caae0cac58,66480c32-5f11-45b1-9f16-ed19d47a2130,2,displayed,TIMED_OUT,DEGRADED,,1772010055822305024,152.94146537780762,0.0,0.0,0,,,,,,,,,,,,53d1d3ed-8462-4021-9530-53b8591584eb,6,The museum displayed artifacts from ancient civilizations around the world
a25e67be-80b6-4ec2-acfa-cada4221d899,66480c32-5f11-45b1-9f16-ed19d47a2130,3,artifacts,TIMED_OUT,EXCLUDED,Sentence closed before slot completed.,,,,,,1772010057798029824,1.0,artifacts,1,,,,,,,,53d1d3ed-8462-4021-9530-53b8591584eb,6,The museum displayed artifacts from ancient civilizations around the world
008f4781-1a27-4ec4-ac3d-a2a15c2f190f,66480c32-5f11-45b1-9f16-ed19d47a2130,4,from,COMPLETE,HIGH,,1772010056787752192,185.26387214660645,0.0,0.0,0,1772010057798029824,1.0,from,1,,,,,1010.277632,,,53d1d3ed-8462-4021-9530-53b8591584eb,6,The museum displayed artifacts from ancient civilizations around the world
cd9c7b0e-0944-49c4-b6ba-3c8eb6308485,66480c32-5f11-45b1-9f16-ed19d47a2130,5,ancient,TIMED_OUT,DEGRADED,,1772010057238929408,160.05563735961914,0.0,0.0,0,,,,,,,,,,,,53d1d3ed-8462-4021-9530-53b8591584eb,6,The museum displayed artifacts from ancient civilizations around the world
537db772-4945-4364-acc9-10f1c4aeaeb9,66480c32-5f11-45b1-9f16-ed19d47a2130,6,civilizations,COMPLETE,HIGH,,1772010057428837120,169.82698440551758,0.0,0.0,0,1772010060656616192,0.96,civilizations,0.96,,,,,3227.779072,,,53d1d3ed-8462-4021-9530-53b8591584eb,6,The museum displayed artifacts from ancient civilizations around the world
96c7a25f-cb0f-4a85-8ab1-92bf2b724d14,66480c32-5f11-45b1-9f16-ed19d47a2130,7,around,COMPLETE,HIGH,,1772010059202132224,174.23391342163086,0.0,0.0,0,1772010060656616192,1.0,around,1,,,,,1454.483968,,,53d1d3ed-8462-4021-9530-53b8591584eb,6,The museum displayed artifacts from ancient civilizations around the world
9264be55-9955-462e-a771-d94ec3dd2cba,66480c32-5f11-45b1-9f16-ed19d47a2130,8,the,TIMED_OUT,DEGRADED,,1772010059479641088,191.03217124938965,0.0,0.0,0,,,,,,,,,,,,53d1d3ed-8462-4021-9530-53b8591584eb,6,The museum displayed artifacts from ancient civilizations around the world
17af53d1-b2d3-40c7-ab2d-79e8fabdd125,66480c32-5f11-45b1-9f16-ed19d47a2130,9,world,COMPLETE,HIGH,,1772010060039493888,155.06410598754883,0.0,0.0,0,1772010060878994688,1.0,world,1,,,,,839.5008,,,53d1d3ed-8462-4021-9530-53b8591584eb,6,The museum displayed artifacts from ancient civilizations around the world
ff70144a-d8d6-4650-a559-404880b17366,fd9b5154-e61d-41af-a9cb-f03fd3e2b05f,0,During,COMPLETE,HIGH,,1772010062407014656,179.74185943603516,0.0,0.0,0,1772010064743652352,1.0,During,1,,,,,2336.637696,,,53d1d3ed-8462-4021-9530-53b8591584eb,7,During the summer holidays they traveled to several different countries
eb57fa64-c0db-45e3-92bc-437a3ab46e2c,fd9b5154-e61d-41af-a9cb-f03fd3e2b05f,1,the,COMPLETE,HIGH,,1772010062743805952,181.42104148864746,0.0,0.0,0,1772010064743652352,1.0,the,1,,,,,1999.8464,,,53d1d3ed-8462-4021-9530-53b8591584eb,7,During the summer holidays they traveled to several different countries
059cbcca-d734-44bf-9b40-7ff825aa7699,fd9b5154-e61d-41af-a9cb-f03fd3e2b05f,2,summer,TIMED_OUT,EXCLUDED,Sentence closed before slot completed.,,,,,,1772010064986967808,1.0,summer,1,,,,,,,,53d1d3ed-8462-4021-9530-53b8591584eb,7,During the summer holidays they traveled to several different countries
7d284f3d-ee48-4c72-819b-ebcd692c6a52,fd9b5154-e61d-41af-a9cb-f03fd3e2b05f,3,holidays,COMPLETE,HIGH,,1772010063970051072,176.7575740814209,0.0,0.0,0,1772010065247186944,0.9333333333333333,holidays,0.9333333333333333,,,,,1277.135872,,,53d1d3ed-8462-4021-9530-53b8591584eb,7,During the summer holidays they traveled to several different countries
194ff44b-9791-45e5-bf0a-34b0a3fa3b6c,fd9b5154-e61d-41af-a9cb-f03fd3e2b05f,4,they,TIMED_OUT,DEGRADED,,1772010064243688704,156.05854988098145,0.0,0.0,0,,,,,,,,,,,,53d1d3ed-8462-4021-9530-53b8591584eb,7,During the summer holidays they traveled to several different countries
af65d55f-ff65-4950-8d17-9ef19f41fd35,fd9b5154-e61d-41af-a9cb-f03fd3e2b05f,5,traveled,TIMED_OUT,DEGRADED,,1772010064448490496,158.48469734191895,0.0,0.0,0,,,,,,,,,,,,53d1d3ed-8462-4021-9530-53b8591584eb,7,During the summer holidays they traveled to several different countries
69f26c46-d133-4c46-a205-52310c9527be,fd9b5154-e61d-41af-a9cb-f03fd3e2b05f,6,to,COMPLETE,HIGH,,1772010065312751104,164.07513618469238,0.0,0.0,0,1772010066519362560,1.0,to,1,,,,,1206.611456,,,53d1d3ed-8462-4021-9530-53b8591584eb,7,During the summer holidays they traveled to several different countries
e4794a04-ad84-44b4-acab-cfb360579a40,fd9b5154-e61d-41af-a9cb-f03fd3e2b05f,7,several,TIMED_OUT,DEGRADED,,1772010065636748288,159.074068069458,0.0,0.0,0,,,,,,,,,,,,53d1d3ed-8462-4021-9530-53b8591584eb,7,During the summer holidays they traveled to several different countries
99c4a52e-75c1-4f18-aa37-d2a5a98aaa41,fd9b5154-e61d-41af-a9cb-f03fd3e2b05f,8,different,COMPLETE,HIGH,,1772010065975569408,157.14406967163086,0.0,0.0,0,1772010067027118080,1.0,different,1,,,,,1051.548672,,,53d1d3ed-8462-4021-9530-53b8591584eb,7,During the summer holidays they traveled to several different countries
7e434e85-65e3-4c7d-bd28-990edb192da1,fd9b5154-e61d-41af-a9cb-f03fd3e2b05f,9,countries,COMPLETE,HIGH,,1772010066623038720,173.4464168548584,0.0,0.0,0,1772010068300510720,1.0,countries,1,,,,,1677.472,,,53d1d3ed-8462-4021-9530-53b8591584eb,7,During the summer holidays they traveled to several different countries
cec3554a-e991-4e44-b3ec-ba2213f57551,24f9703d-db64-48d8-ab96-0146ae22d30c,0,The,COMPLETE,HIGH,,1772010070297041152,179.99911308288574,0.0,0.0,0,1772010072668121344,1.0,The,1,,,,,2371.080192,,,53d1d3ed-8462-4021-9530-53b8591584eb,8,The engineer carefully examined the bridge structure before approving the design
491575bb-3e37-4885-a5fb-5822fd930acd,24f9703d-db64-48d8-ab96-0146ae22d30c,1,engineer,COMPLETE,HIGH,,1772010070937017088,169.77834701538086,0.0,0.0,0,1772010072668121344,0.8571428571428571,engineer,0.8571428571428571,,,,,1731.104256,,,53d1d3ed-8462-4021-9530-53b8591584eb,8,The engineer carefully examined the bridge structure before approving the design
db92aaa0-ebce-4131-84f3-baeeddca127e,24f9703d-db64-48d8-ab96-0146ae22d30c,2,carefully,TIMED_OUT,EXCLUDED,Sentence closed before slot completed.,,,,,,1772010073437214464,1.0,carefully,1,,,,,,,,53d1d3ed-8462-4021-9530-53b8591584eb,8,The engineer carefully examined the bridge structure before approving the design
d92ae1c2-ff92-46d1-b429-853512a87659,24f9703d-db64-48d8-ab96-0146ae22d30c,3,examined,COMPLETE,HIGH,,1772010072342717952,186.71917915344238,0.0,0.0,0,1772010073945201920,0.9333333333333333,examined,0.9333333333333333,,,,,1602.483968,,,53d1d3ed-8462-4021-9530-53b8591584eb,8,The engineer carefully examined the bridge structure before approving the design
b281e2b0-1836-4baf-9bb3-443cae793b86,24f9703d-db64-48d8-ab96-0146ae22d30c,4,the,TIMED_OUT,EXCLUDED,Sentence closed before slot completed.,,,,,,,,,,,,,,,,,53d1d3ed-8462-4021-9530-53b8591584eb,8,The engineer carefully examined the bridge structure before approving the design
a278b7fe-35f8-411d-aedb-11b6bd0372ec,24f9703d-db64-48d8-ab96-0146ae22d30c,5,bridge,TIMED_OUT,DEGRADED,,1772010072777088256,151.46875381469727,0.0,0.0,0,,,,,,,,,,,,53d1d3ed-8462-4021-9530-53b8591584eb,8,The engineer carefully examined the bridge structure before approving the design
2da66c6e-8689-402c-821b-f0aac4284659,24f9703d-db64-48d8-ab96-0146ae22d30c,6,structure,COMPLETE,HIGH,,1772010069864539904,184.43655967712402,0.0,0.0,0,1772010074957170176,1.0,structure,1,,,,,5092.630272,,,53d1d3ed-8462-4021-9530-53b8591584eb,8,The engineer carefully examined the bridge structure before approving the design
e9f26753-95df-433c-81fd-a59132a3be2f,24f9703d-db64-48d8-ab96-0146ae22d30c,7,before,COMPLETE,HIGH,,1772010073646476800,171.1726188659668,0.0,0.0,0,1772010075496662784,1.0,before,1,,,,,1850.185984,,,53d1d3ed-8462-4021-9530-53b8591584eb,8,The engineer carefully examined the bridge structure before approving the design
e96f0260-3692-4108-86a4-e61197ca9fe4,24f9703d-db64-48d8-ab96-0146ae22d30c,8,approving,COMPLETE,HIGH,,1772010074456933888,206.15124702453613,0.0,0.0,0,1772010075722019072,1.0,approving,1,,,,,1265.085184,,,53d1d3ed-8462-4021-9530-53b8591584eb,8,The engineer carefully examined the bridge structure before approving the design
1e280c0c-5c3a-4432-b3d5-90ebcbb6995e,24f9703d-db64-48d8-ab96-0146ae22d30c,9,the,TIMED_OUT,DEGRADED,,1772010074703321856,157.77277946472168,0.0,0.0,0,,,,,,,,,,,,53d1d3ed-8462-4021-9530-53b8591584eb,8,The engineer carefully examined the bridge structure before approving the design
272c1e11-501c-40c0-93c5-6988700423ae,24f9703d-db64-48d8-ab96-0146ae22d30c,10,design,TIMED_OUT,DEGRADED,,1772010074900780032,178.2991886138916,0.0,0.0,0,,,,,,,,,,,,53d1d3ed-8462-4021-9530-53b8591584eb,8,The engineer carefully examined the bridge structure before approving the design
43f3ae5f-9e46-4821-8c04-165787d7c3a2,7575f9d1-106c-4742-b2d3-6879537a5b48,0,She,COMPLETE,HIGH,,1772010076708802048,177.9775619506836,0.0,0.0,0,1772010078301595904,1.0,She,1,,,,,1592.793856,,,53d1d3ed-8462-4021-9530-53b8591584eb,9,She discovered that consistent practice significantly improved her reading speed
2c480e9b-cf8c-4a2f-9a0f-fc4cefff195d,7575f9d1-106c-4742-b2d3-6879537a5b48,1,discovered,COMPLETE,HIGH,,1772010077366850816,159.98530387878418,0.0,0.0,0,1772010078798255872,1.0,discovered,1,,,,,1431.405056,,,53d1d3ed-8462-4021-9530-53b8591584eb,9,She discovered that consistent practice significantly improved her reading speed
51277b9a-65a9-4d5f-b96b-3ee59facae6d,7575f9d1-106c-4742-b2d3-6879537a5b48,2,that,COMPLETE,HIGH,,1772010077615860736,150.22754669189453,0.0,0.0,0,1772010078798255872,1.0,that,1,,,,,1182.395136,,,53d1d3ed-8462-4021-9530-53b8591584eb,9,She discovered that consistent practice significantly improved her reading speed
31b2b496-1cd9-4d7d-8ac4-b5a80e219fb6,7575f9d1-106c-4742-b2d3-6879537a5b48,3,consistent,TIMED_OUT,DEGRADED,,1772010077919600384,157.15551376342773,0.0,0.0,0,,,,,,,,,,,,53d1d3ed-8462-4021-9530-53b8591584eb,9,She discovered that consistent practice significantly improved her reading speed
5d797922-81ce-4e59-8768-92cc1eaec371,7575f9d1-106c-4742-b2d3-6879537a5b48,4,practice,COMPLETE,HIGH,,1772010078140617728,172.81579971313477,0.0,0.0,0,1772010079823135232,1.0,practice,1,,,,,1682.517504,,,53d1d3ed-8462-4021-9530-53b8591584eb,9,She discovered that consistent practice significantly improved her reading speed
100621c9-329e-4d31-89b8-4f2ccab412c8,7575f9d1-106c-4742-b2d3-6879537a5b48,5,significantly,COMPLETE,HIGH,,1772010078650447616,170.79782485961914,0.0,0.0,0,1772010080855040000,1.0,significantly,1,,,,,2204.592384,,,53d1d3ed-8462-4021-9530-53b8591584eb,9,She discovered that consistent practice significantly improved her reading speed
94311b9a-7bda-42bc-b254-69f40e09bd42,7575f9d1-106c-4742-b2d3-6879537a5b48,6,improved,TIMED_OUT,DEGRADED,,1772010079434616832,174.40438270568848,0.0,0.0,0,,,,,,,,,,,,53d1d3ed-8462-4021-9530-53b8591584eb,9,She discovered that consistent practice significantly improved her reading speed
d827399f-8341-4539-a291-c9450ac64ce5,7575f9d1-106c-4742-b2d3-6879537a5b48,7,her,TIMED_OUT,DEGRADED,,1772010080057164288,167.87099838256836,0.0,0.0,0,,,,,,,,,,,,53d1d3ed-8462-4021-9530-53b8591584eb,9,She discovered that consistent practice significantly improved her reading speed
e00250df-9711-44a4-b739-954e3b504545,7575f9d1-106c-4742-b2d3-6879537a5b48,8,reading,TIMED_OUT,DEGRADED,,1772010080488963840,164.0629768371582,0.0,0.0,0,,,,,,,,,,,,53d1d3ed-8462-4021-9530-53b8591584eb,9,She discovered that consistent practice significantly improved her reading speed
800334e9-88d3-4423-bb0a-7290300ce035,7575f9d1-106c-4742-b2d3-6879537a5b48,9,speed,TIMED_OUT,DEGRADED,,1772010081056976640,152.2517204284668,0.0,0.0,0,,,,,,,,,,,,53d1d3ed-8462-4021-9530-53b8591584eb,9,She discovered that consistent practice significantly improved her reading speed
f2cf1f24-772e-491e-b6d9-657cb39d906e,83c02a5a-5248-42d4-9f4a-970e2e3c3b9b,0,The,TIMED_OUT,EXCLUDED,Sentence closed before slot completed.,,,,,,1772010083678946304,1.0,The,1,,,,,,,,53d1d3ed-8462-4021-9530-53b8591584eb,10,The local government proposed constructing a new library in the town center
04117303-9e11-43b9-a435-6b3ea70b1654,83c02a5a-5248-42d4-9f4a-970e2e3c3b9b,1,local,TIMED_OUT,EXCLUDED,Sentence closed before slot completed.,,,,,,1772010083927028736,1.0,local,1,,,,,,,,53d1d3ed-8462-4021-9530-53b8591584eb,10,The local government proposed constructing a new library in the town center
209c851b-5c44-4c4b-9fcb-d2cf1dbb6377,83c02a5a-5248-42d4-9f4a-970e2e3c3b9b,2,government,COMPLETE,HIGH,,1772010083358814976,168.2424545288086,0.0,0.0,0,1772010084442732800,1.0,government,1,,,,,1083.917824,,,53d1d3ed-8462-4021-9530-53b8591584eb,10,The local government proposed constructing a new library in the town center
b0fbde12-7bd9-450f-9994-ab5c391096ba,83c02a5a-5248-42d4-9f4a-970e2e3c3b9b,3,proposed,COMPLETE,HIGH,,1772010083561277184,157.99379348754883,0.0,0.0,0,1772010084997204224,1.0,proposed,1,,,,,1435.92704,,,53d1d3ed-8462-4021-9530-53b8591584eb,10,The local government proposed constructing a new library in the town center
5e443e95-79bd-4b17-85b1-3f8b00c07b27,83c02a5a-5248-42d4-9f4a-970e2e3c3b9b,4,constructing,COMPLETE,HIGH,,1772010083763013632,171.5695858001709,0.0,0.0,0,1772010085716164096,1.0,constructing,1,,,,,1953.150464,,,53d1d3ed-8462-4021-9530-53b8591584eb,10,The local government proposed constructing a new library in the town center
768953db-17e6-486f-8a0a-bdbe23c408a6,83c02a5a-5248-42d4-9f4a-970e2e3c3b9b,5,a,TIMED_OUT,EXCLUDED,Sentence closed before slot completed.,,,,,,1772010086217277440,1.0,a,1,,,,,,,,53d1d3ed-8462-4021-9530-53b8591584eb,10,The local government proposed constructing a new library in the town center
f0e2fd0a-c949-4f41-ada8-f068747ebe7d,83c02a5a-5248-42d4-9f4a-970e2e3c3b9b,6,new,COMPLETE,HIGH,,1772010084916172032,170.89366912841797,0.0,0.0,0,1772010086472374272,1.0,new,1,,,,,1556.20224,,,53d1d3ed-8462-4021-9530-53b8591584eb,10,The local government proposed constructing a new library in the town center
cc26ac2e-fbd6-43e4-bf03-509971c12d7b,83c02a5a-5248-42d4-9f4a-970e2e3c3b9b,7,library,TIMED_OUT,DEGRADED,,1772010084394353152,160.9508991241455,0.0,0.0,0,,,,,,,,,,,,53d1d3ed-8462-4021-9530-53b8591584eb,10,The local government proposed constructing a new library in the town center
f0da7bd6-0e52-4ae6-b530-1e88ae32fb0f,83c02a5a-5248-42d4-9f4a-970e2e3c3b9b,8,in,COMPLETE,HIGH,,1772010085275992832,154.29449081420898,0.0,0.0,0,1772010086753148672,1.0,in,1,,,,,1477.15584,,,53d1d3ed-8462-4021-9530-53b8591584eb,10,The local government proposed constructing a new library in the town center
7efbaf35-8b9f-46fb-b61f-8fe65ed48fce,83c02a5a-5248-42d4-9f4a-970e2e3c3b9b,9,the,TIMED_OUT,EXCLUDED,Sentence closed before slot completed.,,,,,,,,,,,,,,,,,53d1d3ed-8462-4021-9530-53b8591584eb,10,The local government proposed constructing a new library in the town center
a6edc16e-67bd-4ac0-a569-8e73ec512f40,83c02a5a-5248-42d4-9f4a-970e2e3c3b9b,10,town,COMPLETE,HIGH,,1772010086002326016,176.4848232269287,0.0,0.0,0,1772010087248366080,0.8888888888888888,town,0.8888888888888888,,,,,1246.040064,,,53d1d3ed-8462-4021-9530-53b8591584eb,10,The local government proposed constructing a new library in the town center
341065a5-3c11-4634-ba38-ed61700546ca,83c02a5a-5248-42d4-9f4a-970e2e3c3b9b,11,center,TIMED_OUT,DEGRADED,,1772010082358061568,166.52441024780273,0.0,0.0,0,,,,,,,,,,,,53d1d3ed-8462-4021-9530-53b8591584eb,10,The local government proposed constructing a new library in the town center
b62307dc-66af-4e14-9ca7-86b49d60c7a6,db064cb8-d498-4df3-892f-d373f062e7ed,0,Research,TIMED_OUT,EXCLUDED,Sentence closed before slot completed.,,,,,,,,,,,,,,,,,53d1d3ed-8462-4021-9530-53b8591584eb,11,Research has demonstrated that bilingual children often develop stronger cognitive flexibility
b7aab582-1047-478a-8a7b-51fca95d1dda,db064cb8-d498-4df3-892f-d373f062e7ed,1,has,COMPLETE,HIGH,,1772010088052231168,156.1145782470703,0.0,0.0,0,1772010090086969088,1.0,has,1,,,,,2034.73792,,,53d1d3ed-8462-4021-9530-53b8591584eb,11,Research has demonstrated that bilingual children often develop stronger cognitive flexibility
98a050de-8cd1-4fa7-9a04-0b476a44b49e,db064cb8-d498-4df3-892f-d373f062e7ed,2,demonstrated,TIMED_OUT,EXCLUDED,Sentence closed before slot completed.,,,,,,1772010090646943488,1.0,demonstrated,1,,,,,,,,53d1d3ed-8462-4021-9530-53b8591584eb,11,Research has demonstrated that bilingual children often develop stronger cognitive flexibility
2f524a06-1e78-4039-a253-88830ef5f89e,db064cb8-d498-4df3-892f-d373f062e7ed,3,that,COMPLETE,HIGH,,1772010089128504064,159.95478630065918,0.0,0.0,0,1772010091126988288,1.0,that,1,,,,,1998.484224,,,53d1d3ed-8462-4021-9530-53b8591584eb,11,Research has demonstrated that bilingual children often develop stronger cognitive flexibility
fb5db52b-f99e-4b95-ad9e-787ed4620271,db064cb8-d498-4df3-892f-d373f062e7ed,4,bilingual,TIMED_OUT,DEGRADED,,1772010089485398784,169.62432861328125,0.0,0.0,0,,,,,,,,,,,,53d1d3ed-8462-4021-9530-53b8591584eb,11,Research has demonstrated that bilingual children often develop stronger cognitive flexibility
bd1153ea-5891-4d53-a17f-2a19c3d4cc48,db064cb8-d498-4df3-892f-d373f062e7ed,5,children,TIMED_OUT,EXCLUDED,Sentence closed before slot completed.,,,,,,,,,,,,,,,,,53d1d3ed-8462-4021-9530-53b8591584eb,11,Research has demonstrated that bilingual children often develop stronger cognitive flexibility
f4553407-1458-4baf-8380-38c7f720dcd7,db064cb8-d498-4df3-892f-d373f062e7ed,6,often,TIMED_OUT,DEGRADED,,1772010090167179008,152.96292304992676,0.0,0.0,0,,,,,,,,,,,,53d1d3ed-8462-4021-9530-53b8591584eb,11,Research has demonstrated that bilingual children often develop stronger cognitive flexibility
c9ac90b4-4344-4ce2-8cd0-5bb05661af61,db064cb8-d498-4df3-892f-d373f062e7ed,7,develop,TIMED_OUT,DEGRADED,,1772010090836798464,150.34866333007812,0.0,0.0,0,,,,,,,,,,,,53d1d3ed-8462-4021-9530-53b8591584eb,11,Research has demonstrated that bilingual children often develop stronger cognitive flexibility
e4ee0cfd-8dc8-4b9a-8c65-4735545107bb,db064cb8-d498-4df3-892f-d373f062e7ed,8,stronger,TIMED_OUT,DEGRADED,,1772010091135975936,172.98102378845215,0.0,0.0,0,,,,,,,,,,,,53d1d3ed-8462-4021-9530-53b8591584eb,11,Research has demonstrated that bilingual children often develop stronger cognitive flexibility
e2e6e230-fb07-4919-9a92-f0f170324695,db064cb8-d498-4df3-892f-d373f062e7ed,9,cognitive,TIMED_OUT,DEGRADED,,1772010091371825664,170.72606086730957,0.0,0.0,0,,,,,,,,,,,,53d1d3ed-8462-4021-9530-53b8591584eb,11,Research has demonstrated that bilingual children often develop stronger cognitive flexibility
507707c2-ce52-49ba-8231-20080bdf9624,db064cb8-d498-4df3-892f-d373f062e7ed,10,flexibility,TIMED_OUT,DEGRADED,,1772010087495525888,211.2128734588623,0.0,0.0,0,,,,,,,,,,,,53d1d3ed-8462-4021-9530-53b8591584eb,11,Research has demonstrated that bilingual children often develop stronger cognitive flexibility
81454bfc-ae67-4633-b703-da968c660e09,ce1852aa-1333-426f-a545-b933fd097e55,0,The,TIMED_OUT,EXCLUDED,Sentence closed before slot completed.,,,,,,1166000000,1.0,The,1,4297000000,375.0,0,the,,,,56978723-8649-4a46-8921-c055022126c4,0,The cat sat on the mat
ea2d37b0-67ac-4dab-9231-b3088d450827,ce1852aa-1333-426f-a545-b933fd097e55,1,cat,COMPLETE,HIGH,,250000000,155.37309646606445,0.0,0.0,0,1416000000,1.0,cat,1,5125000000,406.0,0,cat,1166.0,4875.0,3709.0,56978723-8649-4a46-8921-c055022126c4,0,The cat sat on the mat
d2320730-6478-4c26-8ac8-c6b03752fd0b,ce1852aa-1333-426f-a545-b933fd097e55,2,sat,COMPLETE,HIGH,,750000000,186.04803085327148,0.0,0.0,0,2150000000,1.0,sat,1,5781000000,500.0,0,sat,1400.0,5031.0,3631.0,56978723-8649-4a46-8921-c055022126c4,0,The cat sat on the mat
63353528-608d-43e1-bd10-39951f4790c6,ce1852aa-1333-426f-a545-b933fd097e55,3,on,COMPLETE,HIGH,,1406000000,150.88248252868652,0.0,0.0,0,2416000000,1.0,on,1,6625000000,344.0,0,on,1010.0,5219.0,4209.0,56978723-8649-4a46-8921-c055022126c4,0,The cat sat on the mat
c5a5bf8c-342f-4da6-be66-41c995f102e8,ce1852aa-1333-426f-a545-b933fd097e55,4,the,COMPLETE,HIGH,,2547000000,179.22306060791016,0.0,0.0,0,,,,,7203000000,390.0,0,th,,4656.0,,56978723-8649-4a46-8921-c055022126c4,0,The cat sat on the mat
ee1abab7-394c-4109-b935-818dc08efa65,ce1852aa-1333-426f-a545-b933fd097e55,5,mat,COMPLETE,HIGH,,2719000000,151.0467529296875,0.0,0.0,0,3166000000,1.0,mat,1,10766000000,3422.0,1,mat,447.0,8047.0,7600.0,56978723-8649-4a46-8921-c055022126c4,0,The cat sat on the mat
ce7989da-4864-48c9-b627-ef755e04e2f5,28240add-b0b3-4747-9873-c869c5028852,0,She,TIMED_OUT,EXCLUDED,Sentence closed before slot completed.,,,,,,13431000000,1.0,She,1,15500000000,375.0,0,she,,,,56978723-8649-4a46-8921-c055022126c4,1,She walked quickly to the store
c1a1451c-41da-48dd-a993-0b5b2e4849bc,28240add-b0b3-4747-9873-c869c5028852,1,walked,COMPLETE,HIGH,,13172000000,162.40358352661133,0.0,0.0,0,13713000000,0.8,walked,0.8,16969000000,1125.0,0,walked,541.0,3797.0,3256.0,56978723-8649-4a46-8921-c055022126c4,1,She walked quickly to the store
39924977-ed69-4b74-b843-8ef2b54b162b,28240add-b0b3-4747-9873-c869c5028852,2,quickly,COMPLETE,HIGH,,12094000000,178.44891548156738,0.0,0.0,0,13931000000,1.0,quickly,1,21188000000,3469.0,2,quickly,1837.0,9094.0,7257.0,56978723-8649-4a46-8921-c055022126c4,1,She walked quickly to the store
83225f7f-0978-47ca-b05b-8edd94ebd89b,28240add-b0b3-4747-9873-c869c5028852,3,to,COMPLETE,HIGH,,14078000000,159.78193283081055,0.0,0.0,0,14431000000,1.0,to,1,21625000000,312.0,0,to,353.0,7547.0,7194.0,56978723-8649-4a46-8921-c055022126c4,1,She walked quickly to the store
88eb38df-4c65-46c8-81e4-f35fdb4096fe,28240add-b0b3-4747-9873-c869c5028852,4,the,TIMED_OUT,EXCLUDED,Sentence closed before slot completed.,,,,,,,,,,22125000000,406.0,0,the,,,,56978723-8649-4a46-8921-c055022126c4,1,She walked quickly to the store
db457ece-61f4-41c7-8fb8-b6f43108e5de,28240add-b0b3-4747-9873-c869c5028852,5,store,COMPLETE,HIGH,,14422000000,184.97014045715332,0.0,0.0,0,,,,,24000000000,1672.0,0,store,,9578.0,,56978723-8649-4a46-8921-c055022126c4,1,She walked quickly to the store
b943a3cb-69b5-4bf4-8ddd-a11d27d17b21,44b5ae02-6a73-4238-83d6-bf92bfb3f107,0,The,COMPLETE,HIGH,,30000000000,151.69167518615723,0.0,0.0,0,26541000000,1.0,The,1,41063000000,375.0,0,the,-3459.0,11063.0,14522.0,56978723-8649-4a46-8921-c055022126c4,2,The children played outside until the sun set
9c84f6b5-4681-4ccd-9860-15662593d26a,44b5ae02-6a73-4238-83d6-bf92bfb3f107,1,children,COMPLETE,HIGH,,25422000000,187.77871131896973,0.0,0.0,0,,,,,43156000000,1593.0,0,children,,17734.0,,56978723-8649-4a46-8921-c055022126c4,2,The children played outside until the sun set
1e22a265-8af4-4dea-b842-eed98c43845d,44b5ae02-6a73-4238-83d6-bf92bfb3f107,2,played,COMPLETE,HIGH,,27203000000,161.8328094482422,0.0,0.0,0,,,,,44422000000,1063.0,0,pplayed,,17219.0,,56978723-8649-4a46-8921-c055022126c4,2,The children played outside until the sun set
70fed296-540b-41ed-80bb-9ead63bc19aa,44b5ae02-6a73-4238-83d6-bf92bfb3f107,3,outside,COMPLETE,HIGH,,26156000000,160.33458709716797,0.0,0.0,0,35963000000,1.0,outside,1,46469000000,1781.0,0,outisde,9807.0,20313.0,10506.0,56978723-8649-4a46-8921-c055022126c4,2,The children played outside until the sun set
edfb9c0d-3286-4280-b16d-d352c061c2f5,44b5ae02-6a73-4238-83d6-bf92bfb3f107,4,until,COMPLETE,HIGH,,26609000000,179.90660667419434,0.0,0.0,0,36713000000,1.0,until,1,49141000000,953.0,0,until,10104.0,22532.0,12428.0,56978723-8649-4a46-8921-c055022126c4,2,The children played outside until the sun set
3e0fad54-584d-4c4e-b7ef-f0d0bf06e08a,44b5ae02-6a73-4238-83d6-bf92bfb3f107,5,the,COMPLETE,HIGH,,31719000000,181.75029754638672,0.0,0.0,0,,,,,49703000000,390.0,0,the,,17984.0,,56978723-8649-4a46-8921-c055022126c4,2,The children played outside until the sun set
4b7b6905-dd2a-4976-8cd2-ad610003a71f,44b5ae02-6a73-4238-83d6-bf92bfb3f107,6,sun,COMPLETE,HIGH,,37547000000,179.58998680114746,0.0,0.0,0,,,,,50750000000,531.0,0,sun,,13203.0,,56978723-8649-4a46-8921-c055022126c4,2,The children played outside until the sun set
d21ca989-9061-4290-b887-62479ea2873d,44b5ae02-6a73-4238-83d6-bf92bfb3f107,7,set,COMPLETE,HIGH,,38719000000,166.3978099822998,0.0,0.0,0,,,,,51813000000,954.0,0,set,,13094.0,,56978723-8649-4a46-8921-c055022126c4,2,The children played outside until the sun set
5186602e-f4a7-4db7-82cb-51032b9a121d,51cf5711-154f-46da-a035-5d88999aa914,0,Every,TIMED_OUT,EXCLUDED,Sentence closed before slot completed.,,,,,,54134000000,1.0,Every,1,71641000000,688.0,0,every,,,,56978723-8649-4a46-8921-c055022126c4,3,Every morning she read the newspaper before breakfast
a8b74eb6-9e9c-4276-8621-a85b73853427,51cf5711-154f-46da-a035-5d88999aa914,1,morning,COMPLETE,HIGH,,53359000000,160.29977798461914,0.0,0.0,0,54134000000,1.0,morning,1,73016000000,1032.0,0,morning,775.0,19657.0,18882.0,56978723-8649-4a46-8921-c055022126c4,3,Every morning she read the newspaper before breakfast
d55804a0-040d-448f-b6c9-432fe8a71ac7,51cf5711-154f-46da-a035-5d88999aa914,2,she,COMPLETE,HIGH,,52594000000,165.18044471740723,0.0,0.0,0,,,,,73906000000,359.0,0,she,,21312.0,,56978723-8649-4a46-8921-c055022126c4,3,Every morning she read the newspaper before breakfast
b6e33dcf-5448-4c47-84b1-af9d21bf590b,51cf5711-154f-46da-a035-5d88999aa914,3,read,COMPLETE,HIGH,,53766000000,165.90094566345215,0.0,0.0,0,,,,,74781000000,718.0,0,read,,21015.0,,56978723-8649-4a46-8921-c055022126c4,3,Every morning she read the newspaper before breakfast
42ff6a53-bf66-4e3d-b4a2-7a00faff294f,51cf5711-154f-46da-a035-5d88999aa914,4,the,COMPLETE,HIGH,,54469000000,161.68594360351562,0.0,0.0,0,55713000000,1.0,the,1,75453000000,453.0,0,the,1244.0,20984.0,19740.0,56978723-8649-4a46-8921-c055022126c4,3,Every morning she read the newspaper before breakfast
b2c3fcf3-3ad3-46dd-9dee-83ef4c59d7cc,51cf5711-154f-46da-a035-5d88999aa914,5,newspaper,COMPLETE,HIGH,,55109000000,171.85211181640625,0.0,0.0,0,56463000000,1.0,newspaper,1,78359000000,2375.0,0,newspaper,1354.0,23250.0,21896.0,56978723-8649-4a46-8921-c055022126c4,3,Every morning she read the newspaper before breakfast
3b1379ed-5b71-431b-9b24-647c4b13693b,51cf5711-154f-46da-a035-5d88999aa914,6,before,COMPLETE,HIGH,,59641000000,162.11962699890137,0.0,0.0,0,,,,,80594000000,985.0,0,before,,20953.0,,56978723-8649-4a46-8921-c055022126c4,3,Every morning she read the newspaper before breakfast
34be123e-2d34-441f-9102-4fd3496f53d7,51cf5711-154f-46da-a035-5d88999aa914,7,breakfast,COMPLETE,HIGH,,55484000000,154.08039093017578,0.0,0.0,0,,,,,83016000000,2235.0,0,breakfast,,27532.0,,56978723-8649-4a46-8921-c055022126c4,3,Every morning she read the newspaper before breakfast
83b72885-8c3f-434b-ae65-3e1decd4caef,20581cdf-89fa-4408-9da0-083b8662c42e,0,The,TIMED_OUT,EXCLUDED,Sentence closed before slot completed.,,,,,,,,,,88156000000,406.0,0,the,,,,56978723-8649-4a46-8921-c055022126c4,4,The scientist observed that the plants grew faster in sunlight
6eda969f-1e98-4b0b-a4c2-58b3c16305ae,20581cdf-89fa-4408-9da0-083b8662c42e,1,scientist,COMPLETE,HIGH,,88109000000,170.28093338012695,0.0,0.0,0,,,,,90969000000,2438.0,1,scientist,,2860.0,,56978723-8649-4a46-8921-c055022126c4,4,The scientist observed that the plants grew faster in sunlight
69d29d17-08f9-45e9-9799-aa78727cdb48,20581cdf-89fa-4408-9da0-083b8662c42e,2,observed,COMPLETE,HIGH,,91109000000,167.3450469970703,0.0,0.0,0,,,,,93016000000,1453.0,0,observed,,1907.0,,56978723-8649-4a46-8921-c055022126c4,4,The scientist observed that the plants grew faster in sunlight
5cdd07f8-f3db-4f6c-8efb-825f48ffc28e,20581cdf-89fa-4408-9da0-083b8662c42e,3,that,COMPLETE,HIGH,,83641000000,169.62075233459473,0.0,0.0,0,,,,,93875000000,578.0,0,that,,10234.0,,56978723-8649-4a46-8921-c055022126c4,4,The scientist observed that the plants grew faster in sunlight
0a6186d7-b6b5-4857-8833-8b2b2869879f,20581cdf-89fa-4408-9da0-083b8662c42e,4,the,COMPLETE,HIGH,,85125000000,154.96206283569336,0.0,0.0,0,,,,,94469000000,375.0,0,the,,9344.0,,56978723-8649-4a46-8921-c055022126c4,4,The scientist observed that the plants grew faster in sunlight
9b88e22e-c9ec-43ab-9931-08ebdb26c1a2,20581cdf-89fa-4408-9da0-083b8662c42e,5,plants,COMPLETE,HIGH,,84531000000,159.80124473571777,0.0,0.0,0,,,,,97313000000,2313.0,2,plants,,12782.0,,56978723-8649-4a46-8921-c055022126c4,4,The scientist observed that the plants grew faster in sunlight
0e49242f-f568-4a9b-9e3e-7a0661652bba,20581cdf-89fa-4408-9da0-083b8662c42e,6,grew,COMPLETE,HIGH,,85797000000,164.0169620513916,0.0,0.0,0,,,,,98641000000,735.0,0,grew,,12844.0,,56978723-8649-4a46-8921-c055022126c4,4,The scientist observed that the plants grew faster in sunlight
ca79f304-f414-41b7-a888-10338a408080,20581cdf-89fa-4408-9da0-083b8662c42e,7,faster,TIMED_OUT,EXCLUDED,Sentence closed before slot completed.,,,,,,,,,,99813000000,875.0,0,faster,,,,56978723-8649-4a46-8921-c055022126c4,4,The scientist observed that the plants grew faster in sunlight
452ae3e6-978b-481f-a176-4ef9689f470c,20581cdf-89fa-4408-9da0-083b8662c42e,8,in,TIMED_OUT,EXCLUDED,Sentence closed before slot completed.,,,,,,,,,,100328000000,312.0,0,in,,,,56978723-8649-4a46-8921-c055022126c4,4,The scientist observed that the plants grew faster in sunlight
de524c9b-6794-4df5-b13f-320dc9dabf81,20581cdf-89fa-4408-9da0-083b8662c42e,9,sunlight,COMPLETE,HIGH,,86344000000,187.77179718017578,0.0,0.0,0,,,,,102219000000,1735.0,0,sunlight,,15875.0,,56978723-8649-4a46-8921-c055022126c4,4,The scientist observed that the plants grew faster in sunlight
e0bcf216-72c9-43cd-bfa1-f59a74f7c974,aa6edf10-b10c-446a-876e-2031ac6119cb,0,After,TIMED_OUT,EXCLUDED,Sentence closed before slot completed.,,,,,,106400000000,1.0,After,1,109984000000,781.0,0,after,,,,56978723-8649-4a46-8921-c055022126c4,5,After the storm the streets were covered with fallen leaves
46b9b973-f618-42d9-87fc-499203509acf,aa6edf10-b10c-446a-876e-2031ac6119cb,1,the,COMPLETE,HIGH,,124328000000,183.43281745910645,0.0,0.0,0,,,,,110563000000,360.0,0,the,,-13765.0,,56978723-8649-4a46-8921-c055022126c4,5,After the storm the streets were covered with fallen leaves
84d76459-2aca-4cc3-b8a5-ab6cc52dbdb4,aa6edf10-b10c-446a-876e-2031ac6119cb,2,storm,COMPLETE,HIGH,,104516000000,157.27639198303223,0.0,0.0,0,,,,,114313000000,3547.0,1,storm,,9797.0,,56978723-8649-4a46-8921-c055022126c4,5,After the storm the streets were covered with fallen leaves
44293ba1-5f66-422c-9bcf-9e89260c2f89,aa6edf10-b10c-446a-876e-2031ac6119cb,3,the,COMPLETE,HIGH,,104719000000,169.52061653137207,0.0,0.0,0,,,,,114953000000,390.0,0,the,,10234.0,,56978723-8649-4a46-8921-c055022126c4,5,After the storm the streets were covered with fallen leaves
11d01f93-a077-4e93-93c8-c872773c6909,aa6edf10-b10c-446a-876e-2031ac6119cb,4,streets,COMPLETE,HIGH,,105641000000,151.86429023742676,0.0,0.0,0,,,,,116172000000,1109.0,0,streets,,10531.0,,56978723-8649-4a46-8921-c055022126c4,5,After the storm the streets were covered with fallen leaves
37877313-e888-4b2b-9d74-f8669ee30392,aa6edf10-b10c-446a-876e-2031ac6119cb,5,were,COMPLETE,HIGH,,106297000000,159.35945510864258,0.0,0.0,0,,,,,117641000000,907.0,0,were,,11344.0,,56978723-8649-4a46-8921-c055022126c4,5,After the storm the streets were covered with fallen leaves
66ace259-de8c-4d03-9633-3f2cc0e1822a,aa6edf10-b10c-446a-876e-2031ac6119cb,6,covered,COMPLETE,HIGH,,106953000000,163.11311721801758,0.0,0.0,0,,,,,119531000000,1672.0,0,covered,,12578.0,,56978723-8649-4a46-8921-c055022126c4,5,After the storm the streets were covered with fallen leaves
07a37c9c-32df-4fd5-ab87-1ffa30209c7b,aa6edf10-b10c-446a-876e-2031ac6119cb,7,with,TIMED_OUT,EXCLUDED,Sentence closed before slot completed.,,,,,,109666000000,1.0,with,1,120813000000,922.0,0,with,,,,56978723-8649-4a46-8921-c055022126c4,5,After the storm the streets were covered with fallen leaves
8220ac75-2c4f-4be2-a22f-04f755f3badd,aa6edf10-b10c-446a-876e-2031ac6119cb,8,fallen,TIMED_OUT,EXCLUDED,Sentence closed before slot completed.,,,,,,,,,,122781000000,1312.0,0,fallen,,,,56978723-8649-4a46-8921-c055022126c4,5,After the storm the streets were covered with fallen leaves
ad7799a9-a67e-460b-abd8-095582fa3472,aa6edf10-b10c-446a-876e-2031ac6119cb,9,leaves,COMPLETE,HIGH,,107969000000,168.62034797668457,0.0,0.0,0,,,,,124297000000,1203.0,0,leaves,,16328.0,,56978723-8649-4a46-8921-c055022126c4,5,After the storm the streets were covered with fallen leaves
8e2192a8-d313-4f44-b28d-e8eae5db4279,e1bb60b8-1475-4c06-ab4b-3790fd66b70e,0,The,COMPLETE,HIGH,,156594000000,195.67418098449707,0.0,0.0,0,129619000000,1.0,The,1,132063000000,297.0,0,the,-26975.0,-24531.0,2444.0,56978723-8649-4a46-8921-c055022126c4,6,The museum displayed artifacts from ancient civilizations around the world
140e2f8b-9ca5-4ab0-890e-d4a3398c774f,e1bb60b8-1475-4c06-ab4b-3790fd66b70e,1,museum,COMPLETE,HIGH,,134438000000,169.8446273803711,0.0,0.0,0,,,,,135813000000,2875.0,0,museum,,1375.0,,56978723-8649-4a46-8921-c055022126c4,6,The museum displayed artifacts from ancient civilizations around the world
380b52b8-9ad7-40bf-b266-dc6ea3bbfbc8,e1bb60b8-1475-4c06-ab4b-3790fd66b70e,2,displayed,COMPLETE,HIGH,,125313000000,160.81953048706055,0.0,0.0,0,,,,,140391000000,3610.0,1,displayed,,15078.0,,56978723-8649-4a46-8921-c055022126c4,6,The museum displayed artifacts from ancient civilizations around the world
a5c7b1e9-3d74-4fa1-b707-f87102eec614,e1bb60b8-1475-4c06-ab4b-3790fd66b70e,3,artifacts,COMPLETE,HIGH,,124969000000,159.61837768554688,0.0,0.0,0,,,,,142500000000,1719.0,0,artifacts,,17531.0,,56978723-8649-4a46-8921-c055022126c4,6,The museum displayed artifacts from ancient civilizations around the world
f94ac389-461b-4650-be12-57ebf26ddf0a,e1bb60b8-1475-4c06-ab4b-3790fd66b70e,4,from,COMPLETE,HIGH,,131672000000,168.13230514526367,0.0,0.0,0,,,,,144328000000,750.0,0,from,,12656.0,,56978723-8649-4a46-8921-c055022126c4,6,The museum displayed artifacts from ancient civilizations around the world
d86bf1f1-f22b-4ded-a991-7135564895ff,e1bb60b8-1475-4c06-ab4b-3790fd66b70e,5,ancient,COMPLETE,HIGH,,126453000000,169.3422794342041,0.0,0.0,0,,,,,146594000000,1313.0,0,ancient,,20141.0,,56978723-8649-4a46-8921-c055022126c4,6,The museum displayed artifacts from ancient civilizations around the world
6b3e6574-f69b-4cd1-8928-da44e1699de5,e1bb60b8-1475-4c06-ab4b-3790fd66b70e,6,civilizations,COMPLETE,HIGH,,127516000000,170.7608699798584,0.0,0.0,0,,,,,152281000000,3156.0,0,civilizations,,24765.0,,56978723-8649-4a46-8921-c055022126c4,6,The museum displayed artifacts from ancient civilizations around the world
a1f2d050-ef73-4a05-96f4-c94c3c6985d3,e1bb60b8-1475-4c06-ab4b-3790fd66b70e,7,around,COMPLETE,HIGH,,127969000000,158.8582992553711,0.0,0.0,0,130150000000,1.0,around,1,154281000000,1359.0,0,around,2181.0,26312.0,24131.0,56978723-8649-4a46-8921-c055022126c4,6,The museum displayed artifacts from ancient civilizations around the world
0845e1ab-a181-41b5-bbe0-1fc7e4386be3,e1bb60b8-1475-4c06-ab4b-3790fd66b70e,8,the,COMPLETE,HIGH,,154359000000,163.89751434326172,0.0,0.0,0,,,,,155313000000,454.0,0,the,,954.0,,56978723-8649-4a46-8921-c055022126c4,6,The museum displayed artifacts from ancient civilizations around the world
7f2e4f65-bde0-4aea-95fe-e9adae0dd7bc,e1bb60b8-1475-4c06-ab4b-3790fd66b70e,9,world,COMPLETE,HIGH,,128656000000,167.00100898742676,0.0,0.0,0,,,,,159984000000,1640.0,0,world,,31328.0,,56978723-8649-4a46-8921-c055022126c4,6,The museum displayed artifacts from ancient civilizations around the world
5a3182ef-3982-4e20-8e31-7e1e6b062e6e,5a2cf9af-66de-440e-ae03-0e96514a34a1,0,During,TIMED_OUT,EXCLUDED,Sentence closed before slot completed.,,,,,,164572000000,1.0,During,1,169078000000,828.0,0,during,,,,56978723-8649-4a46-8921-c055022126c4,7,During the summer holidays they traveled to several different countries
2d377346-9d47-4b07-896d-55120e37a609,5a2cf9af-66de-440e-ae03-0e96514a34a1,1,the,COMPLETE,HIGH,,167875000000,151.99589729309082,0.0,0.0,0,164572000000,1.0,the,1,169797000000,469.0,0,the,-3303.0,1922.0,5225.0,56978723-8649-4a46-8921-c055022126c4,7,During the summer holidays they traveled to several different countries
4c68347f-ef63-4c9b-9aa2-c220c4e5f76d,5a2cf9af-66de-440e-ae03-0e96514a34a1,2,summer,COMPLETE,HIGH,,163297000000,156.28910064697266,0.0,0.0,0,164572000000,1.0,summer,1,171500000000,1484.0,0,summer,1275.0,8203.0,6928.0,56978723-8649-4a46-8921-c055022126c4,7,During the summer holidays they traveled to several different countries
336c0bb6-ca28-4046-8016-414e438ae218,5a2cf9af-66de-440e-ae03-0e96514a34a1,3,holidays,COMPLETE,HIGH,,163641000000,180.7537078857422,0.0,0.0,0,164978000000,1.0,holidays,1,173484000000,1421.0,0,holidays,1337.0,9843.0,8506.0,56978723-8649-4a46-8921-c055022126c4,7,During the summer holidays they traveled to several different countries
7850f73b-b6cf-4db9-bacd-846d5ffca76c,5a2cf9af-66de-440e-ae03-0e96514a34a1,4,they,COMPLETE,HIGH,,162734000000,158.38956832885742,0.0,0.0,0,,,,,174516000000,625.0,0,they,,11782.0,,56978723-8649-4a46-8921-c055022126c4,7,During the summer holidays they traveled to several different countries
ad9b8fdd-cc0d-40f7-9b60-1cdb042a1f67,5a2cf9af-66de-440e-ae03-0e96514a34a1,5,traveled,COMPLETE,HIGH,,164625000000,151.6273021697998,0.0,0.0,0,,,,,176922000000,2125.0,1,traveled,,12297.0,,56978723-8649-4a46-8921-c055022126c4,7,During the summer holidays they traveled to several different countries
5baecc4f-f1a9-4c1c-867d-f78d90c1f367,5a2cf9af-66de-440e-ae03-0e96514a34a1,6,to,COMPLETE,HIGH,,164828000000,164.29448127746582,0.0,0.0,0,166041000000,1.0,to,1,178547000000,484.0,0,to,1213.0,13719.0,12506.0,56978723-8649-4a46-8921-c055022126c4,7,During the summer holidays they traveled to several different countries
563ebacd-d0b5-42c8-8bd6-8e46a073e351,5a2cf9af-66de-440e-ae03-0e96514a34a1,7,several,COMPLETE,HIGH,,165500000000,151.08084678649902,0.0,0.0,0,166572000000,1.0,several,1,180094000000,1391.0,0,several,1072.0,14594.0,13522.0,56978723-8649-4a46-8921-c055022126c4,7,During the summer holidays they traveled to several different countries
a33b1327-6c3b-4707-a635-efc379d01a81,5a2cf9af-66de-440e-ae03-0e96514a34a1,8,different,COMPLETE,HIGH,,165719000000,164.41655158996582,0.0,0.0,0,166791000000,1.0,different,1,182344000000,1735.0,0,different,1072.0,16625.0,15553.0,56978723-8649-4a46-8921-c055022126c4,7,During the summer holidays they traveled to several different countries
c73302ab-8623-418b-b341-e1b37f185a86,5a2cf9af-66de-440e-ae03-0e96514a34a1,9,countries,COMPLETE,HIGH,,166375000000,152.27675437927246,0.0,0.0,0,167291000000,1.0,countries,1,184328000000,1703.0,0,countries,916.0,17953.0,17037.0,56978723-8649-4a46-8921-c055022126c4,7,During the summer holidays they traveled to several different countries
8b1539ab-2587-4a22-9c65-94df0a51affa,e7c4a0e0-d20d-427e-9e87-1e2bf2240bc9,0,The,TIMED_OUT,EXCLUDED,Sentence closed before slot completed.,,,,,,185963000000,1.0,The,1,191813000000,360.0,0,the,,,,56978723-8649-4a46-8921-c055022126c4,8,The engineer carefully examined the bridge structure before approving the design
52aeb24b-f182-455f-af80-2da94fab50b0,e7c4a0e0-d20d-427e-9e87-1e2bf2240bc9,1,engineer,COMPLETE,HIGH,,186063000000,151.9641876220703,0.0,0.0,0,187009000000,1.0,engineer,1,193609000000,1531.0,0,engineer,946.0,7546.0,6600.0,56978723-8649-4a46-8921-c055022126c4,8,The engineer carefully examined the bridge structure before approving the design
f29a2e80-098e-4170-80f3-d58c4943242f,e7c4a0e0-d20d-427e-9e87-1e2bf2240bc9,2,carefully,COMPLETE,HIGH,,186281000000,191.62225723266602,0.0,0.0,0,,,,,198500000000,4406.0,4,carefully,,12219.0,,56978723-8649-4a46-8921-c055022126c4,8,The engineer carefully examined the bridge structure before approving the design
6f1421b6-930d-4c39-b268-1f709991ac3d,e7c4a0e0-d20d-427e-9e87-1e2bf2240bc9,3,examined,COMPLETE,HIGH,,185250000000,191.76387786865234,0.0,0.0,0,,,,,200578000000,1328.0,0,examined,,15328.0,,56978723-8649-4a46-8921-c055022126c4,8,The engineer carefully examined the bridge structure before approving the design
b402c1f6-1556-487a-b513-ebdbe202cfd1,e7c4a0e0-d20d-427e-9e87-1e2bf2240bc9,4,the,COMPLETE,HIGH,,184969000000,153.63430976867676,0.0,0.0,0,,,,,201609000000,390.0,0,the,,16640.0,,56978723-8649-4a46-8921-c055022126c4,8,The engineer carefully examined the bridge structure before approving the design
5a67f3e3-f638-456c-b2f2-a398091de229,e7c4a0e0-d20d-427e-9e87-1e2bf2240bc9,5,bridge,COMPLETE,HIGH,,186953000000,163.87486457824707,0.0,0.0,0,,,,,203531000000,1718.0,1,bridge,,16578.0,,56978723-8649-4a46-8921-c055022126c4,8,The engineer carefully examined the bridge structure before approving the design
ee2efb3f-21ea-4431-b9d9-5a7d3b266587,e7c4a0e0-d20d-427e-9e87-1e2bf2240bc9,6,structure,COMPLETE,HIGH,,187313000000,150.61521530151367,0.0,0.0,0,,,,,206156000000,1437.0,0,structure,,18843.0,,56978723-8649-4a46-8921-c055022126c4,8,The engineer carefully examined the bridge structure before approving the design
27e8630b-1ccc-4300-82d8-f7612c80e86a,e7c4a0e0-d20d-427e-9e87-1e2bf2240bc9,7,before,COMPLETE,HIGH,,187813000000,168.3335304260254,0.0,0.0,0,,,,,207484000000,937.0,0,before,,19671.0,,56978723-8649-4a46-8921-c055022126c4,8,The engineer carefully examined the bridge structure before approving the design
ae9835fb-79ad-442e-bd23-3878100108c0,e7c4a0e0-d20d-427e-9e87-1e2bf2240bc9,8,approving,COMPLETE,HIGH,,188188000000,154.8454761505127,0.0,0.0,0,190853000000,1.0,approving,1,209234000000,1515.0,0,approving,2665.0,21046.0,18381.0,56978723-8649-4a46-8921-c055022126c4,8,The engineer carefully examined the bridge structure before approving the design
e2ac8d98-77d9-4a1a-b3ca-18077911447a,e7c4a0e0-d20d-427e-9e87-1e2bf2240bc9,9,the,COMPLETE,HIGH,,188484000000,167.22869873046875,0.0,0.0,0,,,,,209953000000,437.0,0,the,,21469.0,,56978723-8649-4a46-8921-c055022126c4,8,The engineer carefully examined the bridge structure before approving the design
4326710a-b365-497e-9ae9-ab594bf2326e,e7c4a0e0-d20d-427e-9e87-1e2bf2240bc9,10,design,COMPLETE,HIGH,,188828000000,164.17479515075684,0.0,0.0,0,,,,,211484000000,1203.0,0,design,,22656.0,,56978723-8649-4a46-8921-c055022126c4,8,The engineer carefully examined the bridge structure before approving the design
a7248a66-10b1-4540-9b67-64a713042380,03be060c-036a-47de-a956-e7da11984d62,0,She,TIMED_OUT,EXCLUDED,Sentence closed before slot completed.,,,,,,,,,,217609000000,343.0,0,she,,,,56978723-8649-4a46-8921-c055022126c4,9,She discovered that consistent practice significantly improved her reading speed
471fc3ac-8877-4b6f-ab46-4bb658ebf702,03be060c-036a-47de-a956-e7da11984d62,1,discovered,TIMED_OUT,EXCLUDED,Sentence closed before slot completed.,,,,,,214134000000,0.8888888888888888,discovered,0.8888888888888888,219922000000,1859.0,0,discovered,,,,56978723-8649-4a46-8921-c055022126c4,9,She discovered that consistent practice significantly improved her reading speed
f1bc1a57-bbd9-46bd-a58f-6feb33013364,03be060c-036a-47de-a956-e7da11984d62,2,that,COMPLETE,HIGH,,212828000000,172.59740829467773,0.0,0.0,0,214134000000,1.0,that,1,220859000000,656.0,0,that,1306.0,8031.0,6725.0,56978723-8649-4a46-8921-c055022126c4,9,She discovered that consistent practice significantly improved her reading speed
58881cac-823b-4361-8e75-2e077e320b91,03be060c-036a-47de-a956-e7da11984d62,3,consistent,COMPLETE,HIGH,,213922000000,166.215181350708,0.0,0.0,0,,,,,223781000000,2781.0,1,consistent,,9859.0,,56978723-8649-4a46-8921-c055022126c4,9,She discovered that consistent practice significantly improved her reading speed
c9788317-2678-483f-af42-894bc11e2614,03be060c-036a-47de-a956-e7da11984d62,4,practice,COMPLETE,HIGH,,218094000000,168.442964553833,0.0,0.0,0,,,,,225828000000,1578.0,0,practice,,7734.0,,56978723-8649-4a46-8921-c055022126c4,9,She discovered that consistent practice significantly improved her reading speed
860336c3-95eb-413c-a22e-582856031289,03be060c-036a-47de-a956-e7da11984d62,5,significantly,COMPLETE,HIGH,,213344000000,186.01608276367188,0.0,0.0,0,215931000000,1.0,significantly,1,229125000000,2875.0,0,significantly,2587.0,15781.0,13194.0,56978723-8649-4a46-8921-c055022126c4,9,She discovered that consistent practice significantly improved her reading speed
38b10e5e-929c-41b0-a796-132f6a60ed44,03be060c-036a-47de-a956-e7da11984d62,6,improved,COMPLETE,HIGH,,215672000000,155.22313117980957,0.0,0.0,0,216728000000,0.9333333333333333,improved,0.9333333333333333,232172000000,1516.0,0,improved,1056.0,16500.0,15444.0,56978723-8649-4a46-8921-c055022126c4,9,She discovered that consistent practice significantly improved her reading speed
44d2ec56-1095-4491-867a-a632d57c5cdf,03be060c-036a-47de-a956-e7da11984d62,7,her,COMPLETE,HIGH,,230203000000,159.74831581115723,0.0,0.0,0,,,,,233000000000,594.0,0,her,,2797.0,,56978723-8649-4a46-8921-c055022126c4,9,She discovered that consistent practice significantly improved her reading speed
0a722cea-fd20-4a86-9d11-ef03dd4c22f8,03be060c-036a-47de-a956-e7da11984d62,8,reading,TIMED_OUT,EXCLUDED,Sentence closed before slot completed.,,,,,,,,,,234766000000,1360.0,0,reading,,,,56978723-8649-4a46-8921-c055022126c4,9,She discovered that consistent practice significantly improved her reading speed
f10d18a2-58bb-4814-b255-c28a1b9d7b2d,03be060c-036a-47de-a956-e7da11984d62,9,speed,COMPLETE,HIGH,,216250000000,153.25260162353516,0.0,0.0,0,,,,,235969000000,953.0,0,speed,,19719.0,,56978723-8649-4a46-8921-c055022126c4,9,She discovered that consistent practice significantly improved her reading speed
d1aaa757-698f-4d36-b955-acb2ab98349b,367f44f6-6ae3-4990-80a8-e4a51fa0e528,0,The,TIMED_OUT,EXCLUDED,Sentence closed before slot completed.,,,,,,237931000000,1.0,The,1,242266000000,375.0,0,the,,,,56978723-8649-4a46-8921-c055022126c4,10,The local government proposed constructing a new library in the town center
548c3fdf-a941-4b18-8865-6e34c3fd3881,367f44f6-6ae3-4990-80a8-e4a51fa0e528,1,local,TIMED_OUT,EXCLUDED,Sentence closed before slot completed.,,,,,,238181000000,1.0,local,1,243531000000,828.0,0,local,,,,56978723-8649-4a46-8921-c055022126c4,10,The local government proposed constructing a new library in the town center
bb2a6794-e1e2-44cd-81f2-35986223a018,367f44f6-6ae3-4990-80a8-e4a51fa0e528,2,government,COMPLETE,HIGH,,237547000000,165.02809524536133,0.0,0.0,0,238744000000,1.0,government,1,247000000000,3141.0,0,government,1197.0,9453.0,8256.0,56978723-8649-4a46-8921-c055022126c4,10,The local government proposed constructing a new library in the town center
be92a172-cec7-476d-bc18-83fffa328965,367f44f6-6ae3-4990-80a8-e4a51fa0e528,3,proposed,COMPLETE,HIGH,,237766000000,186.38300895690918,0.0,0.0,0,,,,,249516000000,1297.0,0,proposed,,11750.0,,56978723-8649-4a46-8921-c055022126c4,10,The local government proposed constructing a new library in the town center
ecd2a111-dcb8-45f7-a8f5-8fa6aee531d4,367f44f6-6ae3-4990-80a8-e4a51fa0e528,4,constructing,COMPLETE,HIGH,,255734000000,157.43684768676758,0.0,0.0,0,,,,,251922000000,2094.0,0,constrcuting,,-3812.0,,56978723-8649-4a46-8921-c055022126c4,10,The local government proposed constructing a new library in the town center
2fb61265-7923-47e6-bd15-2ead966b2a9f,367f44f6-6ae3-4990-80a8-e4a51fa0e528,5,a,COMPLETE,HIGH,,241750000000,163.88225555419922,0.0,0.0,0,240259000000,1.0,a,1,252438000000,157.0,0,a,-1491.0,10688.0,12179.0,56978723-8649-4a46-8921-c055022126c4,10,The local government proposed constructing a new library in the town center
3786f5b2-4d1b-422b-bedd-35cbacf88847,367f44f6-6ae3-4990-80a8-e4a51fa0e528,6,new,COMPLETE,HIGH,,238828000000,156.58235549926758,0.0,0.0,0,240259000000,1.0,new,1,253297000000,469.0,0,new,1431.0,14469.0,13038.0,56978723-8649-4a46-8921-c055022126c4,10,The local government proposed constructing a new library in the town center
d05b42d1-c749-4d1e-80d4-90ac510c3907,367f44f6-6ae3-4990-80a8-e4a51fa0e528,7,library,COMPLETE,HIGH,,238594000000,157.8378677368164,0.0,0.0,0,240509000000,1.0,library,1,255422000000,1453.0,0,library,1915.0,16828.0,14913.0,56978723-8649-4a46-8921-c055022126c4,10,The local government proposed constructing a new library in the town center
eda5bad8-db84-4555-94a0-4ff1cb7a9313,367f44f6-6ae3-4990-80a8-e4a51fa0e528,8,in,COMPLETE,HIGH,,252094000000,159.8644256591797,0.0,0.0,0,241291000000,1.0,in,1,256750000000,344.0,0,in,-10803.0,4656.0,15459.0,56978723-8649-4a46-8921-c055022126c4,10,The local government proposed constructing a new library in the town center
2794aa39-4732-4053-b28d-20c26a478218,367f44f6-6ae3-4990-80a8-e4a51fa0e528,9,the,COMPLETE,HIGH,,240094000000,158.07676315307617,0.0,0.0,0,,,,,257266000000,391.0,0,the,,17172.0,,56978723-8649-4a46-8921-c055022126c4,10,The local government proposed constructing a new library in the town center
e8f365a7-adfc-4a2c-b695-71b3aced6d40,367f44f6-6ae3-4990-80a8-e4a51fa0e528,10,town,TIMED_OUT,EXCLUDED,Sentence closed before slot completed.,,,,,,,,,,258391000000,657.0,0,town,,,,56978723-8649-4a46-8921-c055022126c4,10,The local government proposed constructing a new library in the town center
94e2f370-4c3a-448a-9ce0-c086662f6f4a,367f44f6-6ae3-4990-80a8-e4a51fa0e528,11,center,COMPLETE,HIGH,,240500000000,161.0732078552246,0.0,0.0,0,,,,,259625000000,922.0,0,centr,,19125.0,,56978723-8649-4a46-8921-c055022126c4,10,The local government proposed constructing a new library in the town center
5d92e910-7549-491e-a66d-6588ae252a08,0306737a-9f9d-4506-bfb7-14b9b3e922f5,0,Research,COMPLETE,HIGH,,267031000000,160.93826293945312,0.0,0.0,0,,,,,269813000000,2313.0,0,research,,2782.0,,56978723-8649-4a46-8921-c055022126c4,11,Research has demonstrated that bilingual children often develop stronger cognitive flexibility
a47c0157-1848-4821-b352-e0639c51037b,0306737a-9f9d-4506-bfb7-14b9b3e922f5,1,has,COMPLETE,HIGH,,261672000000,157.8984260559082,0.0,0.0,0,,,,,270406000000,375.0,0,has,,8734.0,,56978723-8649-4a46-8921-c055022126c4,11,Research has demonstrated that bilingual children often develop stronger cognitive flexibility
091ab19a-61fe-4c28-8240-f2fcd0955e63,0306737a-9f9d-4506-bfb7-14b9b3e922f5,2,demonstrated,COMPLETE,HIGH,,282406000000,160.51816940307617,0.0,0.0,0,,,,,272563000000,1969.0,0,demonstrated,,-9843.0,,56978723-8649-4a46-8921-c055022126c4,11,Research has demonstrated that bilingual children often develop stronger cognitive flexibility
e8b3d8a8-ab14-4fcf-956a-4fb31ea47146,0306737a-9f9d-4506-bfb7-14b9b3e922f5,3,that,COMPLETE,HIGH,,262797000000,166.03517532348633,0.0,0.0,0,263541000000,1.0,that,1,273781000000,609.0,0,that,744.0,10984.0,10240.0,56978723-8649-4a46-8921-c055022126c4,11,Research has demonstrated that bilingual children often develop stronger cognitive flexibility
2ee2d3fc-38ff-4288-b3dc-bffa1a680b4c,0306737a-9f9d-4506-bfb7-14b9b3e922f5,4,bilingual,COMPLETE,HIGH,,267531000000,180.8145046234131,0.0,0.0,0,264291000000,1.0,bilingual,1,276484000000,2359.0,1,bilingual,-3240.0,8953.0,12193.0,56978723-8649-4a46-8921-c055022126c4,11,Research has demonstrated that bilingual children often develop stronger cognitive flexibility
99c222f0-18a9-4086-a252-af67e476ecf0,0306737a-9f9d-4506-bfb7-14b9b3e922f5,5,children,COMPLETE,HIGH,,263156000000,156.17918968200684,0.0,0.0,0,,,,,279438000000,2297.0,0,children,,16282.0,,56978723-8649-4a46-8921-c055022126c4,11,Research has demonstrated that bilingual children often develop stronger cognitive flexibility
147a1745-07af-4b8e-8c85-b470de34ee02,0306737a-9f9d-4506-bfb7-14b9b3e922f5,6,often,COMPLETE,HIGH,,263594000000,174.17001724243164,0.0,0.0,0,265353000000,1.0,often,1,280953000000,750.0,0,often,1759.0,17359.0,15600.0,56978723-8649-4a46-8921-c055022126c4,11,Research has demonstrated that bilingual children often develop stronger cognitive flexibility
9b072e28-2876-4c14-bcbd-dab57ff2d8f0,0306737a-9f9d-4506-bfb7-14b9b3e922f5,7,develop,COMPLETE,HIGH,,264500000000,171.3857650756836,0.0,0.0,0,266134000000,1.0,develop,1,282969000000,1688.0,0,develop,1634.0,18469.0,16835.0,56978723-8649-4a46-8921-c055022126c4,11,Research has demonstrated that bilingual children often develop stronger cognitive flexibility
2f0f54d2-4e87-47dc-819d-32c6dc9b7524,0306737a-9f9d-4506-bfb7-14b9b3e922f5,8,stronger,COMPLETE,HIGH,,265391000000,164.3199920654297,0.0,0.0,0,,,,,285234000000,1765.0,0,stringer,,19843.0,,56978723-8649-4a46-8921-c055022126c4,11,Research has demonstrated that bilingual children often develop stronger cognitive flexibility
967e666a-434f-4f77-aa80-a6297adfff2d,0306737a-9f9d-4506-bfb7-14b9b3e922f5,9,cognitive,COMPLETE,HIGH,,265859000000,170.10903358459473,0.0,0.0,0,,,,,288188000000,1829.0,0,cognitive,,22329.0,,56978723-8649-4a46-8921-c055022126c4,11,Research has demonstrated that bilingual children often develop stronger cognitive flexibility
81d61419-d571-4829-9ab0-26f058f257fb,0306737a-9f9d-4506-bfb7-14b9b3e922f5,10,flexibility,COMPLETE,HIGH,,286078000000,157.83214569091797,0.0,0.0,0,,,,,293094000000,3906.0,0,flexibilities,,7016.0,,56978723-8649-4a46-8921-c055022126c4,11,Research has demonstrated that bilingual children often develop stronger cognitive flexibility
8c60da45-adca-44ba-bf11-a584077aee53,396b7647-cbb8-4c31-8df3-4ad775afe315,0,The,COMPLETE,HIGH,,1772086474478141696,176.32770538330078,0.0,0.0,0,1772086472407978752,1.0,The,1,6047000000,344.0,0,the,-2070.162944,-1772086468431.1416,-1772086466360.9788,6bb179e8-136d-47b8-ab1f-4d88db1fe6dd,0,The cat sat on the mat
5b6da1a2-3803-485f-b658-e4d0906d0565,396b7647-cbb8-4c31-8df3-4ad775afe315,1,cat,COMPLETE,HIGH,,1772086470296421120,154.80494499206543,0.0,0.0,0,,,,,6937000000,422.0,0,cat,,-1772086463359.4211,,6bb179e8-136d-47b8-ab1f-4d88db1fe6dd,0,The cat sat on the mat
9196a4c7-2d65-4086-9e84-8fea19043aa8,396b7647-cbb8-4c31-8df3-4ad775afe315,2,sat,COMPLETE,HIGH,,1772086469509157120,156.9652557373047,0.0,0.0,0,,,,,8203000000,1156.0,0,sat,,-1772086461306.157,,6bb179e8-136d-47b8-ab1f-4d88db1fe6dd,0,The cat sat on the mat
a7c2b52e-50a3-400c-aa99-c1edbe21f270,396b7647-cbb8-4c31-8df3-4ad775afe315,3,on,COMPLETE,HIGH,,1772086471670722560,187.1030330657959,0.0,0.0,0,1772086473098331648,1.0,on,1,9265000000,328.0,0,on,1427.609088,-1772086462405.7227,-1772086463833.3318,6bb179e8-136d-47b8-ab1f-4d88db1fe6dd,0,The cat sat on the mat
a4d70e1c-d10b-42d6-9c2c-a2d5745c75df,396b7647-cbb8-4c31-8df3-4ad775afe315,4,the,COMPLETE,HIGH,,1772086471927818752,156.54850006103516,0.0,0.0,0,,,,,9687000000,312.0,0,the,,-1772086462240.8186,,6bb179e8-136d-47b8-ab1f-4d88db1fe6dd,0,The cat sat on the mat
a1651568-0721-4ef2-a172-c3efe7db9e13,396b7647-cbb8-4c31-8df3-4ad775afe315,5,mat,TIMED_OUT,EXCLUDED,Sentence closed before slot completed.,,,,,,,,,,13390000000,3484.0,0,mat,,,,6bb179e8-136d-47b8-ab1f-4d88db1fe6dd,0,The cat sat on the mat
f954b92c-fd0f-458f-920c-eda2c088c061,a1438546-5f5a-400f-8844-2fb10d83085b,0,The,COMPLETE,HIGH,,187000000,152.73737907409668,0.0,0.0,0,1759000000,1.0,The,1,4187000000,344.0,0,the,1572.0,4000.0,2428.0,79c6261a-b416-4da3-9959-f9e48cf0eea4,0,The cat sat on the mat
6e5d0302-6793-4671-961d-0922157862d7,a1438546-5f5a-400f-8844-2fb10d83085b,1,cat,COMPLETE,HIGH,,812000000,177.12163925170898,0.0,0.0,0,2056000000,1.0,cat,1,4781000000,375.0,0,cat,1244.0,3969.0,2725.0,79c6261a-b416-4da3-9959-f9e48cf0eea4,0,The cat sat on the mat
a686a93c-2529-4bef-9598-d2d4fd61f794,a1438546-5f5a-400f-8844-2fb10d83085b,2,sat,COMPLETE,HIGH,,1781000000,162.0626449584961,0.0,0.0,0,2478000000,1.0,sat,1,5297000000,422.0,0,sat,697.0,3516.0,2819.0,79c6261a-b416-4da3-9959-f9e48cf0eea4,0,The cat sat on the mat
c3cdd5b3-8d7b-4053-aa5b-72471b969b0e,a1438546-5f5a-400f-8844-2fb10d83085b,3,on,COMPLETE,HIGH,,2484000000,201.6739845275879,0.0,0.0,0,2712000000,1.0,on,1,5828000000,297.0,0,on,228.0,3344.0,3116.0,79c6261a-b416-4da3-9959-f9e48cf0eea4,0,The cat sat on the mat
2cbe52b1-b1e7-4043-ba1c-b6077220a1bd,a1438546-5f5a-400f-8844-2fb10d83085b,4,the,TIMED_OUT,EXCLUDED,Sentence closed before slot completed.,,,,,,,,,,6422000000,375.0,0,the,,,,79c6261a-b416-4da3-9959-f9e48cf0eea4,0,The cat sat on the mat
670f92fe-50ae-4f27-bd76-106744b61f7b,a1438546-5f5a-400f-8844-2fb10d83085b,5,mat,COMPLETE,HIGH,,2765000000,184.22532081604004,0.0,0.0,0,3243000000,1.0,mat,1,7156000000,516.0,0,mat,478.0,4391.0,3913.0,79c6261a-b416-4da3-9959-f9e48cf0eea4,0,The cat sat on the mat
658e3bd3-66c4-46a7-a6a9-53fcac8b9d23,e8ff7945-8b27-4128-8d3a-049659682c55,0,She,COMPLETE,HIGH,,8890000000,206.7549228668213,0.0,0.0,0,9665000000,1.0,She,1,10859000000,359.0,0,she,775.0,1969.0,1194.0,79c6261a-b416-4da3-9959-f9e48cf0eea4,1,She walked quickly to the store
1409a1df-ceb3-4098-85df-96a10b722e4e,e8ff7945-8b27-4128-8d3a-049659682c55,1,walked,TIMED_OUT,EXCLUDED,Sentence closed before slot completed.,,,,,,,,,,11937000000,906.0,0,walked,,,,79c6261a-b416-4da3-9959-f9e48cf0eea4,1,She walked quickly to the store
574f133d-7226-4337-9148-6b0063878492,e8ff7945-8b27-4128-8d3a-049659682c55,2,quickly,COMPLETE,HIGH,,9281000000,204.9727439880371,0.0,0.0,0,,,,,14172000000,1579.0,0,quickly,,4891.0,,79c6261a-b416-4da3-9959-f9e48cf0eea4,1,She walked quickly to the store
52c73e43-cd8c-402d-a7a1-0d12527e0a82,e8ff7945-8b27-4128-8d3a-049659682c55,3,to,COMPLETE,HIGH,,9500000000,158.9183807373047,0.0,0.0,0,10400000000,1.0,to,1,14812000000,265.0,0,to,900.0,5312.0,4412.0,79c6261a-b416-4da3-9959-f9e48cf0eea4,1,She walked quickly to the store
7d542401-c7dc-41ab-ba3f-631fad3df75d,e8ff7945-8b27-4128-8d3a-049659682c55,4,the,COMPLETE,HIGH,,9828000000,168.72882843017578,0.0,0.0,0,,,,,15422000000,469.0,0,the,,5594.0,,79c6261a-b416-4da3-9959-f9e48cf0eea4,1,She walked quickly to the store
6a1fac6b-f1c9-4c54-b4f8-1a2d4f944b6f,e8ff7945-8b27-4128-8d3a-049659682c55,5,store,COMPLETE,HIGH,,10031000000,155.74073791503906,0.0,0.0,0,,,,,18172000000,2469.0,1,store,,8141.0,,79c6261a-b416-4da3-9959-f9e48cf0eea4,1,She walked quickly to the store
26fcbb6b-7d9d-4956-b2ac-42cf6d4d7e7a,46c10a0c-9ff9-4a1d-b009-b2c7f9f2209c,0,The,TIMED_OUT,EXCLUDED,Sentence closed before slot completed.,,,,,,,,,,22515000000,359.0,0,the,,,,79c6261a-b416-4da3-9959-f9e48cf0eea4,2,The children played outside until the sun set
6a8053f2-1cb0-4c47-a3bd-17474867aef3,46c10a0c-9ff9-4a1d-b009-b2c7f9f2209c,1,children,COMPLETE,HIGH,,30593000000,156.18181228637695,0.0,0.0,0,,,,,24281000000,1594.0,0,children,,-6312.0,,79c6261a-b416-4da3-9959-f9e48cf0eea4,2,The children played outside until the sun set
a6f41ccb-959a-44ca-8ffa-f6219d1e71b5,46c10a0c-9ff9-4a1d-b009-b2c7f9f2209c,2,played,COMPLETE,HIGH,,19875000000,166.86367988586426,0.0,0.0,0,,,,,25359000000,875.0,0,played,,5484.0,,79c6261a-b416-4da3-9959-f9e48cf0eea4,2,The children played outside until the sun set
f0f76ffa-6bc1-4f75-95b2-4b40bedf9c26,46c10a0c-9ff9-4a1d-b009-b2c7f9f2209c,3,outside,COMPLETE,HIGH,,27656000000,160.31527519226074,0.0,0.0,0,,,,,27172000000,1610.0,0,outside,,-484.0,,79c6261a-b416-4da3-9959-f9e48cf0eea4,2,The children played outside until the sun set
ba353486-021b-4641-92e8-9d6174f858a7,46c10a0c-9ff9-4a1d-b009-b2c7f9f2209c,4,until,COMPLETE,HIGH,,20984000000,156.9535732269287,0.0,0.0,0,21743000000,1.0,until,1,28672000000,907.0,0,until,759.0,7688.0,6929.0,79c6261a-b416-4da3-9959-f9e48cf0eea4,2,The children played outside until the sun set
eeba3e37-1d15-434b-a48e-f8d428cee898,46c10a0c-9ff9-4a1d-b009-b2c7f9f2209c,5,the,COMPLETE,HIGH,,20734000000,163.6497974395752,0.0,0.0,0,,,,,29172000000,360.0,0,the,,8438.0,,79c6261a-b416-4da3-9959-f9e48cf0eea4,2,The children played outside until the sun set
d730cd79-af2b-47c0-b996-279264c519ad,46c10a0c-9ff9-4a1d-b009-b2c7f9f2209c,6,sun,COMPLETE,HIGH,,21297000000,152.38666534423828,0.0,0.0,0,,,,,29859000000,531.0,0,sun,,8562.0,,79c6261a-b416-4da3-9959-f9e48cf0eea4,2,The children played outside until the sun set
860c3c30-b584-4063-ae47-8c80143e7099,46c10a0c-9ff9-4a1d-b009-b2c7f9f2209c,7,set,COMPLETE,HIGH,,21593000000,176.40233039855957,0.0,0.0,0,,,,,30593000000,609.0,0,set,,9000.0,,79c6261a-b416-4da3-9959-f9e48cf0eea4,2,The children played outside until the sun set
cd37802d-09fc-4642-847b-945c28fef467,b4e8d0d2-7093-489c-aede-aa25ada875be,0,Every,COMPLETE,HIGH,,35187000000,161.07416152954102,0.0,0.0,0,33165000000,0.7692307692307693,Every,0.7692307692307693,,,,,-2022.0,,,79c6261a-b416-4da3-9959-f9e48cf0eea4,3,Every morning she read the newspaper before breakfast
237f3d4c-8206-4d83-97d6-0f732d79ab7a,b4e8d0d2-7093-489c-aede-aa25ada875be,1,morning,TIMED_OUT,DEGRADED,,32078000000,200.82831382751465,0.0,0.0,0,,,,,,,,,,,,79c6261a-b416-4da3-9959-f9e48cf0eea4,3,Every morning she read the newspaper before breakfast
36500881-c774-4ae6-ba89-4f755c88f35b,b4e8d0d2-7093-489c-aede-aa25ada875be,2,she,TIMED_OUT,DEGRADED,,31687000000,176.69320106506348,0.0,0.0,0,,,,,,,,,,,,79c6261a-b416-4da3-9959-f9e48cf0eea4,3,Every morning she read the newspaper before breakfast
1f3bb91c-4d94-4b3c-8aef-77618ec450a6,b4e8d0d2-7093-489c-aede-aa25ada875be,3,read,COMPLETE,HIGH,,32578000000,166.60761833190918,0.0,0.0,0,33962000000,1.0,read,1,,,,,1384.0,,,79c6261a-b416-4da3-9959-f9e48cf0eea4,3,Every morning she read the newspaper before breakfast
98c6cc4f-0394-42b4-8826-7714fc5866ed,b4e8d0d2-7093-489c-aede-aa25ada875be,4,the,COMPLETE,HIGH,,33047000000,182.145357131958,0.0,0.0,0,33962000000,1.0,the,1,,,,,915.0,,,79c6261a-b416-4da3-9959-f9e48cf0eea4,3,Every morning she read the newspaper before breakfast
afe51eff-31d4-4087-beb8-6088bed14fa6,b4e8d0d2-7093-489c-aede-aa25ada875be,5,newspaper,TIMED_OUT,EXCLUDED,Sentence closed before slot completed.,,,,,,34243000000,0.6153846153846154,newspaper,0.6153846153846154,,,,,,,,79c6261a-b416-4da3-9959-f9e48cf0eea4,3,Every morning she read the newspaper before breakfast
d6316a3d-629a-4cfe-a6a3-cf7c3787b125,b4e8d0d2-7093-489c-aede-aa25ada875be,6,before,TIMED_OUT,EXCLUDED,Sentence closed before slot completed.,,,,,,34478000000,1.0,before,1,,,,,,,,79c6261a-b416-4da3-9959-f9e48cf0eea4,3,Every morning she read the newspaper before breakfast
ec338907-10f7-43ac-9fcc-c697153b26b0,b4e8d0d2-7093-489c-aede-aa25ada875be,7,breakfast,TIMED_OUT,DEGRADED,,33968000000,154.06036376953125,0.0,0.0,0,,,,,,,,,,,,79c6261a-b416-4da3-9959-f9e48cf0eea4,3,Every morning she read the newspaper before breakfast
1de341dd-ea20-40d6-bce7-0c17919b6ded,3a9b5735-a10c-411f-943d-a2866f526a7c,0,The,COMPLETE,HIGH,,37578000000,160.8123779296875,0.0,0.0,0,37775000000,1.0,The,1,,,,,197.0,,,79c6261a-b416-4da3-9959-f9e48cf0eea4,4,The scientist observed that the plants grew faster in sunlight
90bec188-b70e-43e3-be3b-b39aafb2869a,3a9b5735-a10c-411f-943d-a2866f526a7c,1,scientist,COMPLETE,HIGH,,37250000000,164.88385200500488,0.0,0.0,0,38353000000,0.9473684210526315,scientist,0.9473684210526315,,,,,1103.0,,,79c6261a-b416-4da3-9959-f9e48cf0eea4,4,The scientist observed that the plants grew faster in sunlight
2921e60d-4890-423c-955c-a309348ca54b,3a9b5735-a10c-411f-943d-a2866f526a7c,2,observed,TIMED_OUT,EXCLUDED,Sentence closed before slot completed.,,,,,,,,,,,,,,,,,79c6261a-b416-4da3-9959-f9e48cf0eea4,4,The scientist observed that the plants grew faster in sunlight
0e8a7f79-419d-4af8-b2f9-a272e517440e,3a9b5735-a10c-411f-943d-a2866f526a7c,3,that,TIMED_OUT,EXCLUDED,Sentence closed before slot completed.,,,,,,,,,,,,,,,,,79c6261a-b416-4da3-9959-f9e48cf0eea4,4,The scientist observed that the plants grew faster in sunlight
fa87a997-e860-4c03-a7e6-af716c095b1f,3a9b5735-a10c-411f-943d-a2866f526a7c,4,the,TIMED_OUT,DEGRADED,,36703000000,179.23736572265625,0.0,0.0,0,,,,,,,,,,,,79c6261a-b416-4da3-9959-f9e48cf0eea4,4,The scientist observed that the plants grew faster in sunlight
8fb079d8-3698-4ccf-86e3-6340219fab3a,3a9b5735-a10c-411f-943d-a2866f526a7c,5,plants,TIMED_OUT,DEGRADED,,38703000000,160.28165817260742,0.0,0.0,0,,,,,,,,,,,,79c6261a-b416-4da3-9959-f9e48cf0eea4,4,The scientist observed that the plants grew faster in sunlight
d2b29f33-37ea-4dc9-a097-0d8d361adaf6,3a9b5735-a10c-411f-943d-a2866f526a7c,6,grew,TIMED_OUT,DEGRADED,,39281000000,150.10404586791992,0.0,0.0,0,,,,,,,,,,,,79c6261a-b416-4da3-9959-f9e48cf0eea4,4,The scientist observed that the plants grew faster in sunlight
29be6b42-e840-4eab-8626-5ef5dbd095b9,3a9b5735-a10c-411f-943d-a2866f526a7c,7,faster,TIMED_OUT,EXCLUDED,Sentence closed before slot completed.,,,,,,,,,,,,,,,,,79c6261a-b416-4da3-9959-f9e48cf0eea4,4,The scientist observed that the plants grew faster in sunlight
04a81742-cd59-4460-942f-9171b1ff04cc,3a9b5735-a10c-411f-943d-a2866f526a7c,8,in,TIMED_OUT,EXCLUDED,Sentence closed before slot completed.,,,,,,41634000000,1.0,in,1,,,,,,,,79c6261a-b416-4da3-9959-f9e48cf0eea4,4,The scientist observed that the plants grew faster in sunlight
bba1de03-7de7-4180-976f-2938febf3af7,3a9b5735-a10c-411f-943d-a2866f526a7c,9,sunlight,COMPLETE,HIGH,,39703000000,150.93374252319336,0.0,0.0,0,41634000000,1.0,sunlight,1,,,,,1931.0,,,79c6261a-b416-4da3-9959-f9e48cf0eea4,4,The scientist observed that the plants grew faster in sunlight
788412a0-19ee-4a3e-99df-c044aee8e4c7,d6e1f7c9-9d7b-4b5d-bf09-447713b9b9b2,0,After,COMPLETE,HIGH,,46078000000,156.22925758361816,0.0,0.0,0,43915000000,1.0,After,1,47672000000,1266.0,0,after,-2163.0,1594.0,3757.0,79c6261a-b416-4da3-9959-f9e48cf0eea4,5,After the storm the streets were covered with fallen leaves
3fe22d63-7cde-4faa-ad1e-0471a21f305f,d6e1f7c9-9d7b-4b5d-bf09-447713b9b9b2,1,the,COMPLETE,HIGH,,42890000000,179.43072319030762,0.0,0.0,0,44962000000,1.0,the,1,48437000000,375.0,0,tha,2072.0,5547.0,3475.0,79c6261a-b416-4da3-9959-f9e48cf0eea4,5,After the storm the streets were covered with fallen leaves
c0d54626-3cfe-47ab-b687-89ed5c904642,d6e1f7c9-9d7b-4b5d-bf09-447713b9b9b2,2,storm,COMPLETE,HIGH,,43109000000,170.0129508972168,0.0,0.0,0,,,,,49718000000,1187.0,0,storm,,6609.0,,79c6261a-b416-4da3-9959-f9e48cf0eea4,5,After the storm the streets were covered with fallen leaves
2a9c3283-77e2-4a4c-8d15-f7f06ab9c8ae,d6e1f7c9-9d7b-4b5d-bf09-447713b9b9b2,3,the,COMPLETE,HIGH,,66437000000,150.35057067871094,0.0,0.0,0,,,,,50375000000,375.0,0,the,,-16062.0,,79c6261a-b416-4da3-9959-f9e48cf0eea4,5,After the storm the streets were covered with fallen leaves
8ba89604-641e-4f9b-9758-11c9d5da79dc,d6e1f7c9-9d7b-4b5d-bf09-447713b9b9b2,4,streets,COMPLETE,HIGH,,42218000000,176.64575576782227,0.0,0.0,0,,,,,52015000000,1078.0,0,streets,,9797.0,,79c6261a-b416-4da3-9959-f9e48cf0eea4,5,After the storm the streets were covered with fallen leaves
c89bd33a-1c84-40be-bf54-9103113b339d,d6e1f7c9-9d7b-4b5d-bf09-447713b9b9b2,5,were,COMPLETE,HIGH,,44531000000,165.03119468688965,0.0,0.0,0,,,,,54812000000,2531.0,1,were,,10281.0,,79c6261a-b416-4da3-9959-f9e48cf0eea4,5,After the storm the streets were covered with fallen leaves
ea43ea00-6fe8-4d71-b7cf-9468f45cf5fd,d6e1f7c9-9d7b-4b5d-bf09-447713b9b9b2,6,covered,COMPLETE,HIGH,,49140000000,164.11519050598145,0.0,0.0,0,45493000000,1.0,covered,1,57500000000,1860.0,0,covered,-3647.0,8360.0,12007.0,79c6261a-b416-4da3-9959-f9e48cf0eea4,5,After the storm the streets were covered with fallen leaves
d384009b-ac4a-414a-a011-e53031a60dff,d6e1f7c9-9d7b-4b5d-bf09-447713b9b9b2,7,with,COMPLETE,HIGH,,58703000000,159.83915328979492,0.0,0.0,0,45493000000,1.0,with,1,60406000000,2516.0,1,with,-13210.0,1703.0,14913.0,79c6261a-b416-4da3-9959-f9e48cf0eea4,5,After the storm the streets were covered with fallen leaves
b03254dc-6efe-4459-be2e-d65c852031cc,d6e1f7c9-9d7b-4b5d-bf09-447713b9b9b2,8,fallen,COMPLETE,HIGH,,58125000000,171.69547080993652,0.0,0.0,0,46228000000,1.0,fallen,1,63906000000,2281.0,0,falllen,-11897.0,5781.0,17678.0,79c6261a-b416-4da3-9959-f9e48cf0eea4,5,After the storm the streets were covered with fallen leaves
e03e2fb2-7bc2-4ccd-9099-f415190d64d9,d6e1f7c9-9d7b-4b5d-bf09-447713b9b9b2,9,leaves,COMPLETE,HIGH,,45203000000,158.51068496704102,0.0,0.0,0,46228000000,1.0,leaves,1,65718000000,1078.0,0,leaves,1025.0,20515.0,19490.0,79c6261a-b416-4da3-9959-f9e48cf0eea4,5,After the storm the streets were covered with fallen leaves
44f826f4-c020-45f5-9c16-d4018088a3c1,e646a86d-4382-484e-a300-e9e94fa682f1,0,The,TIMED_OUT,EXCLUDED,Sentence closed before slot completed.,,,,,,68259000000,1.0,The,1,,,,,,,,79c6261a-b416-4da3-9959-f9e48cf0eea4,6,The museum displayed artifacts from ancient civilizations around the world
f9439e65-9bbd-4db2-887c-553746b097bd,e646a86d-4382-484e-a300-e9e94fa682f1,1,museum,COMPLETE,HIGH,,67297000000,214.86759185791016,0.0,0.0,0,68275000000,1.0,museum,1,,,,,978.0,,,79c6261a-b416-4da3-9959-f9e48cf0eea4,6,The museum displayed artifacts from ancient civilizations around the world
52f9b1ad-2922-4db4-9005-02c0e711bb76,e646a86d-4382-484e-a300-e9e94fa682f1,2,displayed,TIMED_OUT,EXCLUDED,Sentence closed before slot completed.,,,,,,,,,,,,,,,,,79c6261a-b416-4da3-9959-f9e48cf0eea4,6,The museum displayed artifacts from ancient civilizations around the world
c02e6db7-501d-46d2-b8ec-e7fbe21c86bc,e646a86d-4382-484e-a300-e9e94fa682f1,3,artifacts,COMPLETE,HIGH,,67000000000,168.33877563476562,0.0,0.0,0,69540000000,1.0,artifacts,1,,,,,2540.0,,,79c6261a-b416-4da3-9959-f9e48cf0eea4,6,The museum displayed artifacts from ancient civilizations around the world
dbe3e6b3-ae2c-4766-ae3c-b919d4cef243,e646a86d-4382-484e-a300-e9e94fa682f1,4,from,COMPLETE,HIGH,,68234000000,181.9775104522705,0.0,0.0,0,69540000000,1.0,from,1,,,,,1306.0,,,79c6261a-b416-4da3-9959-f9e48cf0eea4,6,The museum displayed artifacts from ancient civilizations around the world
9712d91a-c265-4cf4-8222-1cfe5f8fe256,e646a86d-4382-484e-a300-e9e94fa682f1,5,ancient,TIMED_OUT,DEGRADED,,67750000000,165.8499240875244,0.0,0.0,0,,,,,,,,,,,,79c6261a-b416-4da3-9959-f9e48cf0eea4,6,The museum displayed artifacts from ancient civilizations around the world
fdba1266-e701-4dd8-b844-b2a698606ec8,e646a86d-4382-484e-a300-e9e94fa682f1,6,civilizations,TIMED_OUT,EXCLUDED,Sentence closed before slot completed.,,,,,,,,,,,,,,,,,79c6261a-b416-4da3-9959-f9e48cf0eea4,6,The museum displayed artifacts from ancient civilizations around the world
bcf8c643-5cf3-43c3-ae01-386f3ae8e1ec,e646a86d-4382-484e-a300-e9e94fa682f1,7,around,TIMED_OUT,EXCLUDED,Sentence closed before slot completed.,,,,,,70822000000,1.0,around,1,,,,,,,,79c6261a-b416-4da3-9959-f9e48cf0eea4,6,The museum displayed artifacts from ancient civilizations around the world
9afa8e77-a988-43cc-bb9e-a08fe8d66ce6,e646a86d-4382-484e-a300-e9e94fa682f1,8,the,TIMED_OUT,EXCLUDED,Sentence closed before slot completed.,,,,,,,,,,,,,,,,,79c6261a-b416-4da3-9959-f9e48cf0eea4,6,The museum displayed artifacts from ancient civilizations around the world
6989259b-ca85-487b-aa6d-9546cb41cab7,e646a86d-4382-484e-a300-e9e94fa682f1,9,world,COMPLETE,HIGH,,70172000000,159.73258018493652,0.0,0.0,0,71056000000,1.0,world,1,,,,,884.0,,,79c6261a-b416-4da3-9959-f9e48cf0eea4,6,The museum displayed artifacts from ancient civilizations around the world
cf5a2c69-9b47-4f76-9300-c391175c4b55,69747ecf-03b4-4282-8a5d-e7101b3b8765,0,During,COMPLETE,HIGH,,71390000000,177.17313766479492,0.0,0.0,0,72618000000,1.0,During,1,,,,,1228.0,,,79c6261a-b416-4da3-9959-f9e48cf0eea4,7,During the summer holidays they traveled to several different countries
b9d7d5c5-552d-4979-a109-4c6400fa4e3f,69747ecf-03b4-4282-8a5d-e7101b3b8765,1,the,COMPLETE,HIGH,,71922000000,153.91302108764648,0.0,0.0,0,72618000000,1.0,the,1,,,,,696.0,,,79c6261a-b416-4da3-9959-f9e48cf0eea4,7,During the summer holidays they traveled to several different countries
70fadeb9-a86d-481f-a664-0848ea3ec0db,69747ecf-03b4-4282-8a5d-e7101b3b8765,2,summer,TIMED_OUT,EXCLUDED,Sentence closed before slot completed.,,,,,,72868000000,1.0,summer,1,,,,,,,,79c6261a-b416-4da3-9959-f9e48cf0eea4,7,During the summer holidays they traveled to several different countries
bfc49dce-dc68-4073-abd6-9af095fd53ea,69747ecf-03b4-4282-8a5d-e7101b3b8765,3,holidays,COMPLETE,HIGH,,72297000000,167.33288764953613,0.0,0.0,0,73103000000,1.0,holidays,1,,,,,806.0,,,79c6261a-b416-4da3-9959-f9e48cf0eea4,7,During the summer holidays they traveled to several different countries
b77f5800-d285-4613-9379-3e649e945cb1,69747ecf-03b4-4282-8a5d-e7101b3b8765,4,they,TIMED_OUT,DEGRADED,,72547000000,160.28332710266113,0.0,0.0,0,,,,,,,,,,,,79c6261a-b416-4da3-9959-f9e48cf0eea4,7,During the summer holidays they traveled to several different countries
af9d2ca6-a56b-4a6c-ac5f-19c9e7fe073e,69747ecf-03b4-4282-8a5d-e7101b3b8765,5,traveled,TIMED_OUT,DEGRADED,,73047000000,180.37033081054688,0.0,0.0,0,,,,,,,,,,,,79c6261a-b416-4da3-9959-f9e48cf0eea4,7,During the summer holidays they traveled to several different countries
b6a38165-b225-4480-99d3-b2fabe841f6a,69747ecf-03b4-4282-8a5d-e7101b3b8765,6,to,COMPLETE,HIGH,,73453000000,165.4970645904541,0.0,0.0,0,74118000000,1.0,to,1,,,,,665.0,,,79c6261a-b416-4da3-9959-f9e48cf0eea4,7,During the summer holidays they traveled to several different countries
0636773f-f34f-4f13-9850-624df8249e99,69747ecf-03b4-4282-8a5d-e7101b3b8765,7,several,COMPLETE,HIGH,,73765000000,159.224271774292,0.0,0.0,0,74415000000,1.0,several,1,,,,,650.0,,,79c6261a-b416-4da3-9959-f9e48cf0eea4,7,During the summer holidays they traveled to several different countries
5bf57afe-0acb-4c41-a7af-946a6544946e,69747ecf-03b4-4282-8a5d-e7101b3b8765,8,different,COMPLETE,HIGH,,74078000000,175.6737232208252,0.0,0.0,0,74900000000,1.0,different,1,,,,,822.0,,,79c6261a-b416-4da3-9959-f9e48cf0eea4,7,During the summer holidays they traveled to several different countries
43d61317-caef-4d24-834f-f480861fd617,69747ecf-03b4-4282-8a5d-e7101b3b8765,9,countries,COMPLETE,HIGH,,74312000000,160.07471084594727,0.0,0.0,0,75165000000,1.0,countries,1,,,,,853.0,,,79c6261a-b416-4da3-9959-f9e48cf0eea4,7,During the summer holidays they traveled to several different countries
a0cc9ac0-09f8-4697-8e9f-449d11b4c54e,e3d56082-a9ac-4a5f-b869-7c0c6182351c,0,The,COMPLETE,HIGH,,80453000000,175.11320114135742,0.0,0.0,0,82337000000,1.0,The,1,,,,,1884.0,,,79c6261a-b416-4da3-9959-f9e48cf0eea4,8,The engineer carefully examined the bridge structure before approving the design
bc8831d9-3100-442c-8bd5-4683d613a69b,e3d56082-a9ac-4a5f-b869-7c0c6182351c,1,engineer,TIMED_OUT,EXCLUDED,Sentence closed before slot completed.,,,,,,,,,,,,,,,,,79c6261a-b416-4da3-9959-f9e48cf0eea4,8,The engineer carefully examined the bridge structure before approving the design
8ee1688f-f4ea-43a1-9ca2-adb5c5683531,e3d56082-a9ac-4a5f-b869-7c0c6182351c,2,carefully,TIMED_OUT,EXCLUDED,Sentence closed before slot completed.,,,,,,,,,,,,,,,,,79c6261a-b416-4da3-9959-f9e48cf0eea4,8,The engineer carefully examined the bridge structure before approving the design
6e9f4ad6-cd95-4efc-9566-837c6b7adce5,e3d56082-a9ac-4a5f-b869-7c0c6182351c,3,examined,TIMED_OUT,DEGRADED,,80968000000,155.731201171875,0.0,0.0,0,,,,,,,,,,,,79c6261a-b416-4da3-9959-f9e48cf0eea4,8,The engineer carefully examined the bridge structure before approving the design
037c9c27-5b97-4313-bdc1-363a03e2963a,e3d56082-a9ac-4a5f-b869-7c0c6182351c,4,the,TIMED_OUT,EXCLUDED,Sentence closed before slot completed.,,,,,,,,,,,,,,,,,79c6261a-b416-4da3-9959-f9e48cf0eea4,8,The engineer carefully examined the bridge structure before approving the design
8321cd3f-8926-40dc-8ebf-95bc99b7541f,e3d56082-a9ac-4a5f-b869-7c0c6182351c,5,bridge,TIMED_OUT,DEGRADED,,81640000000,215.49248695373535,0.0,0.0,0,,,,,,,,,,,,79c6261a-b416-4da3-9959-f9e48cf0eea4,8,The engineer carefully examined the bridge structure before approving the design
b9a50d34-dfeb-4eae-a6d5-0c2201fc2b35,e3d56082-a9ac-4a5f-b869-7c0c6182351c,6,structure,TIMED_OUT,DEGRADED,,79953000000,159.9113941192627,0.0,0.0,0,,,,,,,,,,,,79c6261a-b416-4da3-9959-f9e48cf0eea4,8,The engineer carefully examined the bridge structure before approving the design
7cc4affd-30de-4d6f-a92e-ca8080b5053e,e3d56082-a9ac-4a5f-b869-7c0c6182351c,7,before,COMPLETE,HIGH,,82859000000,156.49819374084473,0.0,0.0,0,85368000000,1.0,before,1,,,,,2509.0,,,79c6261a-b416-4da3-9959-f9e48cf0eea4,8,The engineer carefully examined the bridge structure before approving the design
4caafca6-b777-4179-8b94-6f60b44d20de,e3d56082-a9ac-4a5f-b869-7c0c6182351c,8,approving,TIMED_OUT,EXCLUDED,Sentence closed before slot completed.,,,,,,85368000000,1.0,approving,1,,,,,,,,79c6261a-b416-4da3-9959-f9e48cf0eea4,8,The engineer carefully examined the bridge structure before approving the design
6b38b01a-bcf6-44da-bb0e-6b3d954c2092,e3d56082-a9ac-4a5f-b869-7c0c6182351c,9,the,TIMED_OUT,EXCLUDED,Sentence closed before slot completed.,,,,,,,,,,,,,,,,,79c6261a-b416-4da3-9959-f9e48cf0eea4,8,The engineer carefully examined the bridge structure before approving the design
f12c0220-2744-4484-a7b9-e46c8d6eaab9,e3d56082-a9ac-4a5f-b869-7c0c6182351c,10,design,COMPLETE,HIGH,,83328000000,153.9011001586914,0.0,0.0,0,85368000000,1.0,design,1,,,,,2040.0,,,79c6261a-b416-4da3-9959-f9e48cf0eea4,8,The engineer carefully examined the bridge structure before approving the design
53755062-e925-4971-9fe7-b4401b8baaf7,b23783a5-0855-4d1c-a738-422abddf9538,0,She,TIMED_OUT,DEGRADED,,87297000000,171.19884490966797,0.0,0.0,0,,,,,,,,,,,,79c6261a-b416-4da3-9959-f9e48cf0eea4,9,She discovered that consistent practice significantly improved her reading speed
03f2e429-c298-499e-b1b1-2eeaef9c7e19,b23783a5-0855-4d1c-a738-422abddf9538,1,discovered,TIMED_OUT,EXCLUDED,Sentence closed before slot completed.,,,,,,87712000000,0.8888888888888888,discovered,0.8888888888888888,,,,,,,,79c6261a-b416-4da3-9959-f9e48cf0eea4,9,She discovered that consistent practice significantly improved her reading speed
e5403027-76fa-46e6-a610-ee5ce1b47c5a,b23783a5-0855-4d1c-a738-422abddf9538,2,that,TIMED_OUT,EXCLUDED,Sentence closed before slot completed.,,,,,,87947000000,1.0,that,1,,,,,,,,79c6261a-b416-4da3-9959-f9e48cf0eea4,9,She discovered that consistent practice significantly improved her reading speed
628aec15-f7a2-4843-af89-249061b24137,b23783a5-0855-4d1c-a738-422abddf9538,3,consistent,COMPLETE,HIGH,,87578000000,166.19563102722168,0.0,0.0,0,88712000000,1.0,consistent,1,,,,,1134.0,,,79c6261a-b416-4da3-9959-f9e48cf0eea4,9,She discovered that consistent practice significantly improved her reading speed
e2e96c21-e235-4e86-b9f4-1ecdb8052cea,b23783a5-0855-4d1c-a738-422abddf9538,4,practice,TIMED_OUT,DEGRADED,,87890000000,177.06823348999023,0.0,0.0,0,,,,,,,,,,,,79c6261a-b416-4da3-9959-f9e48cf0eea4,9,She discovered that consistent practice significantly improved her reading speed
1ae26ced-ea42-4545-bbbc-407848b5d9c4,b23783a5-0855-4d1c-a738-422abddf9538,5,significantly,COMPLETE,HIGH,,88359000000,170.9434986114502,0.0,0.0,0,90259000000,1.0,significantly,1,,,,,1900.0,,,79c6261a-b416-4da3-9959-f9e48cf0eea4,9,She discovered that consistent practice significantly improved her reading speed
baea198c-5352-4087-9571-2267dbb2e945,b23783a5-0855-4d1c-a738-422abddf9538,6,improved,COMPLETE,HIGH,,86625000000,161.06414794921875,0.0,0.0,0,91275000000,1.0,improved,1,,,,,4650.0,,,79c6261a-b416-4da3-9959-f9e48cf0eea4,9,She discovered that consistent practice significantly improved her reading speed
2c365f61-6135-4119-a9e8-a092ec031ac2,b23783a5-0855-4d1c-a738-422abddf9538,7,her,TIMED_OUT,DEGRADED,,89890000000,151.4430046081543,0.0,0.0,0,,,,,,,,,,,,79c6261a-b416-4da3-9959-f9e48cf0eea4,9,She discovered that consistent practice significantly improved her reading speed
469909bd-faa4-4ffb-bb96-a5e934f36fc9,b23783a5-0855-4d1c-a738-422abddf9538,8,reading,TIMED_OUT,DEGRADED,,91687000000,200.38723945617676,0.0,0.0,0,,,,,,,,,,,,79c6261a-b416-4da3-9959-f9e48cf0eea4,9,She discovered that consistent practice significantly improved her reading speed
d88bf76b-2cd1-4da7-b008-3b981b66dd2e,b23783a5-0855-4d1c-a738-422abddf9538,9,speed,TIMED_OUT,EXCLUDED,Sentence closed before slot completed.,,,,,,92322000000,1.0,speed,1,,,,,,,,79c6261a-b416-4da3-9959-f9e48cf0eea4,9,She discovered that consistent practice significantly improved her reading speed
ead4aefd-f713-4716-85a5-971afefb494c,f1360119-e1a1-4130-b111-c4aaa59ad550,0,The,COMPLETE,HIGH,,94515000000,160.59565544128418,0.0,0.0,0,95384000000,1.0,The,1,99828000000,422.0,0,the,869.0,5313.0,4444.0,79c6261a-b416-4da3-9959-f9e48cf0eea4,10,The local government proposed constructing a new library in the town center
c19f5a43-8d6c-4f15-bdb3-32df5e123478,f1360119-e1a1-4130-b111-c4aaa59ad550,1,local,COMPLETE,HIGH,,94203000000,174.15094375610352,0.0,0.0,0,95618000000,1.0,local,1,101375000000,1016.0,0,local,1415.0,7172.0,5757.0,79c6261a-b416-4da3-9959-f9e48cf0eea4,10,The local government proposed constructing a new library in the town center
c055b2e2-c3b0-4cdb-aea5-d53462e917b0,f1360119-e1a1-4130-b111-c4aaa59ad550,2,government,COMPLETE,HIGH,,95390000000,156.74853324890137,0.0,0.0,0,96228000000,1.0,government,1,103781000000,1797.0,0,government,838.0,8391.0,7553.0,79c6261a-b416-4da3-9959-f9e48cf0eea4,10,The local government proposed constructing a new library in the town center
a396203b-356d-441d-a366-e38359183c33,f1360119-e1a1-4130-b111-c4aaa59ad550,3,proposed,COMPLETE,HIGH,,95640000000,160.67123413085938,0.0,0.0,0,96400000000,0.875,proposed,0.875,106109000000,1219.0,0,proposed,760.0,10469.0,9709.0,79c6261a-b416-4da3-9959-f9e48cf0eea4,10,The local government proposed constructing a new library in the town center
a9cb5341-93ef-4f2f-b9a8-9250e94943e4,f1360119-e1a1-4130-b111-c4aaa59ad550,4,constructing,COMPLETE,HIGH,,96328000000,157.50956535339355,0.0,0.0,0,97681000000,1.0,constructing,1,108750000000,1953.0,0,constrcuting,1353.0,12422.0,11069.0,79c6261a-b416-4da3-9959-f9e48cf0eea4,10,The local government proposed constructing a new library in the town center
c7a939ba-7e75-4f52-af86-1e8b80a6cd4d,f1360119-e1a1-4130-b111-c4aaa59ad550,5,a,COMPLETE,HIGH,,96625000000,179.43048477172852,0.0,0.0,0,97681000000,1.0,a,1,109312000000,125.0,0,a,1056.0,12687.0,11631.0,79c6261a-b416-4da3-9959-f9e48cf0eea4,10,The local government proposed constructing a new library in the town center
832d4847-75b8-4ffb-8c8f-b254c496d20b,f1360119-e1a1-4130-b111-c4aaa59ad550,6,new,COMPLETE,HIGH,,96922000000,188.4458065032959,0.0,0.0,0,97681000000,1.0,new,1,109922000000,438.0,0,new,759.0,13000.0,12241.0,79c6261a-b416-4da3-9959-f9e48cf0eea4,10,The local government proposed constructing a new library in the town center
4b1fb4b1-97b8-40e6-86fd-3db17f3419b6,f1360119-e1a1-4130-b111-c4aaa59ad550,7,library,COMPLETE,HIGH,,101390000000,167.01292991638184,0.0,0.0,0,97681000000,1.0,library,1,111500000000,1391.0,0,library,-3709.0,10110.0,13819.0,79c6261a-b416-4da3-9959-f9e48cf0eea4,10,The local government proposed constructing a new library in the town center
208d19d2-48ff-4a53-90f0-3dc6c8ecd940,f1360119-e1a1-4130-b111-c4aaa59ad550,8,in,COMPLETE,HIGH,,97187000000,156.08525276184082,0.0,0.0,0,98197000000,1.0,in,1,112468000000,359.0,0,int,1010.0,15281.0,14271.0,79c6261a-b416-4da3-9959-f9e48cf0eea4,10,The local government proposed constructing a new library in the town center
ab19697f-da96-48f9-b837-0d1ef41eb368,f1360119-e1a1-4130-b111-c4aaa59ad550,9,the,COMPLETE,HIGH,,111859000000,190.14286994934082,0.0,0.0,0,,,,,113531000000,891.0,0,the,,1672.0,,79c6261a-b416-4da3-9959-f9e48cf0eea4,10,The local government proposed constructing a new library in the town center
e67aae25-b200-492b-9a82-27a8b4a23574,f1360119-e1a1-4130-b111-c4aaa59ad550,10,town,COMPLETE,HIGH,,97547000000,166.00513458251953,0.0,0.0,0,98712000000,0.8888888888888888,town,0.8888888888888888,115984000000,672.0,0,town,1165.0,18437.0,17272.0,79c6261a-b416-4da3-9959-f9e48cf0eea4,10,The local government proposed constructing a new library in the town center
bf40a7d5-d9ba-430b-8fac-8703379ed744,f1360119-e1a1-4130-b111-c4aaa59ad550,11,center,COMPLETE,HIGH,,97906000000,152.1778106689453,0.0,0.0,0,99212000000,0.8333333333333334,center,0.8333333333333334,117172000000,891.0,0,centre,1306.0,19266.0,17960.0,79c6261a-b416-4da3-9959-f9e48cf0eea4,10,The local government proposed constructing a new library in the town center
01a22cd1-7979-48eb-b678-919cf09a0142,af871fe7-121e-4d63-8a5d-3ec1e6871eda,0,Research,COMPLETE,HIGH,,118562000000,158.8115692138672,0.0,0.0,0,,,,,127328000000,1375.0,0,research,,8766.0,,79c6261a-b416-4da3-9959-f9e48cf0eea4,11,Research has demonstrated that bilingual children often develop stronger cognitive flexibility
5fb9938e-07aa-4be0-8cb4-44598853efee,af871fe7-121e-4d63-8a5d-3ec1e6871eda,1,has,COMPLETE,HIGH,,119187000000,160.0785255432129,0.0,0.0,0,,,,,128390000000,406.0,0,has,,9203.0,,79c6261a-b416-4da3-9959-f9e48cf0eea4,11,Research has demonstrated that bilingual children often develop stronger cognitive flexibility
5910756b-28e3-416a-8ff9-feaca94c4fc8,af871fe7-121e-4d63-8a5d-3ec1e6871eda,2,demonstrated,COMPLETE,HIGH,,127406000000,183.73537063598633,0.0,0.0,0,120728000000,1.0,demonstrated,1,130968000000,2390.0,0,demonstrated,-6678.0,3562.0,10240.0,79c6261a-b416-4da3-9959-f9e48cf0eea4,11,Research has demonstrated that bilingual children often develop stronger cognitive flexibility
139d54d5-cce2-4d24-a612-4a66549a97cf,af871fe7-121e-4d63-8a5d-3ec1e6871eda,3,that,COMPLETE,HIGH,,119890000000,151.6714096069336,0.0,0.0,0,,,,,132250000000,750.0,0,that,,12360.0,,79c6261a-b416-4da3-9959-f9e48cf0eea4,11,Research has demonstrated that bilingual children often develop stronger cognitive flexibility
9dcc560c-de09-4c76-b6ac-9dde59e81ed5,af871fe7-121e-4d63-8a5d-3ec1e6871eda,4,bilingual,COMPLETE,HIGH,,120078000000,157.60040283203125,0.0,0.0,0,120978000000,1.0,bilingual,1,134812000000,2297.0,0,bilingual,900.0,14734.0,13834.0,79c6261a-b416-4da3-9959-f9e48cf0eea4,11,Research has demonstrated that bilingual children often develop stronger cognitive flexibility
922cd9ae-6d9d-4251-9a7f-18dff7cf4925,af871fe7-121e-4d63-8a5d-3ec1e6871eda,5,children,COMPLETE,HIGH,,120297000000,169.02446746826172,0.0,0.0,0,121493000000,1.0,children,1,137437000000,1969.0,0,children,1196.0,17140.0,15944.0,79c6261a-b416-4da3-9959-f9e48cf0eea4,11,Research has demonstrated that bilingual children often develop stronger cognitive flexibility
341fbc4e-d32f-4628-b3ec-5682fe9279e1,af871fe7-121e-4d63-8a5d-3ec1e6871eda,6,often,COMPLETE,HIGH,,120484000000,155.8535099029541,0.0,0.0,0,121743000000,1.0,often,1,139156000000,813.0,0,often,1259.0,18672.0,17413.0,79c6261a-b416-4da3-9959-f9e48cf0eea4,11,Research has demonstrated that bilingual children often develop stronger cognitive flexibility
6589dfbe-eb65-4341-bb78-b9a60874a56e,af871fe7-121e-4d63-8a5d-3ec1e6871eda,7,develop,COMPLETE,HIGH,,121218000000,188.02428245544434,0.0,0.0,0,,,,,140609000000,1297.0,0,develop,,19391.0,,79c6261a-b416-4da3-9959-f9e48cf0eea4,11,Research has demonstrated that bilingual children often develop stronger cognitive flexibility
11fb1e6a-ef88-457d-9a22-d8b49f353005,af871fe7-121e-4d63-8a5d-3ec1e6871eda,8,stronger,TIMED_OUT,EXCLUDED,Sentence closed before slot completed.,,,,,,122775000000,0.8571428571428571,stronger,0.8571428571428571,142437000000,1531.0,0,stronger,,,,79c6261a-b416-4da3-9959-f9e48cf0eea4,11,Research has demonstrated that bilingual children often develop stronger cognitive flexibility
2cea4c91-d70e-4f63-89de-e5e26d398e89,af871fe7-121e-4d63-8a5d-3ec1e6871eda,9,cognitive,COMPLETE,HIGH,,124406000000,153.81360054016113,0.0,0.0,0,123540000000,1.0,cognitive,1,146390000000,3000.0,1,cognitive,-866.0,21984.0,22850.0,79c6261a-b416-4da3-9959-f9e48cf0eea4,11,Research has demonstrated that bilingual children often develop stronger cognitive flexibility
d6ef165f-31ee-4691-8fc7-e963a69e376e,af871fe7-121e-4d63-8a5d-3ec1e6871eda,10,flexibility,COMPLETE,HIGH,,122078000000,197.37839698791504,0.0,0.0,0,,,,,150359000000,3687.0,0,flexibilities,,28281.0,,79c6261a-b416-4da3-9959-f9e48cf0eea4,11,Research has demonstrated that bilingual children often develop stronger cognitive flexibility
f651814d-2fbc-4c65-8680-da397f79f726,2a5cf775-62f7-4977-b4e2-d37d341c8952,0,The,COMPLETE,HIGH,,203000000,174.65734481811523,0.0,0.0,0,1463000000,1.0,The,1,3250000000,406.0,0,the,1260.0,3047.0,1787.0,99d4a680-9565-4057-be85-83cf464912c3,0,The cat sat on the mat
ae86b3a2-eac1-4bb7-9b63-96ad5111bbcc,2a5cf775-62f7-4977-b4e2-d37d341c8952,1,cat,COMPLETE,HIGH,,735000000,154.9053192138672,0.0,0.0,0,,,,,3906000000,437.0,0,cat,,3171.0,,99d4a680-9565-4057-be85-83cf464912c3,0,The cat sat on the mat
c2838025-ff79-4793-9bcc-8c1701fe05f1,2a5cf775-62f7-4977-b4e2-d37d341c8952,2,sat,COMPLETE,HIGH,,1063000000,193.6628818511963,0.0,0.0,0,,,,,4469000000,500.0,0,sat,,3406.0,,99d4a680-9565-4057-be85-83cf464912c3,0,The cat sat on the mat
f01f1950-7548-4d18-a851-fb56b13b53d6,2a5cf775-62f7-4977-b4e2-d37d341c8952,3,on,COMPLETE,HIGH,,1641000000,163.10620307922363,0.0,0.0,0,2119000000,1.0,on,1,5016000000,344.0,0,on,478.0,3375.0,2897.0,99d4a680-9565-4057-be85-83cf464912c3,0,The cat sat on the mat
7fe424cf-fccd-44d2-8ba8-cfdda413bace,2a5cf775-62f7-4977-b4e2-d37d341c8952,4,the,TIMED_OUT,EXCLUDED,Sentence closed before slot completed.,,,,,,,,,,5453000000,328.0,0,the,,,,99d4a680-9565-4057-be85-83cf464912c3,0,The cat sat on the mat
93aaa5d8-9aac-4cac-ac53-926938768b3c,2a5cf775-62f7-4977-b4e2-d37d341c8952,5,mat,COMPLETE,HIGH,,1969000000,156.9826602935791,0.0,0.0,0,2369000000,1.0,mat,1,6110000000,454.0,0,mat,400.0,4141.0,3741.0,99d4a680-9565-4057-be85-83cf464912c3,0,The cat sat on the mat
aba9003a-109e-47dd-a431-a93f792d48c9,6081c4b8-c2e3-43d8-959e-a48503d021fe,0,She,COMPLETE,HIGH,,8594000000,160.17770767211914,0.0,0.0,0,,,,,10985000000,360.0,0,she,,2391.0,,99d4a680-9565-4057-be85-83cf464912c3,1,She walked quickly to the store
e67b0c55-0362-44ee-b6cd-cf4570f1721a,6081c4b8-c2e3-43d8-959e-a48503d021fe,1,walked,COMPLETE,HIGH,,7781000000,171.3411808013916,0.0,0.0,0,,,,,12094000000,938.0,0,walked,,4313.0,,99d4a680-9565-4057-be85-83cf464912c3,1,She walked quickly to the store
4f66aa9d-7152-454c-9804-761015e40d29,6081c4b8-c2e3-43d8-959e-a48503d021fe,2,quickly,COMPLETE,HIGH,,9078000000,151.20673179626465,0.0,0.0,0,9556000000,1.0,quickly,1,14610000000,2172.0,1,quikly,478.0,5532.0,5054.0,99d4a680-9565-4057-be85-83cf464912c3,1,She walked quickly to the store
17959420-0c73-4961-a77f-6613eeb93aa9,6081c4b8-c2e3-43d8-959e-a48503d021fe,3,to,COMPLETE,HIGH,,9485000000,153.63335609436035,0.0,0.0,0,9806000000,1.0,to,1,15078000000,234.0,0,to,321.0,5593.0,5272.0,99d4a680-9565-4057-be85-83cf464912c3,1,She walked quickly to the store
ae9d6ff7-f41f-445b-ad09-aa468b29781d,6081c4b8-c2e3-43d8-959e-a48503d021fe,4,the,COMPLETE,HIGH,,9703000000,156.95691108703613,0.0,0.0,0,10088000000,1.0,the,1,15563000000,375.0,0,the,385.0,5860.0,5475.0,99d4a680-9565-4057-be85-83cf464912c3,1,She walked quickly to the store
5dc84c89-16a1-4afd-8530-5a2abaa67de7,6081c4b8-c2e3-43d8-959e-a48503d021fe,5,store,COMPLETE,HIGH,,9875000000,156.30745887756348,0.0,0.0,0,10306000000,1.0,store,1,16453000000,781.0,0,store,431.0,6578.0,6147.0,99d4a680-9565-4057-be85-83cf464912c3,1,She walked quickly to the store
8ffea49c-63a0-4f81-8f98-fd5a94e2c506,067c6df3-dfa8-4658-b55f-378c2d38c1fa,0,The,TIMED_OUT,EXCLUDED,Sentence closed before slot completed.,,,,,,17963000000,1.0,The,1,20922000000,344.0,0,the,,,,99d4a680-9565-4057-be85-83cf464912c3,2,The children played outside until the sun set
398f6d71-51a9-45b9-ac86-1d270216b6c3,067c6df3-dfa8-4658-b55f-378c2d38c1fa,1,children,COMPLETE,HIGH,,17141000000,158.01239013671875,0.0,0.0,0,18260000000,1.0,children,1,22735000000,1672.0,0,children,1119.0,5594.0,4475.0,99d4a680-9565-4057-be85-83cf464912c3,2,The children played outside until the sun set
685571b4-a457-4c7f-b0b9-cd40dc5d4d91,067c6df3-dfa8-4658-b55f-378c2d38c1fa,2,played,COMPLETE,HIGH,,17656000000,164.8881435394287,0.0,0.0,0,,,,,23828000000,906.0,0,played,,6172.0,,99d4a680-9565-4057-be85-83cf464912c3,2,The children played outside until the sun set
d24f7aed-f387-4e1b-a955-fc67b186a6db,067c6df3-dfa8-4658-b55f-378c2d38c1fa,3,outside,COMPLETE,HIGH,,18000000000,161.27586364746094,0.0,0.0,0,19072000000,1.0,outside,1,25422000000,1375.0,0,outside,1072.0,7422.0,6350.0,99d4a680-9565-4057-be85-83cf464912c3,2,The children played outside until the sun set
c6f0da47-7767-47e5-8fe9-07952e194970,067c6df3-dfa8-4658-b55f-378c2d38c1fa,4,until,COMPLETE,HIGH,,18406000000,162.59503364562988,0.0,0.0,0,19260000000,1.0,until,1,27250000000,1578.0,1,until,854.0,8844.0,7990.0,99d4a680-9565-4057-be85-83cf464912c3,2,The children played outside until the sun set
c96d04f6-4a7f-4636-861a-74002bacd58a,067c6df3-dfa8-4658-b55f-378c2d38c1fa,5,the,COMPLETE,HIGH,,19297000000,181.23340606689453,0.0,0.0,0,,,,,27797000000,375.0,0,the,,8500.0,,99d4a680-9565-4057-be85-83cf464912c3,2,The children played outside until the sun set
a1685c0f-1e82-4211-9733-7b8a94fba720,067c6df3-dfa8-4658-b55f-378c2d38c1fa,6,sun,COMPLETE,HIGH,,19000000000,167.47355461120605,0.0,0.0,0,,,,,28422000000,500.0,0,sun,,9422.0,,99d4a680-9565-4057-be85-83cf464912c3,2,The children played outside until the sun set
e549e0f3-531c-4761-8ca7-a02ca9fdba2a,067c6df3-dfa8-4658-b55f-378c2d38c1fa,7,set,COMPLETE,HIGH,,19688000000,164.74223136901855,0.0,0.0,0,,,,,29141000000,610.0,0,set,,9453.0,,99d4a680-9565-4057-be85-83cf464912c3,2,The children played outside until the sun set
2255e9e0-6e1e-484c-9c62-51492ce54bd0,1ea9720a-af9b-4c92-952e-7d96650daa04,0,Every,TIMED_OUT,EXCLUDED,Sentence closed before slot completed.,,,,,,31291000000,1.0,Every,1,34688000000,688.0,0,every,,,,99d4a680-9565-4057-be85-83cf464912c3,3,Every morning she read the newspaper before breakfast
3bb2a5f7-1bd1-4ac4-a09e-bf54c28de8cf,1ea9720a-af9b-4c92-952e-7d96650daa04,1,morning,COMPLETE,HIGH,,30547000000,152.4028778076172,0.0,0.0,0,31291000000,1.0,morning,1,35906000000,968.0,0,morning,744.0,5359.0,4615.0,99d4a680-9565-4057-be85-83cf464912c3,3,Every morning she read the newspaper before breakfast
6f0f98be-4750-4112-8ea9-1a48f476ae71,1ea9720a-af9b-4c92-952e-7d96650daa04,2,she,COMPLETE,HIGH,,30250000000,167.1004295349121,0.0,0.0,0,,,,,36485000000,375.0,0,she,,6235.0,,99d4a680-9565-4057-be85-83cf464912c3,3,Every morning she read the newspaper before breakfast
2ef11a97-582e-4720-adf1-c86685ca925b,1ea9720a-af9b-4c92-952e-7d96650daa04,3,read,COMPLETE,HIGH,,29828000000,150.1317024230957,0.0,0.0,0,,,,,37375000000,719.0,0,read,,7547.0,,99d4a680-9565-4057-be85-83cf464912c3,3,Every morning she read the newspaper before breakfast
a44c8421-2032-45a8-9892-f08cf8fee488,1ea9720a-af9b-4c92-952e-7d96650daa04,4,the,COMPLETE,HIGH,,31344000000,152.71568298339844,0.0,0.0,0,,,,,38063000000,407.0,0,the,,6719.0,,99d4a680-9565-4057-be85-83cf464912c3,3,Every morning she read the newspaper before breakfast
d6ed5926-4611-426a-becc-677dfdfcad8d,1ea9720a-af9b-4c92-952e-7d96650daa04,5,newspaper,COMPLETE,HIGH,,32219000000,161.87047958374023,0.0,0.0,0,,,,,40000000000,1719.0,0,newspaper,,7781.0,,99d4a680-9565-4057-be85-83cf464912c3,3,Every morning she read the newspaper before breakfast
1bcb5f56-e5bc-4b49-8950-640ab6a88658,1ea9720a-af9b-4c92-952e-7d96650daa04,6,before,COMPLETE,HIGH,,32422000000,158.7059497833252,0.0,0.0,0,33072000000,1.0,before,1,41469000000,1250.0,0,before,650.0,9047.0,8397.0,99d4a680-9565-4057-be85-83cf464912c3,3,Every morning she read the newspaper before breakfast
b264d21b-5ed9-4fbc-8318-e3ec3da2b08c,1ea9720a-af9b-4c92-952e-7d96650daa04,7,breakfast,COMPLETE,HIGH,,32750000000,154.26206588745117,0.0,0.0,0,,,,,43828000000,2140.0,0,breakfast,,11078.0,,99d4a680-9565-4057-be85-83cf464912c3,3,Every morning she read the newspaper before breakfast
d7730f71-b662-4c56-997b-3602ed3b6d90,071c1c84-7f9c-414d-af66-ea2a7cac637c,0,The,TIMED_OUT,EXCLUDED,Sentence closed before slot completed.,,,,,,46197000000,1.0,The,1,,,,,,,,99d4a680-9565-4057-be85-83cf464912c3,4,The scientist observed that the plants grew faster in sunlight
16014515-c2b0-42da-aa85-e7b6958bfec3,071c1c84-7f9c-414d-af66-ea2a7cac637c,1,scientist,TIMED_OUT,EXCLUDED,Sentence closed before slot completed.,,,,,,46197000000,1.0,scientist,1,,,,,,,,99d4a680-9565-4057-be85-83cf464912c3,4,The scientist observed that the plants grew faster in sunlight
42080a44-ee3a-4929-9d53-d71de5cd8b2d,071c1c84-7f9c-414d-af66-ea2a7cac637c,2,observed,TIMED_OUT,DEGRADED,,44906000000,152.49252319335938,0.0,0.0,0,,,,,,,,,,,,99d4a680-9565-4057-be85-83cf464912c3,4,The scientist observed that the plants grew faster in sunlight
76484e29-8e28-4ee6-8ca9-2d8f96f1f2f8,071c1c84-7f9c-414d-af66-ea2a7cac637c,3,that,TIMED_OUT,DEGRADED,,49391000000,165.36211967468262,0.0,0.0,0,,,,,,,,,,,,99d4a680-9565-4057-be85-83cf464912c3,4,The scientist observed that the plants grew faster in sunlight
e61d9f58-f0d8-409a-8ccd-5deec07610c5,071c1c84-7f9c-414d-af66-ea2a7cac637c,4,the,TIMED_OUT,DEGRADED,,44641000000,194.86069679260254,0.0,0.0,0,,,,,,,,,,,,99d4a680-9565-4057-be85-83cf464912c3,4,The scientist observed that the plants grew faster in sunlight
a72869a7-e1c4-4008-9ce6-491c7780a3a9,071c1c84-7f9c-414d-af66-ea2a7cac637c,5,plants,COMPLETE,HIGH,,45906000000,150.2237319946289,0.0,0.0,0,47931000000,1.0,plants,1,,,,,2025.0,,,99d4a680-9565-4057-be85-83cf464912c3,4,The scientist observed that the plants grew faster in sunlight
25949eb9-0606-4680-9ccf-8bdde3136603,071c1c84-7f9c-414d-af66-ea2a7cac637c,6,grew,TIMED_OUT,DEGRADED,,47516000000,165.76099395751953,0.0,0.0,0,,,,,,,,,,,,99d4a680-9565-4057-be85-83cf464912c3,4,The scientist observed that the plants grew faster in sunlight
c144d7e1-8748-422d-9ec7-368c63235945,071c1c84-7f9c-414d-af66-ea2a7cac637c,7,faster,TIMED_OUT,DEGRADED,,48016000000,175.25959014892578,0.0,0.0,0,,,,,,,,,,,,99d4a680-9565-4057-be85-83cf464912c3,4,The scientist observed that the plants grew faster in sunlight
28b805bb-f664-46df-86ec-0842c9b919f4,071c1c84-7f9c-414d-af66-ea2a7cac637c,8,in,COMPLETE,HIGH,,48781000000,159.56783294677734,0.0,0.0,0,50213000000,1.0,in,1,,,,,1432.0,,,99d4a680-9565-4057-be85-83cf464912c3,4,The scientist observed that the plants grew faster in sunlight
e8e392cf-7d97-47f1-bbd5-99139dfc877f,071c1c84-7f9c-414d-af66-ea2a7cac637c,9,sunlight,COMPLETE,HIGH,,48188000000,161.14139556884766,0.0,0.0,0,50213000000,1.0,sunlight,1,,,,,2025.0,,,99d4a680-9565-4057-be85-83cf464912c3,4,The scientist observed that the plants grew faster in sunlight
578f64ac-4739-43cf-9a9d-302a1bf862b5,453c323c-006f-49c7-a65b-260be199a228,0,After,TIMED_OUT,EXCLUDED,Sentence closed before slot completed.,,,,,,51775000000,1.0,After,1,,,,,,,,99d4a680-9565-4057-be85-83cf464912c3,5,After the storm the streets were covered with fallen leaves
959c3471-ec9e-4218-b98d-415fc7064a8c,453c323c-006f-49c7-a65b-260be199a228,1,the,TIMED_OUT,DEGRADED,,50906000000,164.14880752563477,0.0,0.0,0,,,,,,,,,,,,99d4a680-9565-4057-be85-83cf464912c3,5,After the storm the streets were covered with fallen leaves
35812265-6964-4d0e-93dc-e224fa83d373,453c323c-006f-49c7-a65b-260be199a228,2,storm,COMPLETE,HIGH,,51219000000,159.32965278625488,0.0,0.0,0,52275000000,0.8333333333333334,storm,0.8333333333333334,,,,,1056.0,,,99d4a680-9565-4057-be85-83cf464912c3,5,After the storm the streets were covered with fallen leaves
e1f3d8f9-93f5-4a5e-b81b-8910e50aec8d,453c323c-006f-49c7-a65b-260be199a228,3,the,TIMED_OUT,EXCLUDED,Sentence closed before slot completed.,,,,,,52541000000,1.0,the,1,,,,,,,,99d4a680-9565-4057-be85-83cf464912c3,5,After the storm the streets were covered with fallen leaves
0cb7987e-d2d2-4277-9e11-c75214fe7170,453c323c-006f-49c7-a65b-260be199a228,4,streets,COMPLETE,HIGH,,50578000000,174.66163635253906,0.0,0.0,0,53588000000,1.0,streets,1,,,,,3010.0,,,99d4a680-9565-4057-be85-83cf464912c3,5,After the storm the streets were covered with fallen leaves
ca2914e2-681b-474e-a903-8dac7b407b69,453c323c-006f-49c7-a65b-260be199a228,5,were,COMPLETE,HIGH,,52391000000,163.03491592407227,0.0,0.0,0,53588000000,1.0,were,1,,,,,1197.0,,,99d4a680-9565-4057-be85-83cf464912c3,5,After the storm the streets were covered with fallen leaves
e4437a6a-c4d3-4c60-aa5e-6d189bc26325,453c323c-006f-49c7-a65b-260be199a228,6,covered,TIMED_OUT,EXCLUDED,Sentence closed before slot completed.,,,,,,53588000000,1.0,covered,1,,,,,,,,99d4a680-9565-4057-be85-83cf464912c3,5,After the storm the streets were covered with fallen leaves
5612862d-e82b-46eb-adb1-6563550f6fae,453c323c-006f-49c7-a65b-260be199a228,7,with,TIMED_OUT,EXCLUDED,Sentence closed before slot completed.,,,,,,53588000000,1.0,with,1,,,,,,,,99d4a680-9565-4057-be85-83cf464912c3,5,After the storm the streets were covered with fallen leaves
2fd0aa2a-9871-467a-8a0d-fa5a756b838b,453c323c-006f-49c7-a65b-260be199a228,8,fallen,COMPLETE,HIGH,,53219000000,183.0291748046875,0.0,0.0,0,54056000000,0.8,fallen,0.8,,,,,837.0,,,99d4a680-9565-4057-be85-83cf464912c3,5,After the storm the streets were covered with fallen leaves
968f81ec-75f4-4e10-abf6-880734491ff4,453c323c-006f-49c7-a65b-260be199a228,9,leaves,COMPLETE,HIGH,,53578000000,178.1630516052246,0.0,0.0,0,54322000000,1.0,leaves,1,,,,,744.0,,,99d4a680-9565-4057-be85-83cf464912c3,5,After the storm the streets were covered with fallen leaves
558b9ce5-dcbd-4083-878e-4a5e6c12346c,3b0a6f9a-f2d8-4522-ad00-1e26ab36c5a2,0,The,COMPLETE,HIGH,,55188000000,164.30950164794922,0.0,0.0,0,56103000000,1.0,The,1,,,,,915.0,,,99d4a680-9565-4057-be85-83cf464912c3,6,The museum displayed artifacts from ancient civilizations around the world
4353ff44-5154-4c19-b161-8678ad4ce3dd,3b0a6f9a-f2d8-4522-ad00-1e26ab36c5a2,1,museum,COMPLETE,HIGH,,55438000000,192.22021102905273,0.0,0.0,0,56369000000,1.0,museum,1,,,,,931.0,,,99d4a680-9565-4057-be85-83cf464912c3,6,The museum displayed artifacts from ancient civilizations around the world
a9374f46-3a85-4666-b9a0-bb673b71b49a,3b0a6f9a-f2d8-4522-ad00-1e26ab36c5a2,2,displayed,TIMED_OUT,EXCLUDED,Sentence closed before slot completed.,,,,,,,,,,,,,,,,,99d4a680-9565-4057-be85-83cf464912c3,6,The museum displayed artifacts from ancient civilizations around the world
c07d2981-eb01-4b47-84db-eef9ee1e529b,3b0a6f9a-f2d8-4522-ad00-1e26ab36c5a2,3,artifacts,COMPLETE,HIGH,,56125000000,175.8744716644287,0.0,0.0,0,57635000000,1.0,artifacts,1,,,,,1510.0,,,99d4a680-9565-4057-be85-83cf464912c3,6,The museum displayed artifacts from ancient civilizations around the world
4dc9467d-47ad-4736-80f0-1410feb2634d,3b0a6f9a-f2d8-4522-ad00-1e26ab36c5a2,4,from,TIMED_OUT,DEGRADED,,56844000000,153.4421443939209,0.0,0.0,0,,,,,,,,,,,,99d4a680-9565-4057-be85-83cf464912c3,6,The museum displayed artifacts from ancient civilizations around the world
a7132c3a-5903-4ac2-826a-52f98f3a121e,3b0a6f9a-f2d8-4522-ad00-1e26ab36c5a2,5,ancient,TIMED_OUT,DEGRADED,,57110000000,153.80406379699707,0.0,0.0,0,,,,,,,,,,,,99d4a680-9565-4057-be85-83cf464912c3,6,The museum displayed artifacts from ancient civilizations around the world
07309407-1357-49cc-bf78-34dd1359a2de,3b0a6f9a-f2d8-4522-ad00-1e26ab36c5a2,6,civilizations,COMPLETE,HIGH,,58266000000,175.91142654418945,0.0,0.0,0,59447000000,1.0,civilizations,1,,,,,1181.0,,,99d4a680-9565-4057-be85-83cf464912c3,6,The museum displayed artifacts from ancient civilizations around the world
dafb7afb-5d2d-4b4c-8f4b-151b6ffb776c,3b0a6f9a-f2d8-4522-ad00-1e26ab36c5a2,7,around,COMPLETE,HIGH,,58938000000,157.35793113708496,0.0,0.0,0,59697000000,1.0,around,1,,,,,759.0,,,99d4a680-9565-4057-be85-83cf464912c3,6,The museum displayed artifacts from ancient civilizations around the world
5e21151e-8210-474d-82f3-7fdc6d872462,3b0a6f9a-f2d8-4522-ad00-1e26ab36c5a2,8,the,TIMED_OUT,EXCLUDED,Sentence closed before slot completed.,,,,,,,,,,,,,,,,,99d4a680-9565-4057-be85-83cf464912c3,6,The museum displayed artifacts from ancient civilizations around the world
cd73a0b8-d5d7-4edb-968b-66fb333359bb,3b0a6f9a-f2d8-4522-ad00-1e26ab36c5a2,9,world,COMPLETE,HIGH,,59219000000,160.536527633667,0.0,0.0,0,59978000000,1.0,world,1,,,,,759.0,,,99d4a680-9565-4057-be85-83cf464912c3,6,The museum displayed artifacts from ancient civilizations around the world
395526a0-d830-432a-ac20-c0bd7970d47f,a4de56ea-94e0-4fec-aad8-ba5f267c529a,0,During,COMPLETE,HIGH,,67578000000,155.02047538757324,0.0,0.0,0,63806000000,1.0,During,1,,,,,-3772.0,,,99d4a680-9565-4057-be85-83cf464912c3,7,During the summer holidays they traveled to several different countries
96d99130-7ec9-465c-b69f-bc63649eb91c,a4de56ea-94e0-4fec-aad8-ba5f267c529a,1,the,COMPLETE,HIGH,,63438000000,185.2247714996338,0.0,0.0,0,64041000000,1.0,the,1,,,,,603.0,,,99d4a680-9565-4057-be85-83cf464912c3,7,During the summer holidays they traveled to several different countries
d6922dd1-1801-4716-97fc-431fb8c68121,a4de56ea-94e0-4fec-aad8-ba5f267c529a,2,summer,TIMED_OUT,EXCLUDED,Sentence closed before slot completed.,,,,,,64306000000,1.0,summer,1,,,,,,,,99d4a680-9565-4057-be85-83cf464912c3,7,During the summer holidays they traveled to several different countries
1a26a7d6-f1c9-43a7-8064-02295444ba20,a4de56ea-94e0-4fec-aad8-ba5f267c529a,3,holidays,TIMED_OUT,EXCLUDED,Sentence closed before slot completed.,,,,,,64822000000,1.0,holidays,1,,,,,,,,99d4a680-9565-4057-be85-83cf464912c3,7,During the summer holidays they traveled to several different countries
ad174190-6567-43bd-9ef5-956279780d37,a4de56ea-94e0-4fec-aad8-ba5f267c529a,4,they,TIMED_OUT,DEGRADED,,62078000000,174.46422576904297,0.0,0.0,0,,,,,,,,,,,,99d4a680-9565-4057-be85-83cf464912c3,7,During the summer holidays they traveled to several different countries
f4f08597-694a-450c-bebd-67549208d1de,a4de56ea-94e0-4fec-aad8-ba5f267c529a,5,traveled,TIMED_OUT,DEGRADED,,62453000000,160.04633903503418,0.0,0.0,0,,,,,,,,,,,,99d4a680-9565-4057-be85-83cf464912c3,7,During the summer holidays they traveled to several different countries
995adb92-bda0-4e0e-89be-67ab53332d1f,a4de56ea-94e0-4fec-aad8-ba5f267c529a,6,to,COMPLETE,HIGH,,65063000000,165.18616676330566,0.0,0.0,0,65619000000,1.0,to,1,,,,,556.0,,,99d4a680-9565-4057-be85-83cf464912c3,7,During the summer holidays they traveled to several different countries
0563ce6d-e4ad-401b-9b7a-7c6705f6b393,a4de56ea-94e0-4fec-aad8-ba5f267c529a,7,several,TIMED_OUT,EXCLUDED,Sentence closed before slot completed.,,,,,,65869000000,1.0,several,1,,,,,,,,99d4a680-9565-4057-be85-83cf464912c3,7,During the summer holidays they traveled to several different countries
c8f08e5c-5902-4404-a3a0-befa85af1d3e,a4de56ea-94e0-4fec-aad8-ba5f267c529a,8,different,COMPLETE,HIGH,,61781000000,164.79086875915527,0.0,0.0,0,66103000000,1.0,different,1,,,,,4322.0,,,99d4a680-9565-4057-be85-83cf464912c3,7,During the summer holidays they traveled to several different countries
d8baca9c-68c1-4485-850a-2327f69d89a7,a4de56ea-94e0-4fec-aad8-ba5f267c529a,9,countries,COMPLETE,HIGH,,65860000000,158.07342529296875,0.0,0.0,0,66853000000,1.0,countries,1,,,,,993.0,,,99d4a680-9565-4057-be85-83cf464912c3,7,During the summer holidays they traveled to several different countries
faedaa2f-87c7-4536-b7db-a2bbb4b32c20,5fa05ffb-eb93-46df-8508-951151ebf791,0,The,TIMED_OUT,EXCLUDED,Sentence closed before slot completed.,,,,,,,,,,,,,,,,,99d4a680-9565-4057-be85-83cf464912c3,8,The engineer carefully examined the bridge structure before approving the design
d9d5f5a9-6747-48bd-8e3f-71727adce925,5fa05ffb-eb93-46df-8508-951151ebf791,1,engineer,TIMED_OUT,DEGRADED,,68078000000,159.6829891204834,0.0,0.0,0,,,,,,,,,,,,99d4a680-9565-4057-be85-83cf464912c3,8,The engineer carefully examined the bridge structure before approving the design
89543a01-841c-4a5d-bf3e-53f780afb059,5fa05ffb-eb93-46df-8508-951151ebf791,2,carefully,COMPLETE,HIGH,,68578000000,175.0166416168213,0.0,0.0,0,70963000000,1.0,carefully,1,,,,,2385.0,,,99d4a680-9565-4057-be85-83cf464912c3,8,The engineer carefully examined the bridge structure before approving the design
93360b40-9961-4edf-8a9e-d2601b37cc52,5fa05ffb-eb93-46df-8508-951151ebf791,3,examined,COMPLETE,HIGH,,69969000000,161.04984283447266,0.0,0.0,0,71463000000,1.0,examined,1,,,,,1494.0,,,99d4a680-9565-4057-be85-83cf464912c3,8,The engineer carefully examined the bridge structure before approving the design
8edb2d52-b8a5-4690-82de-2d17f1bf2834,5fa05ffb-eb93-46df-8508-951151ebf791,4,the,TIMED_OUT,EXCLUDED,Sentence closed before slot completed.,,,,,,71713000000,1.0,the,1,,,,,,,,99d4a680-9565-4057-be85-83cf464912c3,8,The engineer carefully examined the bridge structure before approving the design
52d8a196-06e8-425b-9ef6-2e2c45bcf434,5fa05ffb-eb93-46df-8508-951151ebf791,5,bridge,TIMED_OUT,DEGRADED,,70516000000,163.0709171295166,0.0,0.0,0,,,,,,,,,,,,99d4a680-9565-4057-be85-83cf464912c3,8,The engineer carefully examined the bridge structure before approving the design
2e18786b-53a4-4381-bc15-83e21a8b1b60,5fa05ffb-eb93-46df-8508-951151ebf791,6,structure,COMPLETE,HIGH,,69125000000,164.1852855682373,0.0,0.0,0,72260000000,0.7,structure,0.7,,,,,3135.0,,,99d4a680-9565-4057-be85-83cf464912c3,8,The engineer carefully examined the bridge structure before approving the design
65868f4c-c5e7-470e-a6c7-059c604fcff3,5fa05ffb-eb93-46df-8508-951151ebf791,7,before,COMPLETE,HIGH,,71813000000,161.67783737182617,0.0,0.0,0,72760000000,1.0,before,1,,,,,947.0,,,99d4a680-9565-4057-be85-83cf464912c3,8,The engineer carefully examined the bridge structure before approving the design
c864c406-6bd7-4279-8788-89cf3d228025,5fa05ffb-eb93-46df-8508-951151ebf791,8,approving,TIMED_OUT,EXCLUDED,Sentence closed before slot completed.,,,,,,73025000000,1.0,approving,1,,,,,,,,99d4a680-9565-4057-be85-83cf464912c3,8,The engineer carefully examined the bridge structure before approving the design
70317ce7-35da-465a-86f8-e5ea7719af2c,5fa05ffb-eb93-46df-8508-951151ebf791,9,the,TIMED_OUT,DEGRADED,,72297000000,182.5242042541504,0.0,0.0,0,,,,,,,,,,,,99d4a680-9565-4057-be85-83cf464912c3,8,The engineer carefully examined the bridge structure before approving the design
b5b9532d-899e-4516-8963-d8ec89765902,5fa05ffb-eb93-46df-8508-951151ebf791,10,design,COMPLETE,HIGH,,72594000000,162.34230995178223,0.0,0.0,0,73525000000,1.0,design,1,,,,,931.0,,,99d4a680-9565-4057-be85-83cf464912c3,8,The engineer carefully examined the bridge structure before approving the design
334247eb-7b4f-4f35-a90c-0d61e131249e,4f23fce8-90b4-4d36-b0ae-9df471c88e91,0,She,TIMED_OUT,EXCLUDED,Sentence closed before slot completed.,,,,,,,,,,,,,,,,,99d4a680-9565-4057-be85-83cf464912c3,9,She discovered that consistent practice significantly improved her reading speed
b8b714de-6e2a-429d-bc55-7f3edca01a9f,4f23fce8-90b4-4d36-b0ae-9df471c88e91,1,discovered,TIMED_OUT,EXCLUDED,Sentence closed before slot completed.,,,,,,76635000000,1.0,discovered,1,,,,,,,,99d4a680-9565-4057-be85-83cf464912c3,9,She discovered that consistent practice significantly improved her reading speed
69f80706-86bd-435d-99a9-a54f84a22a37,4f23fce8-90b4-4d36-b0ae-9df471c88e91,2,that,COMPLETE,HIGH,,75094000000,176.0556697845459,0.0,0.0,0,76838000000,1.0,that,1,,,,,1744.0,,,99d4a680-9565-4057-be85-83cf464912c3,9,She discovered that consistent practice significantly improved her reading speed
dc8ff8cd-b415-4a8c-b9fb-0330b60923a1,4f23fce8-90b4-4d36-b0ae-9df471c88e91,3,consistent,COMPLETE,HIGH,,76203000000,171.0503101348877,0.0,0.0,0,77369000000,1.0,consistent,1,,,,,1166.0,,,99d4a680-9565-4057-be85-83cf464912c3,9,She discovered that consistent practice significantly improved her reading speed
f21a1840-38f2-478b-810e-5d93f7f62261,4f23fce8-90b4-4d36-b0ae-9df471c88e91,4,practice,TIMED_OUT,DEGRADED,,76563000000,152.36306190490723,0.0,0.0,0,,,,,,,,,,,,99d4a680-9565-4057-be85-83cf464912c3,9,She discovered that consistent practice significantly improved her reading speed
afc757b5-8d1b-4574-bc33-1487685aa5dd,4f23fce8-90b4-4d36-b0ae-9df471c88e91,5,significantly,COMPLETE,HIGH,,75391000000,150.03085136413574,0.0,0.0,0,78385000000,1.0,significantly,1,,,,,2994.0,,,99d4a680-9565-4057-be85-83cf464912c3,9,She discovered that consistent practice significantly improved her reading speed
a68ff38d-8587-4a64-ba3b-a8485818b13b,4f23fce8-90b4-4d36-b0ae-9df471c88e91,6,improved,COMPLETE,HIGH,,77422000000,172.6374626159668,0.0,0.0,0,78885000000,1.0,improved,1,,,,,1463.0,,,99d4a680-9565-4057-be85-83cf464912c3,9,She discovered that consistent practice significantly improved her reading speed
5dc0a7cb-bed2-414e-acfa-28fee2ecc102,4f23fce8-90b4-4d36-b0ae-9df471c88e91,7,her,COMPLETE,HIGH,,78094000000,157.81378746032715,0.0,0.0,0,79416000000,1.0,her,1,,,,,1322.0,,,99d4a680-9565-4057-be85-83cf464912c3,9,She discovered that consistent practice significantly improved her reading speed
5f400d21-0919-450e-ba02-a79ba475974b,4f23fce8-90b4-4d36-b0ae-9df471c88e91,8,reading,TIMED_OUT,EXCLUDED,Sentence closed before slot completed.,,,,,,79416000000,1.0,reading,1,,,,,,,,99d4a680-9565-4057-be85-83cf464912c3,9,She discovered that consistent practice significantly improved her reading speed
5d6ca9e5-fbdb-49bd-8823-b622f5a15ff5,4f23fce8-90b4-4d36-b0ae-9df471c88e91,9,speed,COMPLETE,HIGH,,78391000000,153.17678451538086,0.0,0.0,0,79666000000,1.0,speed,1,,,,,1275.0,,,99d4a680-9565-4057-be85-83cf464912c3,9,She discovered that consistent practice significantly improved her reading speed
5f132934-55ae-474b-95e1-107934bcec2a,f4d4934f-c4e8-4dc5-bc14-7b690537dcc9,0,The,COMPLETE,HIGH,,80578000000,156.29839897155762,0.0,0.0,0,81713000000,1.0,The,1,85469000000,391.0,0,the,1135.0,4891.0,3756.0,99d4a680-9565-4057-be85-83cf464912c3,10,The local government proposed constructing a new library in the town center
e6147d1b-3795-4fac-b40d-f35f1ca53aea,f4d4934f-c4e8-4dc5-bc14-7b690537dcc9,1,local,TIMED_OUT,EXCLUDED,Sentence closed before slot completed.,,,,,,82213000000,1.0,local,1,86969000000,844.0,0,local,,,,99d4a680-9565-4057-be85-83cf464912c3,10,The local government proposed constructing a new library in the town center
11f9cc02-1a8a-404e-8d52-8f158a56e1d0,f4d4934f-c4e8-4dc5-bc14-7b690537dcc9,2,government,COMPLETE,HIGH,,81610000000,175.21238327026367,0.0,0.0,0,82494000000,1.0,government,1,89063000000,1703.0,0,givernment,884.0,7453.0,6569.0,99d4a680-9565-4057-be85-83cf464912c3,10,The local government proposed constructing a new library in the town center
52cf6111-27df-4990-9aaf-3e8a4142b43e,f4d4934f-c4e8-4dc5-bc14-7b690537dcc9,3,proposed,COMPLETE,HIGH,,81828000000,171.00000381469727,0.0,0.0,0,,,,,90797000000,1234.0,0,proposed,,8969.0,,99d4a680-9565-4057-be85-83cf464912c3,10,The local government proposed constructing a new library in the town center
e3088671-cd75-473e-9e23-06db98cf375c,f4d4934f-c4e8-4dc5-bc14-7b690537dcc9,4,constructing,COMPLETE,HIGH,,82047000000,186.36679649353027,0.0,0.0,0,83791000000,1.0,constructing,1,94860000000,3688.0,2,constructing,1744.0,12813.0,11069.0,99d4a680-9565-4057-be85-83cf464912c3,10,The local government proposed constructing a new library in the town center
639c3f23-7678-402f-bd4f-b6b0ecb95c32,f4d4934f-c4e8-4dc5-bc14-7b690537dcc9,5,a,COMPLETE,HIGH,,82469000000,202.86107063293457,0.0,0.0,0,83791000000,1.0,a,1,95703000000,172.0,0,a,1322.0,13234.0,11912.0,99d4a680-9565-4057-be85-83cf464912c3,10,The local government proposed constructing a new library in the town center
1bca4e1a-0165-4081-ae0b-7678e821fa75,f4d4934f-c4e8-4dc5-bc14-7b690537dcc9,6,new,COMPLETE,HIGH,,84906000000,191.96057319641113,0.0,0.0,0,84025000000,1.0,new,1,96563000000,703.0,0,new,-881.0,11657.0,12538.0,99d4a680-9565-4057-be85-83cf464912c3,10,The local government proposed constructing a new library in the town center
498fa0bc-b43d-4aaa-b1c4-c347806ae6e3,f4d4934f-c4e8-4dc5-bc14-7b690537dcc9,7,library,COMPLETE,HIGH,,83172000000,154.63590621948242,0.0,0.0,0,,,,,98203000000,1359.0,0,library,,15031.0,,99d4a680-9565-4057-be85-83cf464912c3,10,The local government proposed constructing a new library in the town center
a140db97-ab29-4013-8ca2-0c4998718167,f4d4934f-c4e8-4dc5-bc14-7b690537dcc9,8,in,COMPLETE,HIGH,,95391000000,159.4409942626953,0.0,0.0,0,84275000000,1.0,in,1,99094000000,344.0,0,in,-11116.0,3703.0,14819.0,99d4a680-9565-4057-be85-83cf464912c3,10,The local government proposed constructing a new library in the town center
2d1e1b19-8ba6-448e-ad16-a5afb3075b66,f4d4934f-c4e8-4dc5-bc14-7b690537dcc9,9,the,TIMED_OUT,EXCLUDED,Sentence closed before slot completed.,,,,,,,,,,99594000000,391.0,0,the,,,,99d4a680-9565-4057-be85-83cf464912c3,10,The local government proposed constructing a new library in the town center
dc685f18-d180-4351-8c2c-4a9205ebcbac,f4d4934f-c4e8-4dc5-bc14-7b690537dcc9,10,town,COMPLETE,HIGH,,83625000000,157.69553184509277,0.0,0.0,0,84541000000,1.0,town,1,102438000000,2453.0,1,town,916.0,18813.0,17897.0,99d4a680-9565-4057-be85-83cf464912c3,10,The local government proposed constructing a new library in the town center
0551e729-c93f-4695-9775-5e63e711876f,f4d4934f-c4e8-4dc5-bc14-7b690537dcc9,11,center,COMPLETE,HIGH,,84031000000,192.34156608581543,0.0,0.0,0,85275000000,0.8333333333333334,center,0.8333333333333334,103750000000,1187.0,0,centre,1244.0,19719.0,18475.0,99d4a680-9565-4057-be85-83cf464912c3,10,The local government proposed constructing a new library in the town center
2ec371b9-6831-4a97-a533-f830438b6d0b,8a77befa-eb94-4be5-9ce2-f49957b53c03,0,Research,COMPLETE,HIGH,,109813000000,154.33073043823242,0.0,0.0,0,,,,,111719000000,1375.0,0,research,,1906.0,,99d4a680-9565-4057-be85-83cf464912c3,11,Research has demonstrated that bilingual children often develop stronger cognitive flexibility
abdb60b5-e85e-4240-a295-7c10cb5d3e72,8a77befa-eb94-4be5-9ce2-f49957b53c03,1,has,COMPLETE,HIGH,,105531000000,167.60921478271484,0.0,0.0,0,107338000000,1.0,has,1,112297000000,437.0,0,ahs,1807.0,6766.0,4959.0,99d4a680-9565-4057-be85-83cf464912c3,11,Research has demonstrated that bilingual children often develop stronger cognitive flexibility
94caffae-c8d6-4e5c-9924-97eb0f6d6a97,8a77befa-eb94-4be5-9ce2-f49957b53c03,2,demonstrated,COMPLETE,HIGH,,111766000000,156.89516067504883,0.0,0.0,0,,,,,116172000000,2531.0,1,demostrated,,4406.0,,99d4a680-9565-4057-be85-83cf464912c3,11,Research has demonstrated that bilingual children often develop stronger cognitive flexibility
75121d02-8d3c-4ba1-ac87-09779f42b8b8,8a77befa-eb94-4be5-9ce2-f49957b53c03,3,that,COMPLETE,HIGH,,112250000000,164.81590270996094,0.0,0.0,0,,,,,117485000000,641.0,0,that,,5235.0,,99d4a680-9565-4057-be85-83cf464912c3,11,Research has demonstrated that bilingual children often develop stronger cognitive flexibility
bbe5c9a7-4236-4158-ba49-9c46faf46e63,8a77befa-eb94-4be5-9ce2-f49957b53c03,4,bilingual,COMPLETE,HIGH,,106797000000,160.95495223999023,0.0,0.0,0,107869000000,1.0,bilingual,1,122391000000,4438.0,3,bilingual,1072.0,15594.0,14522.0,99d4a680-9565-4057-be85-83cf464912c3,11,Research has demonstrated that bilingual children often develop stronger cognitive flexibility
934a1c0e-5e6f-4f5a-b8ec-7f1ba3cd93b8,8a77befa-eb94-4be5-9ce2-f49957b53c03,5,children,COMPLETE,HIGH,,107078000000,172.1968650817871,0.0,0.0,0,108338000000,1.0,children,1,124453000000,1531.0,0,children,1260.0,17375.0,16115.0,99d4a680-9565-4057-be85-83cf464912c3,11,Research has demonstrated that bilingual children often develop stronger cognitive flexibility
8920c5ff-848a-4844-ba81-8a7dca086c4e,8a77befa-eb94-4be5-9ce2-f49957b53c03,6,often,COMPLETE,HIGH,,107406000000,152.00352668762207,0.0,0.0,0,108603000000,1.0,often,1,126469000000,1859.0,0,often,1197.0,19063.0,17866.0,99d4a680-9565-4057-be85-83cf464912c3,11,Research has demonstrated that bilingual children often develop stronger cognitive flexibility
ea940753-a18c-4115-b5cc-d799634e3275,8a77befa-eb94-4be5-9ce2-f49957b53c03,7,develop,COMPLETE,HIGH,,107922000000,172.1796989440918,0.0,0.0,0,,,,,128250000000,1344.0,0,develop,,20328.0,,99d4a680-9565-4057-be85-83cf464912c3,11,Research has demonstrated that bilingual children often develop stronger cognitive flexibility
ecd8e034-6856-4fa2-a400-5fd75d0b3acf,8a77befa-eb94-4be5-9ce2-f49957b53c03,8,stronger,TIMED_OUT,EXCLUDED,Sentence closed before slot completed.,,,,,,,,,,129969000000,1594.0,0,stronger,,,,99d4a680-9565-4057-be85-83cf464912c3,11,Research has demonstrated that bilingual children often develop stronger cognitive flexibility
8bfd1d54-63bb-41ee-9bb3-04a1af79f1cc,8a77befa-eb94-4be5-9ce2-f49957b53c03,9,cognitive,TIMED_OUT,EXCLUDED,Sentence closed before slot completed.,,,,,,,,,,132110000000,1719.0,0,cognitive,,,,99d4a680-9565-4057-be85-83cf464912c3,11,Research has demonstrated that bilingual children often develop stronger cognitive flexibility
8afe10eb-d1e2-4cff-9979-b974a63ba6e8,8a77befa-eb94-4be5-9ce2-f49957b53c03,10,flexibility,COMPLETE,HIGH,,108688000000,163.19775581359863,0.0,0.0,0,110385000000,1.0,flexibility,1,135969000000,3547.0,0,flexibilities,1697.0,27281.0,25584.0,99d4a680-9565-4057-be85-83cf464912c3,11,Research has demonstrated that bilingual children often develop stronger cognitive flexibility
c5e52c3a-416d-4d0e-a6a4-28762d017433,e7095a9d-374e-47ea-9fc8-1556bfd6e964,0,The,COMPLETE,HIGH,,219000000,174.21507835388184,0.0,0.0,0,2119000000,1.0,The,1,1703000000,672.0,0,the,1900.0,1484.0,-416.0,a9fc7782-08ad-40c5-a5dc-acfc73a5c037,0,The cat sat on the mat
854a5ef1-93c1-4530-94c8-dc6571b87121,e7095a9d-374e-47ea-9fc8-1556bfd6e964,1,cat,COMPLETE,HIGH,,5250000000,188.23695182800293,0.0,0.0,0,3088000000,1.0,cat,1,2719000000,547.0,0,cxat,-2162.0,-2531.0,-369.0,a9fc7782-08ad-40c5-a5dc-acfc73a5c037,0,The cat sat on the mat
f2b587b0-7b70-43ad-980e-dc22bdf77985,e7095a9d-374e-47ea-9fc8-1556bfd6e964,2,sat,COMPLETE,HIGH,,1516000000,190.64974784851074,0.0,0.0,0,4650000000,1.0,sat,1,3375000000,469.0,0,sat,3134.0,1859.0,-1275.0,a9fc7782-08ad-40c5-a5dc-acfc73a5c037,0,The cat sat on the mat
f3d1c584-0cc9-4596-85c2-fc66aea1d1a9,e7095a9d-374e-47ea-9fc8-1556bfd6e964,3,on,COMPLETE,HIGH,,906000000,150.7885456085205,0.0,0.0,0,4650000000,1.0,on,1,4250000000,359.0,0,on,3744.0,3344.0,-400.0,a9fc7782-08ad-40c5-a5dc-acfc73a5c037,0,The cat sat on the mat
f02e6315-f7d5-47af-b3f7-4eb0a3f4d081,e7095a9d-374e-47ea-9fc8-1556bfd6e964,4,the,COMPLETE,HIGH,,4422000000,158.22148323059082,0.0,0.0,0,,,,,4938000000,438.0,0,the,,516.0,,a9fc7782-08ad-40c5-a5dc-acfc73a5c037,0,The cat sat on the mat
015d84e3-5682-4fb2-a2cd-550c08465f12,e7095a9d-374e-47ea-9fc8-1556bfd6e964,5,mat,COMPLETE,HIGH,,3688000000,162.858247756958,0.0,0.0,0,6150000000,1.0,mat,1,6391000000,1031.0,0,mat,2462.0,2703.0,241.0,a9fc7782-08ad-40c5-a5dc-acfc73a5c037,0,The cat sat on the mat
36f98f6d-3295-4a35-8b7f-eff0593bc31b,04a453d3-06d8-4a79-88b5-c3802579016f,0,She,COMPLETE,HIGH,,11313000000,179.8865795135498,0.0,0.0,0,,,,,7938000000,360.0,0,she,,-3375.0,,a9fc7782-08ad-40c5-a5dc-acfc73a5c037,1,She walked quickly to the store
062053b2-abe8-4e5b-855b-9bcedbe903c4,04a453d3-06d8-4a79-88b5-c3802579016f,1,walked,COMPLETE,HIGH,,9391000000,158.8613986968994,0.0,0.0,0,,,,,12000000000,3906.0,5,walked,,2609.0,,a9fc7782-08ad-40c5-a5dc-acfc73a5c037,1,She walked quickly to the store
35b1fd34-f684-476f-b807-82de91f15ee3,04a453d3-06d8-4a79-88b5-c3802579016f,2,quickly,COMPLETE,HIGH,,7453000000,156.65626525878906,0.0,0.0,0,,,,,14781000000,1609.0,0,quickly,,7328.0,,a9fc7782-08ad-40c5-a5dc-acfc73a5c037,1,She walked quickly to the store
5a662927-9c88-4c75-acbc-8ea6fe9bede7,04a453d3-06d8-4a79-88b5-c3802579016f,3,to,COMPLETE,HIGH,,7766000000,152.4791717529297,0.0,0.0,0,,,,,15594000000,313.0,0,to,,7828.0,,a9fc7782-08ad-40c5-a5dc-acfc73a5c037,1,She walked quickly to the store
96928793-ec1d-4e72-8500-d07d3b385861,04a453d3-06d8-4a79-88b5-c3802579016f,4,the,COMPLETE,HIGH,,8594000000,184.76200103759766,0.0,0.0,0,,,,,16125000000,390.0,0,the,,7531.0,,a9fc7782-08ad-40c5-a5dc-acfc73a5c037,1,She walked quickly to the store
cdeac859-3ea6-466a-9456-3bd42c75c929,04a453d3-06d8-4a79-88b5-c3802579016f,5,store,COMPLETE,HIGH,,16110000000,168.1838035583496,0.0,0.0,0,,,,,17078000000,797.0,0,store,,968.0,,a9fc7782-08ad-40c5-a5dc-acfc73a5c037,1,She walked quickly to the store
e2dd09fa-b542-4fcf-968d-cc2f194f8524,3968476d-dbf4-429d-8aee-91ea2f55433e,0,The,TIMED_OUT,EXCLUDED,Sentence closed before slot completed.,,,,,,17463000000,1.0,The,1,18969000000,375.0,0,tyhe,,,,a9fc7782-08ad-40c5-a5dc-acfc73a5c037,2,The children played outside until the sun set
32e0814f-3345-4545-b73f-c58e36c4d297,3968476d-dbf4-429d-8aee-91ea2f55433e,1,children,COMPLETE,HIGH,,17672000000,168.00904273986816,0.0,0.0,0,,,,,20500000000,1203.0,0,children,,2828.0,,a9fc7782-08ad-40c5-a5dc-acfc73a5c037,2,The children played outside until the sun set
4fe112d8-f2a9-4200-af63-f296fcff950b,3968476d-dbf4-429d-8aee-91ea2f55433e,2,played,COMPLETE,HIGH,,18031000000,156.40783309936523,0.0,0.0,0,,,,,21547000000,891.0,0,played,,3516.0,,a9fc7782-08ad-40c5-a5dc-acfc73a5c037,2,The children played outside until the sun set
9b3ce920-e7af-4707-bc2e-021d087c8dda,3968476d-dbf4-429d-8aee-91ea2f55433e,3,outside,TIMED_OUT,EXCLUDED,Sentence closed before slot completed.,,,,,,24056000000,1.0,outside,1,23922000000,1406.0,0,outside,,,,a9fc7782-08ad-40c5-a5dc-acfc73a5c037,2,The children played outside until the sun set
20ed19aa-f3aa-458e-ab3e-e9f516dddb52,3968476d-dbf4-429d-8aee-91ea2f55433e,4,until,COMPLETE,HIGH,,18813000000,201.64132118225098,0.0,0.0,0,27650000000,1.0,until,1,25438000000,782.0,0,until,8837.0,6625.0,-2212.0,a9fc7782-08ad-40c5-a5dc-acfc73a5c037,2,The children played outside until the sun set
13d28a28-ce38-401e-a9d3-271d38daf76a,3968476d-dbf4-429d-8aee-91ea2f55433e,5,the,COMPLETE,HIGH,,19360000000,187.18647956848145,0.0,0.0,0,,,,,26281000000,375.0,0,the,,6921.0,,a9fc7782-08ad-40c5-a5dc-acfc73a5c037,2,The children played outside until the sun set
fca00a34-3b2d-4f22-beb5-26e8e3e6d901,3968476d-dbf4-429d-8aee-91ea2f55433e,6,sun,COMPLETE,HIGH,,20781000000,150.4511833190918,0.0,0.0,0,27650000000,1.0,sun,1,27344000000,906.0,0,sun,6869.0,6563.0,-306.0,a9fc7782-08ad-40c5-a5dc-acfc73a5c037,2,The children played outside until the sun set
9cc8c5de-39e8-4cc9-a084-4479122d4919,3968476d-dbf4-429d-8aee-91ea2f55433e,7,set,COMPLETE,HIGH,,30266000000,186.8138313293457,0.0,0.0,0,,,,,30016000000,1203.0,0,set,,-250.0,,a9fc7782-08ad-40c5-a5dc-acfc73a5c037,2,The children played outside until the sun set
02d4c8bf-8291-467d-848c-8281be5605bd,9d5df7ed-3d6c-4ee9-b459-e1e0b9f0afcc,0,Every,TIMED_OUT,EXCLUDED,Sentence closed before slot completed.,,,,,,35603000000,1.0,Every,1,34078000000,672.0,0,every,,,,a9fc7782-08ad-40c5-a5dc-acfc73a5c037,3,Every morning she read the newspaper before breakfast
eaa45b11-654d-44bb-aee1-94330cc72b5d,9d5df7ed-3d6c-4ee9-b459-e1e0b9f0afcc,1,morning,TIMED_OUT,EXCLUDED,Sentence closed before slot completed.,,,,,,35838000000,1.0,morning,1,35406000000,875.0,0,orning,,,,a9fc7782-08ad-40c5-a5dc-acfc73a5c037,3,Every morning she read the newspaper before breakfast
318bec7a-de73-42f0-8f38-7621f9be314a,9d5df7ed-3d6c-4ee9-b459-e1e0b9f0afcc,2,she,COMPLETE,HIGH,,32781000000,195.4026222229004,0.0,0.0,0,,,,,36219000000,391.0,0,she,,3438.0,,a9fc7782-08ad-40c5-a5dc-acfc73a5c037,3,Every morning she read the newspaper before breakfast
516c3019-7aed-4f0f-a493-df20881281af,9d5df7ed-3d6c-4ee9-b459-e1e0b9f0afcc,3,read,COMPLETE,HIGH,,34125000000,159.84678268432617,0.0,0.0,0,,,,,37188000000,782.0,0,read,,3063.0,,a9fc7782-08ad-40c5-a5dc-acfc73a5c037,3,Every morning she read the newspaper before breakfast
69b95a8e-bd91-48a3-82a9-429c9e122611,9d5df7ed-3d6c-4ee9-b459-e1e0b9f0afcc,4,the,COMPLETE,HIGH,,33485000000,159.92140769958496,0.0,0.0,0,38416000000,1.0,the,1,37938000000,438.0,0,the,4931.0,4453.0,-478.0,a9fc7782-08ad-40c5-a5dc-acfc73a5c037,3,Every morning she read the newspaper before breakfast
601f1298-d194-4a07-af72-c0f9988cdafe,9d5df7ed-3d6c-4ee9-b459-e1e0b9f0afcc,5,newspaper,COMPLETE,HIGH,,34485000000,154.3900966644287,0.0,0.0,0,41228000000,0.9473684210526315,newspaper,0.9473684210526315,41094000000,2500.0,0,nes[paper,6743.0,6609.0,-134.0,a9fc7782-08ad-40c5-a5dc-acfc73a5c037,3,Every morning she read the newspaper before breakfast
bbda40ee-b7ad-41a7-8e3f-377b88b05487,9d5df7ed-3d6c-4ee9-b459-e1e0b9f0afcc,6,before,COMPLETE,HIGH,,38328000000,184.84115600585938,0.0,0.0,0,,,,,42703000000,859.0,0,before,,4375.0,,a9fc7782-08ad-40c5-a5dc-acfc73a5c037,3,Every morning she read the newspaper before breakfast
06d71498-56fd-41ca-a5cf-b3551aa39671,9d5df7ed-3d6c-4ee9-b459-e1e0b9f0afcc,7,breakfast,TIMED_OUT,EXCLUDED,Sentence closed before slot completed.,,,,,,,,,,46344000000,3313.0,0,breaffast,,,,a9fc7782-08ad-40c5-a5dc-acfc73a5c037,3,Every morning she read the newspaper before breakfast
a57a1d9c-8bdf-43e4-9985-4560f9266050,2d235b3b-3d83-47ca-9d88-15c7ce59ee7c,0,The,TIMED_OUT,EXCLUDED,Sentence closed before slot completed.,,,,,,48635000000,1.0,The,1,48938000000,891.0,0,the,,,,a9fc7782-08ad-40c5-a5dc-acfc73a5c037,4,The scientist observed that the plants grew faster in sunlight
112539c9-5cdd-4e13-ba76-8b7a8d378314,2d235b3b-3d83-47ca-9d88-15c7ce59ee7c,1,scientist,TIMED_OUT,EXCLUDED,Sentence closed before slot completed.,,,,,,49150000000,0.9473684210526315,scientist,0.9473684210526315,52188000000,1422.0,0,scientist,,,,a9fc7782-08ad-40c5-a5dc-acfc73a5c037,4,The scientist observed that the plants grew faster in sunlight
f02ad3c7-9166-4a39-8346-7a0ef3476612,2d235b3b-3d83-47ca-9d88-15c7ce59ee7c,2,observed,COMPLETE,HIGH,,47578000000,188.85540962219238,0.0,0.0,0,,,,,57235000000,4860.0,2,observed,,9657.0,,a9fc7782-08ad-40c5-a5dc-acfc73a5c037,4,The scientist observed that the plants grew faster in sunlight
c0c9bb38-8fb7-46c4-8033-cb9140f08886,2d235b3b-3d83-47ca-9d88-15c7ce59ee7c,3,that,COMPLETE,HIGH,,47250000000,160.46810150146484,0.0,0.0,0,57385000000,1.0,that,1,58141000000,531.0,0,that,10135.0,10891.0,756.0,a9fc7782-08ad-40c5-a5dc-acfc73a5c037,4,The scientist observed that the plants grew faster in sunlight
89cbbb7f-bd21-424a-9738-2422046c44cc,2d235b3b-3d83-47ca-9d88-15c7ce59ee7c,4,the,COMPLETE,HIGH,,48813000000,158.59127044677734,0.0,0.0,0,,,,,58891000000,500.0,0,the,,10078.0,,a9fc7782-08ad-40c5-a5dc-acfc73a5c037,4,The scientist observed that the plants grew faster in sunlight
69172324-1607-4f3b-87a0-4172706ec77c,2d235b3b-3d83-47ca-9d88-15c7ce59ee7c,5,plants,COMPLETE,HIGH,,46953000000,175.69899559020996,0.0,0.0,0,,,,,60188000000,875.0,0,plants,,13235.0,,a9fc7782-08ad-40c5-a5dc-acfc73a5c037,4,The scientist observed that the plants grew faster in sunlight
ed1b97ba-78fa-4546-8898-9f7c98a636e4,2d235b3b-3d83-47ca-9d88-15c7ce59ee7c,6,grew,COMPLETE,HIGH,,48094000000,198.75454902648926,0.0,0.0,0,,,,,61375000000,734.0,0,grew,,13281.0,,a9fc7782-08ad-40c5-a5dc-acfc73a5c037,4,The scientist observed that the plants grew faster in sunlight
1a2c69cc-9eb1-4275-b72a-bf10d2319000,2d235b3b-3d83-47ca-9d88-15c7ce59ee7c,7,faster,COMPLETE,HIGH,,51188000000,186.4790916442871,0.0,0.0,0,,,,,62766000000,844.0,0,faster,,11578.0,,a9fc7782-08ad-40c5-a5dc-acfc73a5c037,4,The scientist observed that the plants grew faster in sunlight
51f6d8a6-f692-4775-8be3-020b9ec31014,2d235b3b-3d83-47ca-9d88-15c7ce59ee7c,8,in,COMPLETE,HIGH,,60235000000,152.68206596374512,0.0,0.0,0,64525000000,1.0,in,1,63500000000,344.0,0,in,4290.0,3265.0,-1025.0,a9fc7782-08ad-40c5-a5dc-acfc73a5c037,4,The scientist observed that the plants grew faster in sunlight
346e8af7-8145-4552-862c-af659b01e03a,2d235b3b-3d83-47ca-9d88-15c7ce59ee7c,9,sunlight,COMPLETE,HIGH,,61610000000,174.43037033081055,0.0,0.0,0,,,,,66141000000,2469.0,0,sunlight,,4531.0,,a9fc7782-08ad-40c5-a5dc-acfc73a5c037,4,The scientist observed that the plants grew faster in sunlight
e27eadd7-a295-4338-961d-9aab8a016e37,dd99e7e2-3050-4eb7-bb60-e817e80add39,0,After,TIMED_OUT,EXCLUDED,Sentence closed before slot completed.,,,,,,68619000000,1.0,After,1,68922000000,1000.0,0,after,,,,a9fc7782-08ad-40c5-a5dc-acfc73a5c037,5,After the storm the streets were covered with fallen leaves
64d3ab9e-b4ea-466b-b15a-48cd845b8424,dd99e7e2-3050-4eb7-bb60-e817e80add39,1,the,TIMED_OUT,EXCLUDED,Sentence closed before slot completed.,,,,,,73213000000,1.0,the,1,69531000000,390.0,0,the,,,,a9fc7782-08ad-40c5-a5dc-acfc73a5c037,5,After the storm the streets were covered with fallen leaves
9075e386-db5b-4dc0-9111-b76064f807a1,dd99e7e2-3050-4eb7-bb60-e817e80add39,2,storm,TIMED_OUT,EXCLUDED,Sentence closed before slot completed.,,,,,,,,,,72297000000,2609.0,2,storm,,,,a9fc7782-08ad-40c5-a5dc-acfc73a5c037,5,After the storm the streets were covered with fallen leaves
e6777393-0e79-4d30-920e-1e8537ae487e,dd99e7e2-3050-4eb7-bb60-e817e80add39,3,the,COMPLETE,HIGH,,67110000000,177.1101951599121,0.0,0.0,0,,,,,74688000000,2032.0,2,the,,7578.0,,a9fc7782-08ad-40c5-a5dc-acfc73a5c037,5,After the storm the streets were covered with fallen leaves
47dd7e04-6b30-40d2-84dd-87cc932f6510,dd99e7e2-3050-4eb7-bb60-e817e80add39,4,streets,COMPLETE,HIGH,,68688000000,162.6729965209961,0.0,0.0,0,,,,,76281000000,1328.0,0,streets,,7593.0,,a9fc7782-08ad-40c5-a5dc-acfc73a5c037,5,After the storm the streets were covered with fallen leaves
e5c1941d-8f21-4cc5-b192-91d982be3937,dd99e7e2-3050-4eb7-bb60-e817e80add39,5,were,COMPLETE,HIGH,,67766000000,207.5347900390625,0.0,0.0,0,78338000000,0.8888888888888888,were,0.8888888888888888,79406000000,1234.0,0,were,10572.0,11640.0,1068.0,a9fc7782-08ad-40c5-a5dc-acfc73a5c037,5,After the storm the streets were covered with fallen leaves
33ade622-4e55-4386-9fae-78f2a627ef67,dd99e7e2-3050-4eb7-bb60-e817e80add39,6,covered,COMPLETE,HIGH,,69797000000,180.47308921813965,0.0,0.0,0,79103000000,1.0,covered,1,81719000000,1500.0,0,covered,9306.0,11922.0,2616.0,a9fc7782-08ad-40c5-a5dc-acfc73a5c037,5,After the storm the streets were covered with fallen leaves
f184fa03-3185-4e2c-ad8c-90f46741166c,dd99e7e2-3050-4eb7-bb60-e817e80add39,7,with,COMPLETE,HIGH,,70406000000,225.4328727722168,0.0,0.0,0,,,,,83828000000,1484.0,1,with,,13422.0,,a9fc7782-08ad-40c5-a5dc-acfc73a5c037,5,After the storm the streets were covered with fallen leaves
674a4c3f-faa9-40a0-94f7-3db3d42a53c5,dd99e7e2-3050-4eb7-bb60-e817e80add39,8,fallen,COMPLETE,HIGH,,78172000000,157.79876708984375,0.0,0.0,0,,,,,85438000000,1000.0,0,fallen,,7266.0,,a9fc7782-08ad-40c5-a5dc-acfc73a5c037,5,After the storm the streets were covered with fallen leaves
9097056a-d168-4ef1-864e-7c6243a3128d,dd99e7e2-3050-4eb7-bb60-e817e80add39,9,leaves,COMPLETE,HIGH,,87250000000,211.6551399230957,0.0,0.0,0,87572000000,1.0,leaves,1,87219000000,1531.0,0,leaves,322.0,-31.0,-353.0,a9fc7782-08ad-40c5-a5dc-acfc73a5c037,5,After the storm the streets were covered with fallen leaves
c8cdc2be-f621-446e-9f2a-f6b86ddd7717,d546ebf3-7029-4714-89f3-d3d634e2cf7b,0,The,TIMED_OUT,EXCLUDED,Sentence closed before slot completed.,,,,,,90369000000,1.0,The,1,90578000000,406.0,0,the,,,,a9fc7782-08ad-40c5-a5dc-acfc73a5c037,6,The museum displayed artifacts from ancient civilizations around the world
4e119b75-0d80-4501-b163-081dc71e6dd6,d546ebf3-7029-4714-89f3-d3d634e2cf7b,1,museum,TIMED_OUT,EXCLUDED,Sentence closed before slot completed.,,,,,,91135000000,1.0,museum,1,92016000000,1235.0,0,museum,,,,a9fc7782-08ad-40c5-a5dc-acfc73a5c037,6,The museum displayed artifacts from ancient civilizations around the world
b9dd1d50-0b28-45cf-8230-12156e9cde45,d546ebf3-7029-4714-89f3-d3d634e2cf7b,2,displayed,TIMED_OUT,EXCLUDED,Sentence closed before slot completed.,,,,,,91916000000,1.0,displayed,1,93750000000,1562.0,0,displayed,,,,a9fc7782-08ad-40c5-a5dc-acfc73a5c037,6,The museum displayed artifacts from ancient civilizations around the world
2c9e9482-ecd1-4c43-828d-f8655620f6d2,d546ebf3-7029-4714-89f3-d3d634e2cf7b,3,artifacts,TIMED_OUT,EXCLUDED,Sentence closed before slot completed.,,,,,,,,,,97110000000,2204.0,0,artifacts,,,,a9fc7782-08ad-40c5-a5dc-acfc73a5c037,6,The museum displayed artifacts from ancient civilizations around the world
b2d512e4-adee-43be-9fbd-c6de0d933e46,d546ebf3-7029-4714-89f3-d3d634e2cf7b,4,from,COMPLETE,HIGH,,89672000000,214.02931213378906,0.0,0.0,0,95244000000,1.0,from,1,97969000000,641.0,0,from,5572.0,8297.0,2725.0,a9fc7782-08ad-40c5-a5dc-acfc73a5c037,6,The museum displayed artifacts from ancient civilizations around the world
b08ab12a-d5e5-41f6-8cbc-5f7dfeaa4cdd,d546ebf3-7029-4714-89f3-d3d634e2cf7b,5,ancient,COMPLETE,HIGH,,93735000000,175.5373477935791,0.0,0.0,0,,,,,101203000000,3078.0,0,ancient,,7468.0,,a9fc7782-08ad-40c5-a5dc-acfc73a5c037,6,The museum displayed artifacts from ancient civilizations around the world
b583fab0-79fa-425b-bd31-b20b015f6f6c,d546ebf3-7029-4714-89f3-d3d634e2cf7b,6,civilizations,COMPLETE,HIGH,,90235000000,177.83236503601074,0.0,0.0,0,,,,,104953000000,2812.0,0,civilizations,,14718.0,,a9fc7782-08ad-40c5-a5dc-acfc73a5c037,6,The museum displayed artifacts from ancient civilizations around the world
0a47fce4-28a9-4628-9361-a7fdf832751a,d546ebf3-7029-4714-89f3-d3d634e2cf7b,7,around,COMPLETE,HIGH,,91016000000,161.77964210510254,0.0,0.0,0,106010000000,1.0,around,1,106500000000,1047.0,0,around,14994.0,15484.0,490.0,a9fc7782-08ad-40c5-a5dc-acfc73a5c037,6,The museum displayed artifacts from ancient civilizations around the world
74f7fdd5-3d98-4818-bac3-377939f39428,d546ebf3-7029-4714-89f3-d3d634e2cf7b,8,the,COMPLETE,HIGH,,94860000000,159.82985496520996,0.0,0.0,0,,,,,107235000000,469.0,0,the,,12375.0,,a9fc7782-08ad-40c5-a5dc-acfc73a5c037,6,The museum displayed artifacts from ancient civilizations around the world
5f9f6a6c-1082-4625-ae96-dc3bce2a34ac,d546ebf3-7029-4714-89f3-d3d634e2cf7b,9,world,COMPLETE,HIGH,,105360000000,180.66740036010742,0.0,0.0,0,106510000000,1.0,world,1,108938000000,1063.0,0,world,1150.0,3578.0,2428.0,a9fc7782-08ad-40c5-a5dc-acfc73a5c037,6,The museum displayed artifacts from ancient civilizations around the world
77303d94-5fcf-401b-a95a-a36ff00f0c42,39d1745f-0aaa-4a0f-866d-7ecd3ff212bf,0,During,TIMED_OUT,EXCLUDED,Sentence closed before slot completed.,,,,,,111635000000,1.0,During,1,113656000000,796.0,0,during,,,,a9fc7782-08ad-40c5-a5dc-acfc73a5c037,7,During the summer holidays they traveled to several different countries
9a91b631-4025-4a96-8a1a-a978df119b23,39d1745f-0aaa-4a0f-866d-7ecd3ff212bf,1,the,TIMED_OUT,EXCLUDED,Sentence closed before slot completed.,,,,,,111885000000,1.0,the,1,114281000000,375.0,0,the,,,,a9fc7782-08ad-40c5-a5dc-acfc73a5c037,7,During the summer holidays they traveled to several different countries
c4dec697-804b-427e-8709-e3c5341037a9,39d1745f-0aaa-4a0f-866d-7ecd3ff212bf,2,summer,TIMED_OUT,EXCLUDED,Sentence closed before slot completed.,,,,,,112135000000,1.0,summer,1,115875000000,969.0,0,summer,,,,a9fc7782-08ad-40c5-a5dc-acfc73a5c037,7,During the summer holidays they traveled to several different countries
e6d57e2f-881e-4529-9e25-45f0ff3f245f,39d1745f-0aaa-4a0f-866d-7ecd3ff212bf,3,holidays,COMPLETE,HIGH,,109875000000,178.16519737243652,0.0,0.0,0,112400000000,0.9333333333333333,holidays,0.9333333333333333,118453000000,1734.0,0,holidays,2525.0,8578.0,6053.0,a9fc7782-08ad-40c5-a5dc-acfc73a5c037,7,During the summer holidays they traveled to several different countries
61f53a28-d390-49c8-9d0b-1a0c1d123216,39d1745f-0aaa-4a0f-866d-7ecd3ff212bf,4,they,COMPLETE,HIGH,,111172000000,192.62075424194336,0.0,0.0,0,,,,,119844000000,578.0,0,they,,8672.0,,a9fc7782-08ad-40c5-a5dc-acfc73a5c037,7,During the summer holidays they traveled to several different countries
f6cff47a-8f34-4bca-8a4c-690475323db1,39d1745f-0aaa-4a0f-866d-7ecd3ff212bf,5,traveled,COMPLETE,HIGH,,111578000000,172.83201217651367,0.0,0.0,0,,,,,121297000000,1203.0,0,traveled,,9719.0,,a9fc7782-08ad-40c5-a5dc-acfc73a5c037,7,During the summer holidays they traveled to several different countries
b6ebd277-1d77-4067-b35e-a3f2dec19597,39d1745f-0aaa-4a0f-866d-7ecd3ff212bf,6,to,COMPLETE,HIGH,,110625000000,170.5927848815918,0.0,0.0,0,120322000000,1.0,to,1,121860000000,375.0,0,to,9697.0,11235.0,1538.0,a9fc7782-08ad-40c5-a5dc-acfc73a5c037,7,During the summer holidays they traveled to several different countries
e006bae3-ef49-461c-a3ba-f6765bab3e5c,39d1745f-0aaa-4a0f-866d-7ecd3ff212bf,7,several,COMPLETE,HIGH,,112360000000,186.27309799194336,0.0,0.0,0,123150000000,1.0,several,1,123860000000,1688.0,0,secveral,10790.0,11500.0,710.0,a9fc7782-08ad-40c5-a5dc-acfc73a5c037,7,During the summer holidays they traveled to several different countries
f60f0aeb-1eb9-476d-8d5c-622ca8d107cc,39d1745f-0aaa-4a0f-866d-7ecd3ff212bf,8,different,COMPLETE,HIGH,,122297000000,156.59117698669434,0.0,0.0,0,,,,,126438000000,1547.0,0,different,,4141.0,,a9fc7782-08ad-40c5-a5dc-acfc73a5c037,7,During the summer holidays they traveled to several different countries
83e511ff-7022-4d1d-ac7e-d53336e633ff,39d1745f-0aaa-4a0f-866d-7ecd3ff212bf,9,countries,COMPLETE,HIGH,,124297000000,179.49318885803223,0.0,0.0,0,,,,,129719000000,2344.0,1,countries,,5422.0,,a9fc7782-08ad-40c5-a5dc-acfc73a5c037,7,During the summer holidays they traveled to several different countries
d2357e9f-5523-4486-87bd-6d22cb0bc4d8,3561c592-6a99-4733-ac61-c546c0c12d91,0,The,TIMED_OUT,EXCLUDED,Sentence closed before slot completed.,,,,,,133135000000,1.0,The,1,133656000000,468.0,0,the,,,,a9fc7782-08ad-40c5-a5dc-acfc73a5c037,8,The engineer carefully examined the bridge structure before approving the design
e39db115-076d-4dcb-a9d9-7cdbb834a42e,3561c592-6a99-4733-ac61-c546c0c12d91,1,engineer,TIMED_OUT,EXCLUDED,Sentence closed before slot completed.,,,,,,,,,,136281000000,1593.0,0,engineer,,,,a9fc7782-08ad-40c5-a5dc-acfc73a5c037,8,The engineer carefully examined the bridge structure before approving the design
a3b93af5-ce82-4529-b62c-68e84aa68bc5,3561c592-6a99-4733-ac61-c546c0c12d91,2,carefully,TIMED_OUT,EXCLUDED,Sentence closed before slot completed.,,,,,,138760000000,0.6153846153846154,carefully,0.6153846153846154,139719000000,2391.0,0,carefully,,,,a9fc7782-08ad-40c5-a5dc-acfc73a5c037,8,The engineer carefully examined the bridge structure before approving the design
b69cc267-399d-44af-8fda-d29011ff472f,3561c592-6a99-4733-ac61-c546c0c12d91,3,examined,TIMED_OUT,EXCLUDED,Sentence closed before slot completed.,,,,,,,,,,141813000000,1313.0,0,examined,,,,a9fc7782-08ad-40c5-a5dc-acfc73a5c037,8,The engineer carefully examined the bridge structure before approving the design
16bcee8a-084b-4b28-b637-a6a55bb7fc3d,3561c592-6a99-4733-ac61-c546c0c12d91,4,the,COMPLETE,HIGH,,135453000000,160.27069091796875,0.0,0.0,0,,,,,142578000000,390.0,0,the,,7125.0,,a9fc7782-08ad-40c5-a5dc-acfc73a5c037,8,The engineer carefully examined the bridge structure before approving the design
40b6ca0a-ac56-4121-82e8-4691d6b8f845,3561c592-6a99-4733-ac61-c546c0c12d91,5,bridge,COMPLETE,HIGH,,130625000000,157.89127349853516,0.0,0.0,0,,,,,144610000000,1782.0,0,bridge,,13985.0,,a9fc7782-08ad-40c5-a5dc-acfc73a5c037,8,The engineer carefully examined the bridge structure before approving the design
b973f262-53eb-4ec7-be48-cc5aee6ee759,3561c592-6a99-4733-ac61-c546c0c12d91,6,structure,COMPLETE,HIGH,,132844000000,183.87985229492188,0.0,0.0,0,,,,,146516000000,1375.0,0,structure,,13672.0,,a9fc7782-08ad-40c5-a5dc-acfc73a5c037,8,The engineer carefully examined the bridge structure before approving the design
8a855e3e-0deb-4803-96fa-ad32ba72ad9e,3561c592-6a99-4733-ac61-c546c0c12d91,7,before,COMPLETE,HIGH,,131594000000,196.26331329345703,0.0,0.0,0,,,,,148188000000,1141.0,0,before,,16594.0,,a9fc7782-08ad-40c5-a5dc-acfc73a5c037,8,The engineer carefully examined the bridge structure before approving the design
2faf1fba-6482-48d7-a576-881da9891535,3561c592-6a99-4733-ac61-c546c0c12d91,8,approving,COMPLETE,HIGH,,131219000000,171.96178436279297,0.0,0.0,0,,,,,150063000000,1547.0,0,approving,,18844.0,,a9fc7782-08ad-40c5-a5dc-acfc73a5c037,8,The engineer carefully examined the bridge structure before approving the design
645b7f82-3076-432a-8350-62c339d6bc67,3561c592-6a99-4733-ac61-c546c0c12d91,9,the,COMPLETE,HIGH,,146531000000,173.628568649292,0.0,0.0,0,,,,,151031000000,390.0,0,the,,4500.0,,a9fc7782-08ad-40c5-a5dc-acfc73a5c037,8,The engineer carefully examined the bridge structure before approving the design
74fbf6ac-68cc-4ca9-ae78-ffd7b22d1217,3561c592-6a99-4733-ac61-c546c0c12d91,10,design,COMPLETE,HIGH,,146813000000,182.1291446685791,0.0,0.0,0,154119000000,1.0,design,1,152906000000,1468.0,0,design,7306.0,6093.0,-1213.0,a9fc7782-08ad-40c5-a5dc-acfc73a5c037,8,The engineer carefully examined the bridge structure before approving the design
5f27f6ee-c3c6-482f-b4ee-4ce803763d96,3209ab2b-f77c-4513-bbeb-01ea0cbd793f,0,She,TIMED_OUT,EXCLUDED,Sentence closed before slot completed.,,,,,,,,,,159813000000,1047.0,1,she,,,,a9fc7782-08ad-40c5-a5dc-acfc73a5c037,9,She discovered that consistent practice significantly improved her reading speed
4d077a3e-7a44-4620-ae70-cbf8f40f7d5e,3209ab2b-f77c-4513-bbeb-01ea0cbd793f,1,discovered,COMPLETE,HIGH,,168235000000,178.93719673156738,0.0,0.0,0,156681000000,1.0,discovered,1,162547000000,1922.0,0,discovered,-11554.0,-5688.0,5866.0,a9fc7782-08ad-40c5-a5dc-acfc73a5c037,9,She discovered that consistent practice significantly improved her reading speed
c4304fbb-f038-4759-b8c9-614eed10bdb2,3209ab2b-f77c-4513-bbeb-01ea0cbd793f,2,that,COMPLETE,HIGH,,154781000000,174.3948459625244,0.0,0.0,0,158713000000,1.0,that,1,163360000000,579.0,0,that,3932.0,8579.0,4647.0,a9fc7782-08ad-40c5-a5dc-acfc73a5c037,9,She discovered that consistent practice significantly improved her reading speed
42e14884-c176-4ecd-b692-a2fcf88ebeab,3209ab2b-f77c-4513-bbeb-01ea0cbd793f,3,consistent,COMPLETE,HIGH,,155000000000,179.64577674865723,0.0,0.0,0,170541000000,1.0,consistent,1,173781000000,1453.0,0,consistent,15541.0,18781.0,3240.0,a9fc7782-08ad-40c5-a5dc-acfc73a5c037,9,She discovered that consistent practice significantly improved her reading speed
8a128912-6843-49db-acdf-c8dfa47eddcf,3209ab2b-f77c-4513-bbeb-01ea0cbd793f,4,practice,COMPLETE,HIGH,,155703000000,180.07516860961914,0.0,0.0,0,170775000000,1.0,practice,1,176016000000,1735.0,0,practice,15072.0,20313.0,5241.0,a9fc7782-08ad-40c5-a5dc-acfc73a5c037,9,She discovered that consistent practice significantly improved her reading speed
e44ada26-e57e-443a-a1ac-5ce6227fb636,3209ab2b-f77c-4513-bbeb-01ea0cbd793f,5,significantly,COMPLETE,HIGH,,156188000000,166.73755645751953,0.0,0.0,0,,,,,181078000000,4390.0,0,significantly,,24890.0,,a9fc7782-08ad-40c5-a5dc-acfc73a5c037,9,She discovered that consistent practice significantly improved her reading speed
1b8ad2f2-e930-4c21-9317-8dcd4167f910,3209ab2b-f77c-4513-bbeb-01ea0cbd793f,6,improved,COMPLETE,HIGH,,158750000000,178.77984046936035,0.0,0.0,0,,,,,184813000000,1532.0,0,improved,,26063.0,,a9fc7782-08ad-40c5-a5dc-acfc73a5c037,9,She discovered that consistent practice significantly improved her reading speed
0dafeb8e-bfcf-4a8e-9648-753b984a2da8,3209ab2b-f77c-4513-bbeb-01ea0cbd793f,7,her,COMPLETE,HIGH,,155375000000,174.75056648254395,0.0,0.0,0,182822000000,1.0,her,1,185938000000,860.0,0,her,27447.0,30563.0,3116.0,a9fc7782-08ad-40c5-a5dc-acfc73a5c037,9,She discovered that consistent practice significantly improved her reading speed
eaee53c5-29c6-4a85-83f7-b7b8f2446a9a,3209ab2b-f77c-4513-bbeb-01ea0cbd793f,8,reading,COMPLETE,HIGH,,165125000000,150.31790733337402,0.0,0.0,0,188697000000,1.0,reading,1,193281000000,3437.0,3,reading,23572.0,28156.0,4584.0,a9fc7782-08ad-40c5-a5dc-acfc73a5c037,9,She discovered that consistent practice significantly improved her reading speed
81e96f27-e65c-4e11-af0d-1a9cee645609,3209ab2b-f77c-4513-bbeb-01ea0cbd793f,9,speed,COMPLETE,HIGH,,184485000000,152.09650993347168,0.0,0.0,0,188931000000,1.0,speed,1,194360000000,813.0,0,speed,4446.0,9875.0,5429.0,a9fc7782-08ad-40c5-a5dc-acfc73a5c037,9,She discovered that consistent practice significantly improved her reading speed
251be65e-f571-4aea-bd09-b9f7b9e8740c,8d51ed3a-ac29-4658-99c9-ee4bca66e4de,0,The,TIMED_OUT,EXCLUDED,Sentence closed before slot completed.,,,,,,195838000000,1.0,The,1,197469000000,344.0,0,the,,,,a9fc7782-08ad-40c5-a5dc-acfc73a5c037,10,The local government proposed constructing a new library in the town center
4dcc85b2-909a-4ab7-b192-b0c9baedf2d2,8d51ed3a-ac29-4658-99c9-ee4bca66e4de,1,local,TIMED_OUT,EXCLUDED,Sentence closed before slot completed.,,,,,,196369000000,1.0,local,1,198406000000,718.0,0,local,,,,a9fc7782-08ad-40c5-a5dc-acfc73a5c037,10,The local government proposed constructing a new library in the town center
94f06667-bf4a-4452-88e8-43aab196f352,8d51ed3a-ac29-4658-99c9-ee4bca66e4de,2,government,TIMED_OUT,EXCLUDED,Sentence closed before slot completed.,,,,,,196619000000,1.0,government,1,200422000000,1609.0,0,government,,,,a9fc7782-08ad-40c5-a5dc-acfc73a5c037,10,The local government proposed constructing a new library in the town center
7cdf5886-9b1f-480e-9b2f-40d2148172e9,8d51ed3a-ac29-4658-99c9-ee4bca66e4de,3,proposed,COMPLETE,HIGH,,195469000000,158.71953964233398,0.0,0.0,0,197119000000,0.875,proposed,0.875,202047000000,1375.0,0,proposed,1650.0,6578.0,4928.0,a9fc7782-08ad-40c5-a5dc-acfc73a5c037,10,The local government proposed constructing a new library in the town center
692bdb70-f57c-4214-85b2-ed3d4bb93ca3,8d51ed3a-ac29-4658-99c9-ee4bca66e4de,4,constructing,COMPLETE,HIGH,,195297000000,188.36331367492676,0.0,0.0,0,,,,,205922000000,1953.0,0,constructing,,10625.0,,a9fc7782-08ad-40c5-a5dc-acfc73a5c037,10,The local government proposed constructing a new library in the town center
cb095b2a-a5a1-4118-926e-094f6e857a17,8d51ed3a-ac29-4658-99c9-ee4bca66e4de,5,a,TIMED_OUT,EXCLUDED,Sentence closed before slot completed.,,,,,,203291000000,1.0,a,1,206235000000,172.0,0,a,,,,a9fc7782-08ad-40c5-a5dc-acfc73a5c037,10,The local government proposed constructing a new library in the town center
e0708f9f-04ba-4e18-ba86-360e5299cae3,8d51ed3a-ac29-4658-99c9-ee4bca66e4de,6,new,COMPLETE,HIGH,,201672000000,219.86055374145508,0.0,0.0,0,203775000000,1.0,new,1,206844000000,422.0,0,new,2103.0,5172.0,3069.0,a9fc7782-08ad-40c5-a5dc-acfc73a5c037,10,The local government proposed constructing a new library in the town center
ec2f8631-9c6a-401f-8c70-f43d007c4471,8d51ed3a-ac29-4658-99c9-ee4bca66e4de,7,library,COMPLETE,HIGH,,196516000000,196.71201705932617,0.0,0.0,0,204041000000,1.0,library,1,208469000000,1391.0,0,library,7525.0,11953.0,4428.0,a9fc7782-08ad-40c5-a5dc-acfc73a5c037,10,The local government proposed constructing a new library in the town center
8330dcde-a612-40a9-8381-b4a1ccfa8cdd,8d51ed3a-ac29-4658-99c9-ee4bca66e4de,8,in,COMPLETE,HIGH,,199766000000,185.87470054626465,0.0,0.0,0,209416000000,1.0,in,1,210235000000,407.0,0,in,9650.0,10469.0,819.0,a9fc7782-08ad-40c5-a5dc-acfc73a5c037,10,The local government proposed constructing a new library in the town center
3c2e3664-cbfe-4ae0-afe4-d5aebe41f7ac,8d51ed3a-ac29-4658-99c9-ee4bca66e4de,9,the,COMPLETE,HIGH,,198453000000,190.41967391967773,0.0,0.0,0,,,,,210797000000,391.0,0,the,,12344.0,,a9fc7782-08ad-40c5-a5dc-acfc73a5c037,10,The local government proposed constructing a new library in the town center
0fe52223-154a-45b7-8c51-0e99d1fe289e,8d51ed3a-ac29-4658-99c9-ee4bca66e4de,10,town,COMPLETE,HIGH,,203063000000,182.12127685546875,0.0,0.0,0,209916000000,0.8888888888888888,town,0.8888888888888888,211828000000,781.0,0,town,6853.0,8765.0,1912.0,a9fc7782-08ad-40c5-a5dc-acfc73a5c037,10,The local government proposed constructing a new library in the town center
9a868efd-628b-459a-b866-f06134be895a,8d51ed3a-ac29-4658-99c9-ee4bca66e4de,11,center,COMPLETE,HIGH,,209000000000,160.05492210388184,0.0,0.0,0,210431000000,0.8333333333333334,center,0.8333333333333334,214469000000,2344.0,0,cinter,1431.0,5469.0,4038.0,a9fc7782-08ad-40c5-a5dc-acfc73a5c037,10,The local government proposed constructing a new library in the town center
76060fe0-089d-4bb6-9822-335fddcb8cf7,b2fd6645-98df-49e0-bbb9-144463f744a1,0,Research,TIMED_OUT,EXCLUDED,Sentence closed before slot completed.,,,,,,,,,,219391000000,1344.0,0,research,,,,a9fc7782-08ad-40c5-a5dc-acfc73a5c037,11,Research has demonstrated that bilingual children often develop stronger cognitive flexibility
99d686c4-1d68-4fb1-8807-3f4ea19f59b1,b2fd6645-98df-49e0-bbb9-144463f744a1,1,has,TIMED_OUT,EXCLUDED,Sentence closed before slot completed.,,,,,,,,,,221375000000,1828.0,3,has,,,,a9fc7782-08ad-40c5-a5dc-acfc73a5c037,11,Research has demonstrated that bilingual children often develop stronger cognitive flexibility
7a6a49d0-baa9-4586-991c-4761c740cce5,b2fd6645-98df-49e0-bbb9-144463f744a1,2,demonstrated,COMPLETE,HIGH,,225563000000,163.16676139831543,0.0,0.0,0,217853000000,1.0,demonstrated,1,223406000000,1859.0,0,demonstrated,-7710.0,-2157.0,5553.0,a9fc7782-08ad-40c5-a5dc-acfc73a5c037,11,Research has demonstrated that bilingual children often develop stronger cognitive flexibility
d9b5b8c8-c983-491b-ab52-5cd70995f869,b2fd6645-98df-49e0-bbb9-144463f744a1,3,that,COMPLETE,HIGH,,220297000000,169.39330101013184,0.0,0.0,0,,,,,225547000000,1031.0,0,thet,,5250.0,,a9fc7782-08ad-40c5-a5dc-acfc73a5c037,11,Research has demonstrated that bilingual children often develop stronger cognitive flexibility
13db2582-7c5f-40c7-9571-228dbc834765,b2fd6645-98df-49e0-bbb9-144463f744a1,4,bilingual,COMPLETE,HIGH,,216094000000,167.88959503173828,0.0,0.0,0,225556000000,1.0,bilingual,1,228594000000,1484.0,0,bilingual,9462.0,12500.0,3038.0,a9fc7782-08ad-40c5-a5dc-acfc73a5c037,11,Research has demonstrated that bilingual children often develop stronger cognitive flexibility
1dd26316-d7e6-48f8-92b3-89213862fe59,b2fd6645-98df-49e0-bbb9-144463f744a1,5,children,COMPLETE,HIGH,,215813000000,212.9523754119873,0.0,0.0,0,225556000000,1.0,children,1,230250000000,1562.0,0,children,9743.0,14437.0,4694.0,a9fc7782-08ad-40c5-a5dc-acfc73a5c037,11,Research has demonstrated that bilingual children often develop stronger cognitive flexibility
94d0681a-2e47-4307-8226-8378efe8ff86,b2fd6645-98df-49e0-bbb9-144463f744a1,6,often,COMPLETE,HIGH,,217985000000,203.95517349243164,0.0,0.0,0,231463000000,1.0,often,1,232406000000,921.0,0,often,13478.0,14421.0,943.0,a9fc7782-08ad-40c5-a5dc-acfc73a5c037,11,Research has demonstrated that bilingual children often develop stronger cognitive flexibility
56802277-203a-463f-8a67-9eba6670d3d0,b2fd6645-98df-49e0-bbb9-144463f744a1,7,develop,COMPLETE,HIGH,,219422000000,154.54864501953125,0.0,0.0,0,231947000000,1.0,develop,1,235453000000,2297.0,1,develop,12525.0,16031.0,3506.0,a9fc7782-08ad-40c5-a5dc-acfc73a5c037,11,Research has demonstrated that bilingual children often develop stronger cognitive flexibility
6ff4af7b-5cb9-4467-83bf-da07d8edc24e,b2fd6645-98df-49e0-bbb9-144463f744a1,8,stronger,COMPLETE,HIGH,,221985000000,186.36775016784668,0.0,0.0,0,238072000000,0.8,stronger,0.8,237328000000,1406.0,0,stronger,16087.0,15343.0,-744.0,a9fc7782-08ad-40c5-a5dc-acfc73a5c037,11,Research has demonstrated that bilingual children often develop stronger cognitive flexibility
27332b7a-54b5-43ac-9480-29254d45e32b,b2fd6645-98df-49e0-bbb9-144463f744a1,9,cognitive,COMPLETE,HIGH,,230938000000,171.64134979248047,0.0,0.0,0,,,,,239469000000,1516.0,0,cogniitive,,8531.0,,a9fc7782-08ad-40c5-a5dc-acfc73a5c037,11,Research has demonstrated that bilingual children often develop stronger cognitive flexibility
c15acbef-982d-43c6-8e04-23900243cb8c,b2fd6645-98df-49e0-bbb9-144463f744a1,10,flexibility,COMPLETE,HIGH,,231235000000,201.83968544006348,0.0,0.0,0,,,,,243781000000,2640.0,0,flexibilities,,12546.0,,a9fc7782-08ad-40c5-a5dc-acfc73a5c037,11,Research has demonstrated that bilingual children often develop stronger cognitive flexibility
0a7abb93-e2ed-47a4-bddc-a7f52584afa1,cb6926ed-be39-4da2-836e-5034e49d7189,0,The,COMPLETE,HIGH,,1772087477558193664,195.5552101135254,0.0,0.0,0,1772087478698244864,1.0,The,1,3750000000,359.0,0,the,1140.0512,-1772087473808.1936,-1772087474948.2449,c1b8e29e-10e2-4feb-98e2-7620a65bfab9,0,The cat sat on the mat
9a49e4e9-50e7-4e72-893e-73a3e7c98aad,cb6926ed-be39-4da2-836e-5034e49d7189,1,cat,COMPLETE,HIGH,,1772087478349937920,171.8904972076416,0.0,0.0,0,,,,,4328000000,375.0,0,cat,,-1772087474021.938,,c1b8e29e-10e2-4feb-98e2-7620a65bfab9,0,The cat sat on the mat
50c8cb18-5252-482d-a864-698714eaaec7,cb6926ed-be39-4da2-836e-5034e49d7189,2,sat,COMPLETE,HIGH,,1772087483228969728,191.06173515319824,0.0,0.0,0,,,,,5016000000,547.0,0,sat,,-1772087478212.9697,,c1b8e29e-10e2-4feb-98e2-7620a65bfab9,0,The cat sat on the mat
06d94229-8920-4222-8c08-78781109cded,cb6926ed-be39-4da2-836e-5034e49d7189,3,on,COMPLETE,HIGH,,1772087478933527296,165.48418998718262,0.0,0.0,0,1772087479421828608,1.0,on,1,5641000000,391.0,0,on,488.301312,-1772087473292.5273,-1772087473780.8286,c1b8e29e-10e2-4feb-98e2-7620a65bfab9,0,The cat sat on the mat
3c6ae895-4dbd-4841-be2c-8f4597818d69,cb6926ed-be39-4da2-836e-5034e49d7189,4,the,COMPLETE,HIGH,,1772087479310119936,151.70717239379883,0.0,0.0,0,,,,,7219000000,1313.0,0,the,,-1772087472091.1199,,c1b8e29e-10e2-4feb-98e2-7620a65bfab9,0,The cat sat on the mat
fde64d34-b74d-452b-8e29-1806cd8ffe37,cb6926ed-be39-4da2-836e-5034e49d7189,5,mat,COMPLETE,HIGH,,1772087479689276416,183.15672874450684,0.0,0.0,0,,,,,10344000000,2641.0,1,mat,,-1772087469345.2764,,c1b8e29e-10e2-4feb-98e2-7620a65bfab9,0,The cat sat on the mat
5239dca9-5049-4bac-b819-5f94274bbadf,d08e942e-4f31-4066-94e1-ef5a1ff01ae2,0,She,TIMED_OUT,EXCLUDED,Sentence closed before slot completed.,,,,,,,,,,13516000000,406.0,0,she,,,,c1b8e29e-10e2-4feb-98e2-7620a65bfab9,1,She walked quickly to the store
923c0438-ff24-44eb-b4f0-30eba4beeb6e,d08e942e-4f31-4066-94e1-ef5a1ff01ae2,1,walked,COMPLETE,HIGH,,1772087494299707392,165.31968116760254,0.0,0.0,0,,,,,14641000000,1000.0,0,walked,,-1772087479658.7075,,c1b8e29e-10e2-4feb-98e2-7620a65bfab9,1,She walked quickly to the store
153abfe7-c6de-454e-86d3-eee99d829e1e,d08e942e-4f31-4066-94e1-ef5a1ff01ae2,2,quickly,COMPLETE,HIGH,,1772087487905980928,159.60025787353516,0.0,0.0,0,,,,,18672000000,3531.0,3,quickly,,-1772087469233.981,,c1b8e29e-10e2-4feb-98e2-7620a65bfab9,1,She walked quickly to the store
69a933b9-c4dc-4411-ae8d-f8c0fba6f335,d08e942e-4f31-4066-94e1-ef5a1ff01ae2,3,to,COMPLETE,HIGH,,1772087488543312384,237.44702339172363,0.0,0.0,0,1772087490042094848,1.0,to,1,19110000000,282.0,0,to,1498.782464,-1772087469433.3123,-1772087470932.095,c1b8e29e-10e2-4feb-98e2-7620a65bfab9,1,She walked quickly to the store
378801cb-6de3-473e-9179-b24c516cb639,d08e942e-4f31-4066-94e1-ef5a1ff01ae2,4,the,COMPLETE,HIGH,,1772087490055485184,181.97226524353027,0.0,0.0,0,1772087490197006592,1.0,the,1,19703000000,468.0,0,the,141.521408,-1772087470352.485,-1772087470494.0066,c1b8e29e-10e2-4feb-98e2-7620a65bfab9,1,She walked quickly to the store
486d0acb-fc6a-4de1-9fc3-88d325b2e386,d08e942e-4f31-4066-94e1-ef5a1ff01ae2,5,store,COMPLETE,HIGH,,1772087489159923712,171.74053192138672,0.0,0.0,0,1772087490492104960,1.0,store,1,21766000000,1781.0,0,store,1332.181248,-1772087467393.9236,-1772087468726.105,c1b8e29e-10e2-4feb-98e2-7620a65bfab9,1,She walked quickly to the store
4e6838da-0b66-462a-8b9f-ea3b4025ff64,5725bd24-01b4-4e55-9baa-849d380b8870,0,The,TIMED_OUT,EXCLUDED,Sentence closed before slot completed.,,,,,,,,,,27125000000,484.0,0,the,,,,c1b8e29e-10e2-4feb-98e2-7620a65bfab9,2,The children played outside until the sun set
601e08a9-a485-4c97-8c0f-3153f0b8b9b5,5725bd24-01b4-4e55-9baa-849d380b8870,1,children,COMPLETE,HIGH,,1772087499979931904,161.58246994018555,0.0,0.0,0,,,,,29078000000,1578.0,0,children,,-1772087470901.9321,,c1b8e29e-10e2-4feb-98e2-7620a65bfab9,2,The children played outside until the sun set
b9225ec8-904a-4244-89dc-7a0a965283e4,5725bd24-01b4-4e55-9baa-849d380b8870,2,played,COMPLETE,HIGH,,1772087499463174400,156.81982040405273,0.0,0.0,0,1772087501725581056,1.0,played,1,31610000000,2297.0,2,played,2262.406656,-1772087467853.1743,-1772087470115.5808,c1b8e29e-10e2-4feb-98e2-7620a65bfab9,2,The children played outside until the sun set
1e980d4f-a2a3-46c5-a8db-e3861904745f,5725bd24-01b4-4e55-9baa-849d380b8870,3,outside,COMPLETE,HIGH,,1772087500218844928,180.94491958618164,0.0,0.0,0,1772087501725581056,1.0,outside,1,35078000000,2422.0,1,outside,1506.736128,-1772087465140.845,-1772087466647.5813,c1b8e29e-10e2-4feb-98e2-7620a65bfab9,2,The children played outside until the sun set
d0fd08c8-9d4e-4ec7-b4b7-99377dd8dbcb,5725bd24-01b4-4e55-9baa-849d380b8870,4,until,COMPLETE,HIGH,,1772087502347429888,156.76069259643555,0.0,0.0,0,,,,,37547000000,1172.0,0,until,,-1772087464800.43,,c1b8e29e-10e2-4feb-98e2-7620a65bfab9,2,The children played outside until the sun set
0a7d7c5e-864b-4d7a-8e9b-be93d1880f4d,5725bd24-01b4-4e55-9baa-849d380b8870,5,the,COMPLETE,HIGH,,1772087500734662912,175.34279823303223,0.0,0.0,0,,,,,38828000000,484.0,0,the,,-1772087461906.6628,,c1b8e29e-10e2-4feb-98e2-7620a65bfab9,2,The children played outside until the sun set
32864e9e-b7b8-426d-aa05-2fb49b726e55,5725bd24-01b4-4e55-9baa-849d380b8870,6,sun,COMPLETE,HIGH,,1772087501020096256,180.99546432495117,0.0,0.0,0,,,,,40547000000,844.0,0,sun,,-1772087460473.0962,,c1b8e29e-10e2-4feb-98e2-7620a65bfab9,2,The children played outside until the sun set
857b6dbb-4dd8-46a8-b28d-c15f892c1362,5725bd24-01b4-4e55-9baa-849d380b8870,7,set,COMPLETE,HIGH,,1772087501385931776,163.99788856506348,0.0,0.0,0,,,,,42328000000,1453.0,0,set,,-1772087459057.932,,c1b8e29e-10e2-4feb-98e2-7620a65bfab9,2,The children played outside until the sun set
94eab257-3cbf-42bb-89ed-fccb890c440e,04d736a2-720b-4e43-8331-dddd38630bae,0,Every,TIMED_OUT,EXCLUDED,Sentence closed before slot completed.,,,,,,1772087521167403520,1.0,Every,1,48141000000,1860.0,2,every,,,,c1b8e29e-10e2-4feb-98e2-7620a65bfab9,3,Every morning she read the newspaper before breakfast
fab78bdd-d8fb-45db-a326-5ff8b4a45eb9,04d736a2-720b-4e43-8331-dddd38630bae,1,morning,TIMED_OUT,EXCLUDED,Sentence closed before slot completed.,,,,,,1772087521167403520,1.0,morning,1,50438000000,2032.0,2,morning,,,,c1b8e29e-10e2-4feb-98e2-7620a65bfab9,3,Every morning she read the newspaper before breakfast
817e1a3f-c467-4d3e-9a8b-fcfd22819f8c,04d736a2-720b-4e43-8331-dddd38630bae,2,she,COMPLETE,HIGH,,1772087519902061824,221.12536430358887,0.0,0.0,0,,,,,51531000000,359.0,0,she,,-1772087468371.0618,,c1b8e29e-10e2-4feb-98e2-7620a65bfab9,3,Every morning she read the newspaper before breakfast
cb6555a4-6062-458f-ae67-f32236a29f9b,04d736a2-720b-4e43-8331-dddd38630bae,3,read,COMPLETE,HIGH,,1772087520578803456,194.02146339416504,0.0,0.0,0,,,,,52516000000,797.0,0,read,,-1772087468062.8035,,c1b8e29e-10e2-4feb-98e2-7620a65bfab9,3,Every morning she read the newspaper before breakfast
7164f214-d24b-4ca8-9953-77530c76c174,04d736a2-720b-4e43-8331-dddd38630bae,4,the,COMPLETE,HIGH,,1772087520799356672,167.72890090942383,0.0,0.0,0,1772087522513238784,1.0,the,1,53188000000,407.0,0,the,1713.882112,-1772087467611.3567,-1772087469325.2388,c1b8e29e-10e2-4feb-98e2-7620a65bfab9,3,Every morning she read the newspaper before breakfast
48d0204f-b58b-4ad0-bab3-06915033f46c,04d736a2-720b-4e43-8331-dddd38630bae,5,newspaper,COMPLETE,HIGH,,1772087520991838720,157.86004066467285,0.0,0.0,0,1772087522513238784,1.0,newspaper,1,54969000000,1594.0,0,newspaper,1521.400064,-1772087466022.8389,-1772087467544.2388,c1b8e29e-10e2-4feb-98e2-7620a65bfab9,3,Every morning she read the newspaper before breakfast
2b623391-2fc3-4f80-a943-45da58e4a496,04d736a2-720b-4e43-8331-dddd38630bae,6,before,COMPLETE,HIGH,,1772087521817117184,183.75205993652344,0.0,0.0,0,1772087522989020416,1.0,before,1,56578000000,1406.0,0,before,1171.903232,-1772087465239.1174,-1772087466411.0203,c1b8e29e-10e2-4feb-98e2-7620a65bfab9,3,Every morning she read the newspaper before breakfast
868e2618-a331-4e65-b373-7d32dd75cfdd,04d736a2-720b-4e43-8331-dddd38630bae,7,breakfast,COMPLETE,HIGH,,1772087522052570624,220.74294090270996,0.0,0.0,0,,,,,58703000000,1937.0,0,breakfast,,-1772087463349.5706,,c1b8e29e-10e2-4feb-98e2-7620a65bfab9,3,Every morning she read the newspaper before breakfast
62db96ab-1c8c-48e2-89ef-c07fb68cce3d,5446bc3f-c9bb-40e0-824c-423d2fa1b747,0,The,TIMED_OUT,EXCLUDED,Sentence closed before slot completed.,,,,,,1772087537877656576,1.0,The,1,64203000000,343.0,0,the,,,,c1b8e29e-10e2-4feb-98e2-7620a65bfab9,4,The scientist observed that the plants grew faster in sunlight
e8cebdee-d7ba-4762-86e8-341600823829,5446bc3f-c9bb-40e0-824c-423d2fa1b747,1,scientist,TIMED_OUT,EXCLUDED,Sentence closed before slot completed.,,,,,,,,,,66360000000,1750.0,0,scientist,,,,c1b8e29e-10e2-4feb-98e2-7620a65bfab9,4,The scientist observed that the plants grew faster in sunlight
a8437843-b6f5-477c-acba-541a8be3d5d8,5446bc3f-c9bb-40e0-824c-423d2fa1b747,2,observed,TIMED_OUT,EXCLUDED,Sentence closed before slot completed.,,,,,,,,,,69922000000,3344.0,0,ibserved,,,,c1b8e29e-10e2-4feb-98e2-7620a65bfab9,4,The scientist observed that the plants grew faster in sunlight
aae6e219-f9cb-4b2a-9eef-d9427616fd19,5446bc3f-c9bb-40e0-824c-423d2fa1b747,3,that,COMPLETE,HIGH,,1772087536384360448,171.1113452911377,0.0,0.0,0,1772087539081999616,1.0,that,1,70813000000,563.0,0,that,2697.639168,-1772087465571.3606,-1772087468268.9998,c1b8e29e-10e2-4feb-98e2-7620a65bfab9,4,The scientist observed that the plants grew faster in sunlight
01ac0255-63c1-4938-9b20-c29d6c16f7ea,5446bc3f-c9bb-40e0-824c-423d2fa1b747,4,the,COMPLETE,HIGH,,1772087537382060032,160.40921211242676,0.0,0.0,0,,,,,71594000000,563.0,0,the,,-1772087465788.06,,c1b8e29e-10e2-4feb-98e2-7620a65bfab9,4,The scientist observed that the plants grew faster in sunlight
9a757ce1-1303-41bc-a8a8-6fcfa8e282e5,5446bc3f-c9bb-40e0-824c-423d2fa1b747,5,plants,COMPLETE,HIGH,,1772087540345861888,219.6516990661621,0.0,0.0,0,1772087539633680128,0.7692307692307693,plants,0.7692307692307693,73047000000,969.0,0,plants,-712.18176,-1772087467298.8618,-1772087466586.6802,c1b8e29e-10e2-4feb-98e2-7620a65bfab9,4,The scientist observed that the plants grew faster in sunlight
4a6e44f2-3c46-4210-9d9d-36176e036bd2,5446bc3f-c9bb-40e0-824c-423d2fa1b747,6,grew,COMPLETE,HIGH,,1772087538310557696,167.06109046936035,0.0,0.0,0,,,,,74703000000,1343.0,0,grew,,-1772087463607.5576,,c1b8e29e-10e2-4feb-98e2-7620a65bfab9,4,The scientist observed that the plants grew faster in sunlight
696ce07f-bc19-487f-9a08-05b4f3b440a7,5446bc3f-c9bb-40e0-824c-423d2fa1b747,7,faster,COMPLETE,HIGH,,1772087538532620288,160.18128395080566,0.0,0.0,0,,,,,76250000000,1125.0,0,faster,,-1772087462282.6204,,c1b8e29e-10e2-4feb-98e2-7620a65bfab9,4,The scientist observed that the plants grew faster in sunlight
41f5403b-2cdb-4d16-941f-8e4b3425ff0d,5446bc3f-c9bb-40e0-824c-423d2fa1b747,8,in,COMPLETE,HIGH,,1772087539402594816,162.75835037231445,0.0,0.0,0,,,,,77500000000,1047.0,0,in,,-1772087461902.5947,,c1b8e29e-10e2-4feb-98e2-7620a65bfab9,4,The scientist observed that the plants grew faster in sunlight
df2d2fae-5403-4713-bc1f-3089e4dcf398,5446bc3f-c9bb-40e0-824c-423d2fa1b747,9,sunlight,TIMED_OUT,EXCLUDED,Sentence closed before slot completed.,,,,,,1772087540644016896,1.0,sunlight,1,80016000000,2360.0,0,sunlight,,,,c1b8e29e-10e2-4feb-98e2-7620a65bfab9,4,The scientist observed that the plants grew faster in sunlight
39dad9b4-f208-4c7b-a5ae-d6314664b87f,a8367210-d5f1-4fda-bc49-dba73cd1a7fb,0,After,TIMED_OUT,EXCLUDED,Sentence closed before slot completed.,,,,,,1772087559043898112,1.0,After,1,86047000000,1391.0,0,after,,,,c1b8e29e-10e2-4feb-98e2-7620a65bfab9,5,After the storm the streets were covered with fallen leaves
eb4e1978-812c-4571-9a62-ecde67b43094,a8367210-d5f1-4fda-bc49-dba73cd1a7fb,1,the,COMPLETE,HIGH,,1772087561739884288,190.1414394378662,0.0,0.0,0,1772087559290953472,1.0,the,1,86797000000,359.0,0,the,-2448.930816,-1772087474942.8843,-1772087472493.9536,c1b8e29e-10e2-4feb-98e2-7620a65bfab9,5,After the storm the streets were covered with fallen leaves
9cfe101f-368f-45cb-80cb-1485a1c7c7b1,a8367210-d5f1-4fda-bc49-dba73cd1a7fb,2,storm,TIMED_OUT,EXCLUDED,Sentence closed before slot completed.,,,,,,,,,,87844000000,922.0,0,storm,,,,c1b8e29e-10e2-4feb-98e2-7620a65bfab9,5,After the storm the streets were covered with fallen leaves
c865829a-ab84-45d2-8d94-daeda61e1d03,a8367210-d5f1-4fda-bc49-dba73cd1a7fb,3,the,COMPLETE,HIGH,,1772087557602805248,159.22069549560547,0.0,0.0,0,,,,,88578000000,422.0,0,the,,-1772087469024.8054,,c1b8e29e-10e2-4feb-98e2-7620a65bfab9,5,After the storm the streets were covered with fallen leaves
48beb2ed-0ea8-4f33-b884-7634fa4ab33c,a8367210-d5f1-4fda-bc49-dba73cd1a7fb,4,streets,COMPLETE,HIGH,,1772087559333747712,178.63774299621582,0.0,0.0,0,1772087560874106112,1.0,streets,1,91094000000,1984.0,0,strewts,1540.3584,-1772087468239.7476,-1772087469780.1062,c1b8e29e-10e2-4feb-98e2-7620a65bfab9,5,After the storm the streets were covered with fallen leaves
8a14d197-48fb-4e36-bd52-5c66248e00a3,a8367210-d5f1-4fda-bc49-dba73cd1a7fb,5,were,COMPLETE,HIGH,,1772087558801818112,158.01334381103516,0.0,0.0,0,1772087561101291008,1.0,were,1,92531000000,921.0,0,were,2299.472896,-1772087466270.818,-1772087468570.291,c1b8e29e-10e2-4feb-98e2-7620a65bfab9,5,After the storm the streets were covered with fallen leaves
ba182b1b-494f-422b-b6d8-f120505f1e07,a8367210-d5f1-4fda-bc49-dba73cd1a7fb,6,covered,COMPLETE,HIGH,,1772087559845133568,165.03143310546875,0.0,0.0,0,1772087561354046976,1.0,covered,1,94047000000,1312.0,0,covered,1508.913408,-1772087465798.1335,-1772087467307.0469,c1b8e29e-10e2-4feb-98e2-7620a65bfab9,5,After the storm the streets were covered with fallen leaves
5bd8bd18-7f80-4463-bbfe-c7980f5ea554,a8367210-d5f1-4fda-bc49-dba73cd1a7fb,7,with,TIMED_OUT,EXCLUDED,Sentence closed before slot completed.,,,,,,1772087561354046976,1.0,with,1,94578000000,343.0,0,in,,,,c1b8e29e-10e2-4feb-98e2-7620a65bfab9,5,After the storm the streets were covered with fallen leaves
f4467962-c2b1-4ecd-ad55-e5c88b36d043,a8367210-d5f1-4fda-bc49-dba73cd1a7fb,8,fallen,TIMED_OUT,EXCLUDED,Sentence closed before slot completed.,,,,,,,,,,95672000000,937.0,0,falled,,,,c1b8e29e-10e2-4feb-98e2-7620a65bfab9,5,After the storm the streets were covered with fallen leaves
e3f63460-bac3-4cb9-8df2-784b97cf7d1c,a8367210-d5f1-4fda-bc49-dba73cd1a7fb,9,leaves,TIMED_OUT,EXCLUDED,Sentence closed before slot completed.,,,,,,,,,,97953000000,2078.0,0,leaves,,,,c1b8e29e-10e2-4feb-98e2-7620a65bfab9,5,After the storm the streets were covered with fallen leaves
184b4621-5f83-48e0-9b64-aa2019071103,16bd0619-b453-43e5-bf85-af913c4c9f1a,0,The,TIMED_OUT,EXCLUDED,Sentence closed before slot completed.,,,,,,1772087577225443584,1.0,The,1,106672000000,328.0,0,the,,,,c1b8e29e-10e2-4feb-98e2-7620a65bfab9,6,The museum displayed artifacts from ancient civilizations around the world
e32c7931-c141-4e38-aebb-be56afe01578,16bd0619-b453-43e5-bf85-af913c4c9f1a,1,museum,TIMED_OUT,EXCLUDED,Sentence closed before slot completed.,,,,,,1772087577489924096,1.0,museum,1,109156000000,1906.0,0,museum,,,,c1b8e29e-10e2-4feb-98e2-7620a65bfab9,6,The museum displayed artifacts from ancient civilizations around the world
c79cdc1e-106d-4ad7-8990-849dd80f3a19,16bd0619-b453-43e5-bf85-af913c4c9f1a,2,displayed,COMPLETE,HIGH,,1772087576055687424,156.66437149047852,0.0,0.0,0,,,,,110953000000,1547.0,0,displayed,,-1772087465102.6875,,c1b8e29e-10e2-4feb-98e2-7620a65bfab9,6,The museum displayed artifacts from ancient civilizations around the world
92d39e6c-364b-46ac-8e43-0222f929e407,16bd0619-b453-43e5-bf85-af913c4c9f1a,3,artifacts,COMPLETE,HIGH,,1772087576313560832,156.3267707824707,0.0,0.0,0,1772087578491459328,1.0,artifacts,1,113406000000,1843.0,0,artifacts,2177.898496,-1772087462907.561,-1772087465085.4595,c1b8e29e-10e2-4feb-98e2-7620a65bfab9,6,The museum displayed artifacts from ancient civilizations around the world
76c1a0bd-991a-46d2-afe2-fe97f90a418e,16bd0619-b453-43e5-bf85-af913c4c9f1a,4,from,COMPLETE,HIGH,,1772087586389933568,184.19575691223145,0.0,0.0,0,1772087578770102016,1.0,from,1,115141000000,625.0,0,from,-7619.831552,-1772087471248.9336,-1772087463629.102,c1b8e29e-10e2-4feb-98e2-7620a65bfab9,6,The museum displayed artifacts from ancient civilizations around the world
f2f1a189-ca20-4458-afca-0c23b1b74856,16bd0619-b453-43e5-bf85-af913c4c9f1a,5,ancient,COMPLETE,HIGH,,1772087576996444416,207.0467472076416,0.0,0.0,0,,,,,117078000000,1203.0,0,ancient,,-1772087459918.4446,,c1b8e29e-10e2-4feb-98e2-7620a65bfab9,6,The museum displayed artifacts from ancient civilizations around the world
8d779bf8-3f4d-4c46-a911-acc1fd57e9cf,16bd0619-b453-43e5-bf85-af913c4c9f1a,6,civilizations,COMPLETE,HIGH,,1772087578259481856,154.19363975524902,0.0,0.0,0,,,,,123844000000,5234.0,0,civilisations,,-1772087454415.482,,c1b8e29e-10e2-4feb-98e2-7620a65bfab9,6,The museum displayed artifacts from ancient civilizations around the world
424f9da9-387b-42ff-8dd6-7e3bb1f98a13,16bd0619-b453-43e5-bf85-af913c4c9f1a,7,around,COMPLETE,HIGH,,1772087579153850112,156.19325637817383,0.0,0.0,0,1772087581344843264,1.0,around,1,126750000000,1906.0,0,around,2190.993152,-1772087452403.8503,-1772087454594.843,c1b8e29e-10e2-4feb-98e2-7620a65bfab9,6,The museum displayed artifacts from ancient civilizations around the world
77a625c0-5462-454b-8fef-429ac69ec8f6,16bd0619-b453-43e5-bf85-af913c4c9f1a,8,the,COMPLETE,HIGH,,1772087580672533760,228.37018966674805,0.0,0.0,0,,,,,129250000000,1328.0,0,th,,-1772087451422.5337,,c1b8e29e-10e2-4feb-98e2-7620a65bfab9,6,The museum displayed artifacts from ancient civilizations around the world
04ab0e63-9d3a-4054-8c97-2447bc90166c,16bd0619-b453-43e5-bf85-af913c4c9f1a,9,world,COMPLETE,HIGH,,1772087607470139136,156.07929229736328,0.0,0.0,0,1772087581570080768,1.0,world,1,133860000000,3204.0,0,world,-25900.058368,-1772087473610.1392,-1772087447710.0808,c1b8e29e-10e2-4feb-98e2-7620a65bfab9,6,The museum displayed artifacts from ancient civilizations around the world
1ad6414b-cec7-48c4-99c2-7efe35c63e41,687cc619-c74c-489a-9f28-2089c2dd0302,0,During,TIMED_OUT,EXCLUDED,Sentence closed before slot completed.,,,,,,1772087613050050560,1.0,During,1,139578000000,797.0,0,during,,,,c1b8e29e-10e2-4feb-98e2-7620a65bfab9,7,During the summer holidays they traveled to several different countries
ee741a3a-ed07-489c-8347-0cbad321b72a,687cc619-c74c-489a-9f28-2089c2dd0302,1,the,COMPLETE,HIGH,,1772087615793697024,205.67560195922852,0.0,0.0,0,1772087613318411008,1.0,the,1,140141000000,391.0,0,the,-2475.286016,-1772087475652.697,-1772087473177.4111,c1b8e29e-10e2-4feb-98e2-7620a65bfab9,7,During the summer holidays they traveled to several different countries
43b2b0a4-760e-4e51-8ea3-1744355b3d5d,687cc619-c74c-489a-9f28-2089c2dd0302,2,summer,COMPLETE,HIGH,,1772087611971429888,158.54954719543457,0.0,0.0,0,1772087613560182272,1.0,summer,1,141594000000,922.0,0,summer,1588.752384,-1772087470377.43,-1772087471966.1824,c1b8e29e-10e2-4feb-98e2-7620a65bfab9,7,During the summer holidays they traveled to several different countries
b3d02563-2b82-4bca-b412-8f1b5d8d1db5,687cc619-c74c-489a-9f28-2089c2dd0302,3,holidays,COMPLETE,HIGH,,1772087612231543296,150.4342555999756,0.0,0.0,0,,,,,144094000000,2266.0,0,holidays,,-1772087468137.5432,,c1b8e29e-10e2-4feb-98e2-7620a65bfab9,7,During the summer holidays they traveled to several different countries
7351dc52-124a-4b93-b578-7430cdc5fe1d,687cc619-c74c-489a-9f28-2089c2dd0302,4,they,COMPLETE,HIGH,,1772087612809848320,160.30454635620117,0.0,0.0,0,,,,,145719000000,750.0,0,they,,-1772087467090.8481,,c1b8e29e-10e2-4feb-98e2-7620a65bfab9,7,During the summer holidays they traveled to several different countries
76352399-c136-491b-ad1b-53658ab59a91,687cc619-c74c-489a-9f28-2089c2dd0302,5,traveled,COMPLETE,HIGH,,1772087616054024704,158.2019329071045,0.0,0.0,0,,,,,148235000000,2032.0,0,traveled,,-1772087467819.0247,,c1b8e29e-10e2-4feb-98e2-7620a65bfab9,7,During the summer holidays they traveled to several different countries
abd89b17-2f3f-494e-90d1-263f4a5022e2,687cc619-c74c-489a-9f28-2089c2dd0302,6,to,COMPLETE,HIGH,,1772087613202303744,181.23841285705566,0.0,0.0,0,1772087614862457344,1.0,to,1,150016000000,922.0,0,to,1660.1536,-1772087463186.3037,-1772087464846.4573,c1b8e29e-10e2-4feb-98e2-7620a65bfab9,7,During the summer holidays they traveled to several different countries
f3633cc1-077e-4ae9-b077-b93e3d0431d5,687cc619-c74c-489a-9f28-2089c2dd0302,7,several,COMPLETE,HIGH,,1772087614179813632,164.28232192993164,0.0,0.0,0,1772087615359806208,1.0,several,1,151563000000,1407.0,0,several,1179.992576,-1772087462616.8135,-1772087463796.8062,c1b8e29e-10e2-4feb-98e2-7620a65bfab9,7,During the summer holidays they traveled to several different countries
d8683ab4-cf69-4967-970c-3f2f3fed88a0,687cc619-c74c-489a-9f28-2089c2dd0302,8,different,COMPLETE,HIGH,,1772087611513244416,190.3846263885498,0.0,0.0,0,1772087615359806208,1.0,different,1,154531000000,1578.0,0,different,3846.561792,-1772087456982.2444,-1772087460828.8062,c1b8e29e-10e2-4feb-98e2-7620a65bfab9,7,During the summer holidays they traveled to several different countries
d36db79e-92bb-479f-8800-159ab49ee9d6,687cc619-c74c-489a-9f28-2089c2dd0302,9,countries,TIMED_OUT,EXCLUDED,Sentence closed before slot completed.,,,,,,1772087615629366272,1.0,countries,1,158313000000,2875.0,0,countries,,,,c1b8e29e-10e2-4feb-98e2-7620a65bfab9,7,During the summer holidays they traveled to several different countries
c7f32992-6868-457b-a42c-207d24eddf35,71b63ffe-117f-482a-a943-3086805652c4,0,The,TIMED_OUT,EXCLUDED,Sentence closed before slot completed.,,,,,,1772087637891661056,1.0,The,1,167563000000,1094.0,0,th,,,,c1b8e29e-10e2-4feb-98e2-7620a65bfab9,8,The engineer carefully examined the bridge structure before approving the design
16875d27-a9fa-469a-a764-a48b19a75201,71b63ffe-117f-482a-a943-3086805652c4,1,engineer,TIMED_OUT,EXCLUDED,Sentence closed before slot completed.,,,,,,1772087638136218624,0.8888888888888888,engineer,0.8888888888888888,,,,,,,,c1b8e29e-10e2-4feb-98e2-7620a65bfab9,8,The engineer carefully examined the bridge structure before approving the design
04331dd4-e094-401d-be77-b1817ad7924b,71b63ffe-117f-482a-a943-3086805652c4,2,carefully,TIMED_OUT,EXCLUDED,Sentence closed before slot completed.,,,,,,,,,,,,,,,,,c1b8e29e-10e2-4feb-98e2-7620a65bfab9,8,The engineer carefully examined the bridge structure before approving the design
1130b433-6967-4f1a-812f-1ab9c4684888,71b63ffe-117f-482a-a943-3086805652c4,3,examined,COMPLETE,HIGH,,1772087636421390080,194.64492797851562,0.0,0.0,0,1772087639419728128,0.9333333333333333,examined,0.9333333333333333,,,,,2998.338048,,,c1b8e29e-10e2-4feb-98e2-7620a65bfab9,8,The engineer carefully examined the bridge structure before approving the design
a8150a3e-cbb7-4593-88ce-688db8187a17,71b63ffe-117f-482a-a943-3086805652c4,4,the,TIMED_OUT,DEGRADED,,1772087637131237888,158.55002403259277,0.0,0.0,0,,,,,,,,,,,,c1b8e29e-10e2-4feb-98e2-7620a65bfab9,8,The engineer carefully examined the bridge structure before approving the design
4ef7ea7d-d08d-4822-83a5-13226ffa1ed0,71b63ffe-117f-482a-a943-3086805652c4,5,bridge,TIMED_OUT,DEGRADED,,1772087637323926784,180.93276023864746,0.0,0.0,0,,,,,,,,,,,,c1b8e29e-10e2-4feb-98e2-7620a65bfab9,8,The engineer carefully examined the bridge structure before approving the design
808dcfdf-16d5-4e64-9061-8fe32f5f6fa6,71b63ffe-117f-482a-a943-3086805652c4,6,structure,COMPLETE,HIGH,,1772087639389670400,177.21986770629883,0.0,0.0,0,1772087641219989248,0.9473684210526315,structure,0.9473684210526315,,,,,1830.318848,,,c1b8e29e-10e2-4feb-98e2-7620a65bfab9,8,The engineer carefully examined the bridge structure before approving the design
6af8af0a-e8cb-4b29-aea4-09f4cac3694b,71b63ffe-117f-482a-a943-3086805652c4,7,before,COMPLETE,HIGH,,1772087639162488320,186.02633476257324,0.0,0.0,0,1772087641719905024,1.0,before,1,,,,,2557.416704,,,c1b8e29e-10e2-4feb-98e2-7620a65bfab9,8,The engineer carefully examined the bridge structure before approving the design
13b59c3f-adad-498a-bb98-e23d61a91bf6,71b63ffe-117f-482a-a943-3086805652c4,8,approving,COMPLETE,HIGH,,1772087642749049600,176.55181884765625,0.0,0.0,0,1772087642257361664,1.0,approving,1,,,,,-491.687936,,,c1b8e29e-10e2-4feb-98e2-7620a65bfab9,8,The engineer carefully examined the bridge structure before approving the design
5943db22-4953-4f24-aeb1-a26974cc18b6,71b63ffe-117f-482a-a943-3086805652c4,9,the,TIMED_OUT,DEGRADED,,1772087636107161856,214.22171592712402,0.0,0.0,0,,,,,,,,,,,,c1b8e29e-10e2-4feb-98e2-7620a65bfab9,8,The engineer carefully examined the bridge structure before approving the design
e20d7666-74bc-4f23-afed-e29bbd44a0ab,71b63ffe-117f-482a-a943-3086805652c4,10,design,TIMED_OUT,DEGRADED,,1772087635874020096,197.6640224456787,0.0,0.0,0,,,,,,,,,,,,c1b8e29e-10e2-4feb-98e2-7620a65bfab9,8,The engineer carefully examined the bridge structure before approving the design
fed5b1f9-33f4-47ba-a8c7-ee38ffb7edbd,5fcc3a72-f9f7-479a-92c5-845998a8c25c,0,She,COMPLETE,HIGH,,1772087651739878400,162.1713638305664,0.0,0.0,0,,,,,176031000000,1296.0,0,sh,,-1772087475708.8784,,c1b8e29e-10e2-4feb-98e2-7620a65bfab9,9,She discovered that consistent practice significantly improved her reading speed
00447a92-04d9-448d-bb1a-34e0440c5ca5,5fcc3a72-f9f7-479a-92c5-845998a8c25c,1,discovered,TIMED_OUT,EXCLUDED,Sentence closed before slot completed.,,,,,,1772087648899883008,0.8888888888888888,discovered,0.8888888888888888,179688000000,2641.0,0,discovered,,,,c1b8e29e-10e2-4feb-98e2-7620a65bfab9,9,She discovered that consistent practice significantly improved her reading speed
7a5c090f-9923-46e5-9723-0583d13cad42,5fcc3a72-f9f7-479a-92c5-845998a8c25c,2,that,COMPLETE,HIGH,,1772087645177070592,170.31431198120117,0.0,0.0,0,1772087648899883008,1.0,that,1,181594000000,875.0,0,that,3722.812416,-1772087463583.0708,-1772087467305.883,c1b8e29e-10e2-4feb-98e2-7620a65bfab9,9,She discovered that consistent practice significantly improved her reading speed
1801558c-17cc-463f-ab8e-1d218a8b9fcf,5fcc3a72-f9f7-479a-92c5-845998a8c25c,3,consistent,COMPLETE,HIGH,,1772087645722861312,150.29096603393555,0.0,0.0,0,1772087649400059136,1.0,consistent,1,185485000000,3032.0,0,consistent,3677.197824,-1772087460237.8613,-1772087463915.059,c1b8e29e-10e2-4feb-98e2-7620a65bfab9,9,She discovered that consistent practice significantly improved her reading speed
e26d932a-2f84-4cb1-b7f7-ba3b5a6979f4,5fcc3a72-f9f7-479a-92c5-845998a8c25c,4,practice,COMPLETE,HIGH,,1772087647537348608,152.8480052947998,0.0,0.0,0,,,,,188735000000,1907.0,0,practice,,-1772087458802.3486,,c1b8e29e-10e2-4feb-98e2-7620a65bfab9,9,She discovered that consistent practice significantly improved her reading speed
386f4bbd-f025-467f-bebf-a6b9602c30f6,5fcc3a72-f9f7-479a-92c5-845998a8c25c,5,significantly,COMPLETE,HIGH,,1772087647774781184,159.42716598510742,0.0,0.0,0,1772087650688116992,1.0,significantly,1,196844000000,5156.0,1,significantly,2913.335808,-1772087450930.7812,-1772087453844.117,c1b8e29e-10e2-4feb-98e2-7620a65bfab9,9,She discovered that consistent practice significantly improved her reading speed
6d5c0e19-d233-46cc-b295-6d7f559794c9,5fcc3a72-f9f7-479a-92c5-845998a8c25c,6,improved,COMPLETE,HIGH,,1772087649209936640,164.3238067626953,0.0,0.0,0,1772087651200239104,1.0,improved,1,201078000000,3031.0,0,imporved,1990.302464,-1772087448131.9368,-1772087450122.239,c1b8e29e-10e2-4feb-98e2-7620a65bfab9,9,She discovered that consistent practice significantly improved her reading speed
c22848e6-23b9-467c-9ce0-a9921eb852c0,5fcc3a72-f9f7-479a-92c5-845998a8c25c,7,her,COMPLETE,HIGH,,1772087650174889472,155.08294105529785,0.0,0.0,0,,,,,203781000000,437.0,0,her,,-1772087446393.8896,,c1b8e29e-10e2-4feb-98e2-7620a65bfab9,9,She discovered that consistent practice significantly improved her reading speed
55bb75ee-014d-42da-a958-4274b8941ddd,5fcc3a72-f9f7-479a-92c5-845998a8c25c,8,reading,COMPLETE,HIGH,,1772087684849908480,230.10540008544922,0.0,0.0,0,1772087651730146304,0.7142857142857143,reading,0.7142857142857143,205156000000,1218.0,0,reading,-33119.762176,-1772087479693.9084,-1772087446574.1462,c1b8e29e-10e2-4feb-98e2-7620a65bfab9,9,She discovered that consistent practice significantly improved her reading speed
1c19bbc6-3d32-473c-9347-7260598e1b9c,5fcc3a72-f9f7-479a-92c5-845998a8c25c,9,speed,TIMED_OUT,EXCLUDED,Sentence closed before slot completed.,,,,,,1772087651970042880,1.0,speed,1,208485000000,2985.0,1,speed,,,,c1b8e29e-10e2-4feb-98e2-7620a65bfab9,9,She discovered that consistent practice significantly improved her reading speed
eec909b3-e45d-47ab-845b-42553a99b891,541d772e-bc1e-4d0f-94e4-8bf6ebe457fe,0,The,TIMED_OUT,EXCLUDED,Sentence closed before slot completed.,,,,,,1772087690622838272,1.0,The,1,219156000000,343.0,0,the,,,,c1b8e29e-10e2-4feb-98e2-7620a65bfab9,10,The local government proposed constructing a new library in the town center
88e0a61e-667c-4fe1-83e8-7d85752d6804,541d772e-bc1e-4d0f-94e4-8bf6ebe457fe,1,local,TIMED_OUT,EXCLUDED,Sentence closed before slot completed.,,,,,,1772087690910045440,1.0,local,1,220516000000,766.0,0,local,,,,c1b8e29e-10e2-4feb-98e2-7620a65bfab9,10,The local government proposed constructing a new library in the town center
4490c4f2-9fc8-47a6-8240-0338a16162af,541d772e-bc1e-4d0f-94e4-8bf6ebe457fe,2,government,TIMED_OUT,EXCLUDED,Sentence closed before slot completed.,,,,,,1772087691400036096,1.0,government,1,223938000000,2969.0,1,government,,,,c1b8e29e-10e2-4feb-98e2-7620a65bfab9,10,The local government proposed constructing a new library in the town center
5c531ea5-88d9-4d6e-8c47-534ecec99295,541d772e-bc1e-4d0f-94e4-8bf6ebe457fe,3,proposed,COMPLETE,HIGH,,1772087689030065152,198.01998138427734,0.0,0.0,0,,,,,225969000000,1516.0,0,proposed,,-1772087463061.0652,,c1b8e29e-10e2-4feb-98e2-7620a65bfab9,10,The local government proposed constructing a new library in the town center
63d8a98d-39d6-483c-b03d-aa09c88d662e,541d772e-bc1e-4d0f-94e4-8bf6ebe457fe,4,constructing,COMPLETE,HIGH,,1772087688542001408,181.30254745483398,0.0,0.0,0,1772087692924640512,0.7,constructing,0.7,229406000000,2953.0,0,consturvtinh,4382.639104,-1772087459136.0015,-1772087463518.6406,c1b8e29e-10e2-4feb-98e2-7620a65bfab9,10,The local government proposed constructing a new library in the town center
1393dc8e-b790-45f3-9c7d-9034a014b89d,541d772e-bc1e-4d0f-94e4-8bf6ebe457fe,5,a,COMPLETE,HIGH,,1772087689855486464,177.17623710632324,0.0,0.0,0,1772087692924640512,1.0,a,1,230094000000,188.0,0,a,3069.154048,-1772087459761.4863,-1772087462830.6406,c1b8e29e-10e2-4feb-98e2-7620a65bfab9,10,The local government proposed constructing a new library in the town center
58a0ddf6-2b84-4059-b329-ec872e8f2641,541d772e-bc1e-4d0f-94e4-8bf6ebe457fe,6,new,COMPLETE,HIGH,,1772087690413438464,178.67136001586914,0.0,0.0,0,1772087692924640512,1.0,new,1,230797000000,516.0,0,new,2511.202048,-1772087459616.4385,-1772087462127.6406,c1b8e29e-10e2-4feb-98e2-7620a65bfab9,10,The local government proposed constructing a new library in the town center
df584332-4a0d-49d8-8ab2-cbb177a69d65,541d772e-bc1e-4d0f-94e4-8bf6ebe457fe,7,library,COMPLETE,HIGH,,1772087690126957568,170.41969299316406,0.0,0.0,0,1772087693176130304,1.0,library,1,233344000000,1594.0,0,library,3049.172736,-1772087456782.9575,-1772087459832.1304,c1b8e29e-10e2-4feb-98e2-7620a65bfab9,10,The local government proposed constructing a new library in the town center
91ecb85d-c3e5-46c7-b80e-525dcd7a220e,541d772e-bc1e-4d0f-94e4-8bf6ebe457fe,8,in,COMPLETE,HIGH,,1772087691554637312,164.97135162353516,0.0,0.0,0,1772087693689879808,1.0,in,1,234578000000,343.0,0,in,2135.242496,-1772087456976.6375,-1772087459111.8796,c1b8e29e-10e2-4feb-98e2-7620a65bfab9,10,The local government proposed constructing a new library in the town center
191b2658-6e0c-4679-a19d-4862bdcb4fa6,541d772e-bc1e-4d0f-94e4-8bf6ebe457fe,9,the,COMPLETE,HIGH,,1772087692679798528,166.91207885742188,0.0,0.0,0,,,,,235031000000,406.0,0,the,,-1772087457648.7986,,c1b8e29e-10e2-4feb-98e2-7620a65bfab9,10,The local government proposed constructing a new library in the town center
3f10ea09-63ee-4b9f-852a-61d6d005da52,541d772e-bc1e-4d0f-94e4-8bf6ebe457fe,10,town,COMPLETE,HIGH,,1772087693957112576,163.1319522857666,0.0,0.0,0,1772087694209814016,0.8888888888888888,town,0.8888888888888888,236078000000,781.0,0,town,252.70144,-1772087457879.1128,-1772087458131.814,c1b8e29e-10e2-4feb-98e2-7620a65bfab9,10,The local government proposed constructing a new library in the town center
d6f1d7ce-92fc-4b68-a45a-d2e56c510955,541d772e-bc1e-4d0f-94e4-8bf6ebe457fe,11,center,COMPLETE,HIGH,,1772087694184755456,150.526762008667,0.0,0.0,0,1772087694698826496,0.8333333333333334,center,0.8333333333333334,239172000000,2859.0,1,center,514.07104,-1772087455012.7554,-1772087455526.8264,c1b8e29e-10e2-4feb-98e2-7620a65bfab9,10,The local government proposed constructing a new library in the town center
8ff0abab-27fa-46a0-a974-30b451a5db85,b2279659-0260-4b51-bc0e-b0b7241f1cbc,0,Research,TIMED_OUT,EXCLUDED,Sentence closed before slot completed.,,,,,,,,,,247578000000,1375.0,0,research,,,,c1b8e29e-10e2-4feb-98e2-7620a65bfab9,11,Research has demonstrated that bilingual children often develop stronger cognitive flexibility
44df8edc-5d5e-4915-adce-117f75a04533,e4c23a39-1bde-47b3-ad5c-697a8538975a,0,Research,TIMED_OUT,EXCLUDED,Sentence closed before slot completed.,,,,,,,,,,247578000000,1375.0,0,research,,,,c1b8e29e-10e2-4feb-98e2-7620a65bfab9,11,Research has demonstrated that bilingual children often develop stronger cognitive flexibility
6dc2fbd3-7a87-461f-8032-5a51f3c3e604,b2279659-0260-4b51-bc0e-b0b7241f1cbc,1,has,TIMED_OUT,EXCLUDED,Sentence closed before slot completed.,,,,,,,,,,248891000000,328.0,0,has,,,,c1b8e29e-10e2-4feb-98e2-7620a65bfab9,11,Research has demonstrated that bilingual children often develop stronger cognitive flexibility
1e1c570e-84eb-48b5-83cb-bcc124fdcc9e,e4c23a39-1bde-47b3-ad5c-697a8538975a,1,has,TIMED_OUT,EXCLUDED,Sentence closed before slot completed.,,,,,,,,,,248891000000,328.0,0,has,,,,c1b8e29e-10e2-4feb-98e2-7620a65bfab9,11,Research has demonstrated that bilingual children often develop stronger cognitive flexibility
c2e2968b-d3e9-4428-ba29-5a20c1868a14,b2279659-0260-4b51-bc0e-b0b7241f1cbc,2,demonstrated,TIMED_OUT,EXCLUDED,Sentence closed before slot completed.,,,,,,,,,,250828000000,1750.0,0,demonstrated,,,,c1b8e29e-10e2-4feb-98e2-7620a65bfab9,11,Research has demonstrated that bilingual children often develop stronger cognitive flexibility
fb8909c2-e74e-4209-a978-21e5efbddb84,e4c23a39-1bde-47b3-ad5c-697a8538975a,2,demonstrated,TIMED_OUT,EXCLUDED,Sentence closed before slot completed.,,,,,,,,,,250828000000,1750.0,0,demonstrated,,,,c1b8e29e-10e2-4feb-98e2-7620a65bfab9,11,Research has demonstrated that bilingual children often develop stronger cognitive flexibility
f0aaf714-d8e4-42d0-ae9a-dfe416ee93ce,b2279659-0260-4b51-bc0e-b0b7241f1cbc,3,that,COMPLETE,HIGH,,1772087717189602304,166.58782958984375,0.0,0.0,0,1772087719053276672,1.0,that,1,253547000000,1625.0,2,that,1863.674368,-1772087463642.6023,-1772087465506.2766,c1b8e29e-10e2-4feb-98e2-7620a65bfab9,11,Research has demonstrated that bilingual children often develop stronger cognitive flexibility
a830d103-183c-4535-b9eb-a5b9c16cef2d,e4c23a39-1bde-47b3-ad5c-697a8538975a,3,that,COMPLETE,HIGH,,1772087717189602304,166.58782958984375,0.0,0.0,0,1772087719053276672,1.0,that,1,253547000000,1625.0,2,that,1863.674368,-1772087463642.6023,-1772087465506.2766,c1b8e29e-10e2-4feb-98e2-7620a65bfab9,11,Research has demonstrated that bilingual children often develop stronger cognitive flexibility
40220692-62cd-4c0c-b567-bea5fcf2e71f,b2279659-0260-4b51-bc0e-b0b7241f1cbc,4,bilingual,COMPLETE,HIGH,,1772087716868556032,221.19522094726562,0.0,0.0,0,1772087719567877632,1.0,bilingual,1,258625000000,4719.0,5,bilingual,2699.3216,-1772087458243.5562,-1772087460942.8777,c1b8e29e-10e2-4feb-98e2-7620a65bfab9,11,Research has demonstrated that bilingual children often develop stronger cognitive flexibility
75b322dc-09f7-4649-b321-9a4226d665c2,e4c23a39-1bde-47b3-ad5c-697a8538975a,4,bilingual,COMPLETE,HIGH,,1772087716868556032,221.19522094726562,0.0,0.0,0,1772087719567877632,1.0,bilingual,1,258625000000,4719.0,5,bilingual,2699.3216,-1772087458243.5562,-1772087460942.8777,c1b8e29e-10e2-4feb-98e2-7620a65bfab9,11,Research has demonstrated that bilingual children often develop stronger cognitive flexibility
f880f840-7170-49e1-95f6-b66db06c54e1,b2279659-0260-4b51-bc0e-b0b7241f1cbc,5,children,COMPLETE,HIGH,,1772087718631911936,169.92783546447754,0.0,0.0,0,1772087720320023552,1.0,children,1,261610000000,2172.0,0,children,1688.111616,-1772087457021.912,-1772087458710.0237,c1b8e29e-10e2-4feb-98e2-7620a65bfab9,11,Research has demonstrated that bilingual children often develop stronger cognitive flexibility
a5aca72f-8654-45f8-ad21-5354b0f5e75e,e4c23a39-1bde-47b3-ad5c-697a8538975a,5,children,COMPLETE,HIGH,,1772087718631911936,169.92783546447754,0.0,0.0,0,1772087720320023552,1.0,children,1,261610000000,2172.0,0,children,1688.111616,-1772087457021.912,-1772087458710.0237,c1b8e29e-10e2-4feb-98e2-7620a65bfab9,11,Research has demonstrated that bilingual children often develop stronger cognitive flexibility
3604f11a-42f1-4013-9408-e7e5567e4628,b2279659-0260-4b51-bc0e-b0b7241f1cbc,6,often,COMPLETE,HIGH,,1772087719179838464,181.3037395477295,0.0,0.0,0,1772087721091936768,1.0,often,1,262906000000,937.0,0,often,1912.098304,-1772087456273.8386,-1772087458185.937,c1b8e29e-10e2-4feb-98e2-7620a65bfab9,11,Research has demonstrated that bilingual children often develop stronger cognitive flexibility
00cc179e-8631-44a5-a62e-fea90439248d,e4c23a39-1bde-47b3-ad5c-697a8538975a,6,often,COMPLETE,HIGH,,1772087719179838464,181.3037395477295,0.0,0.0,0,1772087721091936768,1.0,often,1,262906000000,937.0,0,often,1912.098304,-1772087456273.8386,-1772087458185.937,c1b8e29e-10e2-4feb-98e2-7620a65bfab9,11,Research has demonstrated that bilingual children often develop stronger cognitive flexibility
8f51a3c6-b10f-4c7f-b809-46c8b4456899,b2279659-0260-4b51-bc0e-b0b7241f1cbc,7,develop,COMPLETE,HIGH,,1772087718249771264,150.0258445739746,0.0,0.0,0,1772087721340190720,1.0,develop,1,264438000000,1141.0,0,develop,3090.419456,-1772087453811.7715,-1772087456902.1907,c1b8e29e-10e2-4feb-98e2-7620a65bfab9,11,Research has demonstrated that bilingual children often develop stronger cognitive flexibility
b2f2a2f3-fd59-4977-9491-94e4f5d540a3,e4c23a39-1bde-47b3-ad5c-697a8538975a,7,develop,COMPLETE,HIGH,,1772087718249771264,150.0258445739746,0.0,0.0,0,1772087721340190720,1.0,develop,1,264438000000,1141.0,0,develop,3090.419456,-1772087453811.7715,-1772087456902.1907,c1b8e29e-10e2-4feb-98e2-7620a65bfab9,11,Research has demonstrated that bilingual children often develop stronger cognitive flexibility
f8d390e1-c7d7-466b-9a02-ccd26e16100b,b2279659-0260-4b51-bc0e-b0b7241f1cbc,8,stronger,COMPLETE,HIGH,,1772087721148011776,153.64336967468262,0.0,0.0,0,1772087721597938176,1.0,stronger,1,266641000000,1344.0,0,stronger,449.9264,-1772087454507.0117,-1772087454956.9382,c1b8e29e-10e2-4feb-98e2-7620a65bfab9,11,Research has demonstrated that bilingual children often develop stronger cognitive flexibility
db06bcc5-b8b6-4819-b573-5124ec8171f0,e4c23a39-1bde-47b3-ad5c-697a8538975a,8,stronger,COMPLETE,HIGH,,1772087721148011776,153.64336967468262,0.0,0.0,0,1772087721597938176,1.0,stronger,1,266641000000,1344.0,0,stronger,449.9264,-1772087454507.0117,-1772087454956.9382,c1b8e29e-10e2-4feb-98e2-7620a65bfab9,11,Research has demonstrated that bilingual children often develop stronger cognitive flexibility
492daf82-7bdc-4f46-8612-642d3418c368,b2279659-0260-4b51-bc0e-b0b7241f1cbc,9,cognitive,TIMED_OUT,EXCLUDED,Sentence closed before slot completed.,,,,,,,,,,269266000000,2156.0,0,cognitive,,,,c1b8e29e-10e2-4feb-98e2-7620a65bfab9,11,Research has demonstrated that bilingual children often develop stronger cognitive flexibility
49734a90-80c3-4cb9-9ad7-a1cba6dbbe92,e4c23a39-1bde-47b3-ad5c-697a8538975a,9,cognitive,TIMED_OUT,EXCLUDED,Sentence closed before slot completed.,,,,,,,,,,269266000000,2156.0,0,cognitive,,,,c1b8e29e-10e2-4feb-98e2-7620a65bfab9,11,Research has demonstrated that bilingual children often develop stronger cognitive flexibility
69c89ba1-2816-4f9b-8348-f844a488328c,b2279659-0260-4b51-bc0e-b0b7241f1cbc,10,flexibility,TIMED_OUT,EXCLUDED,Sentence closed before slot completed.,,,,,,1772087723138278400,1.0,flexibility,1,273594000000,3250.0,0,flexibiloties,,,,c1b8e29e-10e2-4feb-98e2-7620a65bfab9,11,Research has demonstrated that bilingual children often develop stronger cognitive flexibility
1f8b910b-e4c6-4b77-bc3e-460df7504c1d,e4c23a39-1bde-47b3-ad5c-697a8538975a,10,flexibility,TIMED_OUT,EXCLUDED,Sentence closed before slot completed.,,,,,,1772087723138278400,1.0,flexibility,1,273594000000,3250.0,0,flexibiloties,,,,c1b8e29e-10e2-4feb-98e2-7620a65bfab9,11,Research has demonstrated that bilingual children often develop stronger cognitive flexibility
90378daf-b6ff-46e2-8339-c27235c910ea,989c0a1e-fad0-49cc-8488-f9864e3ef440,0,The,TIMED_OUT,EXCLUDED,Sentence closed before slot completed.,,,,,,1772097129695535616,1.0,The,1,4609000000,391.0,0,the,,,,dde09ccb-07bf-4e3a-8006-b5abc8440482,0,The cat sat on the mat
0714f865-9eda-4eda-a0af-55864ca1294b,989c0a1e-fad0-49cc-8488-f9864e3ef440,1,cat,COMPLETE,HIGH,,1772097128684460544,180.8795928955078,0.0,0.0,0,,,,,5750000000,469.0,0,cat,,-1772097122934.4604,,dde09ccb-07bf-4e3a-8006-b5abc8440482,0,The cat sat on the mat
7d9573be-227c-495f-84e7-553a5f883d4e,989c0a1e-fad0-49cc-8488-f9864e3ef440,2,sat,COMPLETE,HIGH,,1772097127524568832,201.82275772094727,0.0,0.0,0,,,,,7078000000,625.0,0,sat,,-1772097120446.5688,,dde09ccb-07bf-4e3a-8006-b5abc8440482,0,The cat sat on the mat
1b9b612a-a0c6-4392-83b7-4f5cf3b3cf77,989c0a1e-fad0-49cc-8488-f9864e3ef440,3,on,COMPLETE,HIGH,,1772097127105222144,193.06683540344238,0.0,0.0,0,1772097130363010560,1.0,on,1,7875000000,391.0,0,on,3257.788416,-1772097119230.2222,-1772097122488.0105,dde09ccb-07bf-4e3a-8006-b5abc8440482,0,The cat sat on the mat
ced0e035-7023-4e6b-90e3-e6df6735e4e8,989c0a1e-fad0-49cc-8488-f9864e3ef440,4,the,COMPLETE,HIGH,,1772097129737321728,189.68892097473145,0.0,0.0,0,,,,,8375000000,344.0,0,thw,,-1772097121362.3218,,dde09ccb-07bf-4e3a-8006-b5abc8440482,0,The cat sat on the mat
2aa482b1-1041-4136-ab30-aad3a367445f,989c0a1e-fad0-49cc-8488-f9864e3ef440,5,mat,COMPLETE,HIGH,,1772097129961987584,190.83309173583984,0.0,0.0,0,,,,,10718000000,750.0,0,mat,,-1772097119243.9875,,dde09ccb-07bf-4e3a-8006-b5abc8440482,0,The cat sat on the mat
fb92bd9f-d6d1-4d61-b2b6-efed5fc59f01,d27ceb0a-e96c-42e3-96a0-74aaaef39a50,0,She,TIMED_OUT,EXCLUDED,Sentence closed before slot completed.,,,,,,,,,,13843000000,390.0,0,she,,,,dde09ccb-07bf-4e3a-8006-b5abc8440482,1,She walked quickly to the store
b2007af8-e730-4ec9-85fa-ebd20e429ca0,d27ceb0a-e96c-42e3-96a0-74aaaef39a50,1,walked,TIMED_OUT,EXCLUDED,Sentence closed before slot completed.,,,,,,,,,,15265000000,1125.0,0,wa;ke,,,,dde09ccb-07bf-4e3a-8006-b5abc8440482,1,She walked quickly to the store
f01c93f1-d6e8-46ce-bfbe-4e834a13920c,d27ceb0a-e96c-42e3-96a0-74aaaef39a50,2,quickly,COMPLETE,HIGH,,1772097137970233088,177.66857147216797,0.0,0.0,0,,,,,20062000000,2906.0,1,quickly,,-1772097117908.2332,,dde09ccb-07bf-4e3a-8006-b5abc8440482,1,She walked quickly to the store
e38b90cc-f93a-4336-8714-862cb116bc57,d27ceb0a-e96c-42e3-96a0-74aaaef39a50,3,to,COMPLETE,HIGH,,1772097138502083584,151.0148048400879,0.0,0.0,0,1772097139883197696,1.0,to,1,20500000000,282.0,0,to,1381.114112,-1772097118002.0835,-1772097119383.1978,dde09ccb-07bf-4e3a-8006-b5abc8440482,1,She walked quickly to the store
36dfbaf5-d001-43d0-b21a-01b227959e47,d27ceb0a-e96c-42e3-96a0-74aaaef39a50,4,the,COMPLETE,HIGH,,1772097140699091712,154.09135818481445,0.0,0.0,0,1772097139883197696,1.0,the,1,21484000000,516.0,0,the,-815.894016,-1772097119215.0918,-1772097118399.1978,dde09ccb-07bf-4e3a-8006-b5abc8440482,1,She walked quickly to the store
d4fd2df2-3dde-42e1-85af-c5e70a92c010,d27ceb0a-e96c-42e3-96a0-74aaaef39a50,5,store,COMPLETE,HIGH,,1772097138872286976,190.72794914245605,0.0,0.0,0,,,,,23375000000,1485.0,0,store,,-1772097115497.2869,,dde09ccb-07bf-4e3a-8006-b5abc8440482,1,She walked quickly to the store
567317c5-b760-42d6-8740-31e3abd43862,25c5ed9b-7099-4f2a-bfbf-1e5b4855b38d,0,The,TIMED_OUT,EXCLUDED,Sentence closed before slot completed.,,,,,,,,,,29093000000,515.0,0,the,,,,dde09ccb-07bf-4e3a-8006-b5abc8440482,2,The children played outside until the sun set
465d4246-898b-4b3d-9a1c-ff4ecca4bafd,25c5ed9b-7099-4f2a-bfbf-1e5b4855b38d,1,children,TIMED_OUT,EXCLUDED,Sentence closed before slot completed.,,,,,,,,,,31125000000,1594.0,0,children,,,,dde09ccb-07bf-4e3a-8006-b5abc8440482,2,The children played outside until the sun set
65171229-35ed-439d-89f0-fbccda52a77c,25c5ed9b-7099-4f2a-bfbf-1e5b4855b38d,2,played,COMPLETE,HIGH,,1772097151125821184,166.84627532958984,0.0,0.0,0,,,,,32187000000,875.0,0,played,,-1772097118938.821,,dde09ccb-07bf-4e3a-8006-b5abc8440482,2,The children played outside until the sun set
c2a371dd-adf2-403e-bd00-00dc2e9f0293,25c5ed9b-7099-4f2a-bfbf-1e5b4855b38d,3,outside,COMPLETE,HIGH,,1772097152037891328,185.0426197052002,0.0,0.0,0,,,,,33562000000,1187.0,0,outsite,,-1772097118475.891,,dde09ccb-07bf-4e3a-8006-b5abc8440482,2,The children played outside until the sun set
5182c7a5-bd8e-4263-a7b0-38f6fe5fdb93,25c5ed9b-7099-4f2a-bfbf-1e5b4855b38d,4,until,COMPLETE,HIGH,,1772097151729281024,194.10967826843262,0.0,0.0,0,,,,,35406000000,1609.0,0,until,,-1772097116323.281,,dde09ccb-07bf-4e3a-8006-b5abc8440482,2,The children played outside until the sun set
c1e5d574-261b-4a26-9f9b-d6e2cfef738c,25c5ed9b-7099-4f2a-bfbf-1e5b4855b38d,5,the,COMPLETE,HIGH,,1772097153217062144,170.29166221618652,0.0,0.0,0,,,,,36593000000,781.0,0,the,,-1772097116624.0623,,dde09ccb-07bf-4e3a-8006-b5abc8440482,2,The children played outside until the sun set
ead05055-5365-44d7-9ef6-0002e8488a7f,25c5ed9b-7099-4f2a-bfbf-1e5b4855b38d,6,sun,COMPLETE,HIGH,,1772097158291117824,180.4952621459961,0.0,0.0,0,,,,,39297000000,2563.0,2,sun,,-1772097118994.118,,dde09ccb-07bf-4e3a-8006-b5abc8440482,2,The children played outside until the sun set
78d3129e-62b2-46a9-8581-a5f8eedc455c,25c5ed9b-7099-4f2a-bfbf-1e5b4855b38d,7,set,COMPLETE,HIGH,,1772097150508605184,196.2285041809082,0.0,0.0,0,,,,,40093000000,656.0,0,set,,-1772097110415.6052,,dde09ccb-07bf-4e3a-8006-b5abc8440482,2,The children played outside until the sun set
b3e28e02-ea01-4ffb-ba7b-075f55ab0e5c,a1519712-bb4f-4fc1-8cf4-2208a7600f22,0,Every,TIMED_OUT,EXCLUDED,Sentence closed before slot completed.,,,,,,,,,,45734000000,766.0,0,every,,,,dde09ccb-07bf-4e3a-8006-b5abc8440482,3,Every morning she read the newspaper before breakfast
58aa0b2b-2ee9-43b8-bab1-b4259c7d52a6,a1519712-bb4f-4fc1-8cf4-2208a7600f22,1,morning,COMPLETE,HIGH,,1772097168302165760,150.63166618347168,0.0,0.0,0,,,,,47828000000,1438.0,0,morning,,-1772097120474.1658,,dde09ccb-07bf-4e3a-8006-b5abc8440482,3,Every morning she read the newspaper before breakfast
1f5fba27-1205-4a04-9037-061b4a89b6f6,a1519712-bb4f-4fc1-8cf4-2208a7600f22,2,she,COMPLETE,HIGH,,1772097167513100800,153.5663604736328,0.0,0.0,0,,,,,48406000000,375.0,0,she,,-1772097119107.1006,,dde09ccb-07bf-4e3a-8006-b5abc8440482,3,Every morning she read the newspaper before breakfast
f11531ec-4de9-44c4-9bc2-5fd629c36004,a1519712-bb4f-4fc1-8cf4-2208a7600f22,3,read,COMPLETE,HIGH,,1772097167723097088,158.0662727355957,0.0,0.0,0,,,,,49687000000,734.0,0,rea,,-1772097118036.097,,dde09ccb-07bf-4e3a-8006-b5abc8440482,3,Every morning she read the newspaper before breakfast
f8ae56fa-04f1-4709-8b99-0bbf9aad1d92,a1519712-bb4f-4fc1-8cf4-2208a7600f22,4,the,COMPLETE,HIGH,,1772097171552806912,171.80514335632324,0.0,0.0,0,,,,,51078000000,469.0,0,the,,-1772097120474.807,,dde09ccb-07bf-4e3a-8006-b5abc8440482,3,Every morning she read the newspaper before breakfast
1a65aa64-17ec-4769-898d-e9a1065f0169,a1519712-bb4f-4fc1-8cf4-2208a7600f22,5,newspaper,COMPLETE,HIGH,,1772097169602709504,150.20108222961426,0.0,0.0,0,,,,,53390000000,1703.0,0,newspaper,,-1772097116212.7095,,dde09ccb-07bf-4e3a-8006-b5abc8440482,3,Every morning she read the newspaper before breakfast
3321049f-3170-4d3a-9742-833f922edb07,a1519712-bb4f-4fc1-8cf4-2208a7600f22,6,before,COMPLETE,HIGH,,1772097174418499584,214.34473991394043,0.0,0.0,0,,,,,54890000000,1312.0,0,before,,-1772097119528.4998,,dde09ccb-07bf-4e3a-8006-b5abc8440482,3,Every morning she read the newspaper before breakfast
3b776169-edce-48c3-8c8e-414aa8fe2db3,a1519712-bb4f-4fc1-8cf4-2208a7600f22,7,breakfast,COMPLETE,HIGH,,1772097170014745600,220.1097011566162,0.0,0.0,0,,,,,57922000000,2813.0,0,breakfast,,-1772097112092.7458,,dde09ccb-07bf-4e3a-8006-b5abc8440482,3,Every morning she read the newspaper before breakfast
fa17f923-bfa4-442d-8dc8-6407fdb6b0f2,4fbd4b4a-bca0-45ad-b7a6-06dfe8a5605f,0,The,TIMED_OUT,EXCLUDED,Sentence closed before slot completed.,,,,,,1772097187204152832,1.0,The,1,65109000000,359.0,0,the,,,,dde09ccb-07bf-4e3a-8006-b5abc8440482,4,The scientist observed that the plants grew faster in sunlight
3dcd97cf-fa2a-4e74-8871-85b29482096a,4fbd4b4a-bca0-45ad-b7a6-06dfe8a5605f,1,scientist,COMPLETE,HIGH,,1772097186122846464,161.88907623291016,0.0,0.0,0,,,,,67265000000,1625.0,0,scientist,,-1772097118857.8464,,dde09ccb-07bf-4e3a-8006-b5abc8440482,4,The scientist observed that the plants grew faster in sunlight
18a2d7ce-b940-4df9-9c8d-b3e6b9522a35,4fbd4b4a-bca0-45ad-b7a6-06dfe8a5605f,2,observed,COMPLETE,HIGH,,1772097185591372032,191.81013107299805,0.0,0.0,0,,,,,69640000000,1687.0,0,observed,,-1772097115951.372,,dde09ccb-07bf-4e3a-8006-b5abc8440482,4,The scientist observed that the plants grew faster in sunlight
e4bbf930-f9ff-45f8-9870-0596ecbd6750,4fbd4b4a-bca0-45ad-b7a6-06dfe8a5605f,3,that,COMPLETE,HIGH,,1772097188119150848,165.08722305297852,0.0,0.0,0,1772097187723077888,1.0,that,1,70890000000,1000.0,0,that,-396.07296,-1772097117229.1506,-1772097116833.078,dde09ccb-07bf-4e3a-8006-b5abc8440482,4,The scientist observed that the plants grew faster in sunlight
b052f137-cc0d-4be4-b5c5-732b4dce7617,4fbd4b4a-bca0-45ad-b7a6-06dfe8a5605f,4,the,COMPLETE,HIGH,,1772097185142699520,170.15981674194336,0.0,0.0,0,,,,,71547000000,329.0,0,the,,-1772097113595.6995,,dde09ccb-07bf-4e3a-8006-b5abc8440482,4,The scientist observed that the plants grew faster in sunlight
5801ee03-f648-43f4-ab8e-a4fff8fb9e10,4fbd4b4a-bca0-45ad-b7a6-06dfe8a5605f,5,plants,COMPLETE,HIGH,,1772097200567663872,158.8761806488037,0.0,0.0,0,,,,,72875000000,1063.0,0,plants,,-1772097127692.6638,,dde09ccb-07bf-4e3a-8006-b5abc8440482,4,The scientist observed that the plants grew faster in sunlight
bbc46280-ee28-497b-a983-e72bf11fbbd0,4fbd4b4a-bca0-45ad-b7a6-06dfe8a5605f,6,grew,COMPLETE,HIGH,,1772097192605627904,151.5188217163086,0.0,0.0,0,,,,,73906000000,828.0,0,grew,,-1772097118699.628,,dde09ccb-07bf-4e3a-8006-b5abc8440482,4,The scientist observed that the plants grew faster in sunlight
fd98e32b-f895-4631-9be9-3937cf3fdbbf,4fbd4b4a-bca0-45ad-b7a6-06dfe8a5605f,7,faster,COMPLETE,HIGH,,1772097187489323776,169.4025993347168,0.0,0.0,0,,,,,75375000000,1032.0,0,faster,,-1772097112114.3237,,dde09ccb-07bf-4e3a-8006-b5abc8440482,4,The scientist observed that the plants grew faster in sunlight
e3f24d05-844a-4e9d-bfb4-481b0999e84a,4fbd4b4a-bca0-45ad-b7a6-06dfe8a5605f,8,in,COMPLETE,HIGH,,1772097188765150720,181.53047561645508,0.0,0.0,0,1772097190306665984,1.0,in,1,75953000000,360.0,0,in,1541.515264,-1772097112812.151,-1772097114353.666,dde09ccb-07bf-4e3a-8006-b5abc8440482,4,The scientist observed that the plants grew faster in sunlight
94f68750-9b41-417c-8cd5-edd85c5a7b5f,4fbd4b4a-bca0-45ad-b7a6-06dfe8a5605f,9,sunlight,COMPLETE,HIGH,,1772097189080265216,154.4651985168457,0.0,0.0,0,1772097190306665984,1.0,sunlight,1,78515000000,2406.0,0,sunlight,1226.400768,-1772097110565.2651,-1772097111791.666,dde09ccb-07bf-4e3a-8006-b5abc8440482,4,The scientist observed that the plants grew faster in sunlight
ed72cb52-09f1-4a67-be6d-f2351d99f846,83278c22-75d1-4925-8b3c-065c31144853,0,After,COMPLETE,HIGH,,1772097216082027008,176.1462688446045,0.0,0.0,0,1772097207135142656,1.0,After,1,107953000000,1219.0,0,after,-8946.884352,-1772097108129.027,-1772097099182.1428,dde09ccb-07bf-4e3a-8006-b5abc8440482,5,After the storm the streets were covered with fallen leaves
e18c264c-6eff-4d65-befb-111eebaf3e40,83278c22-75d1-4925-8b3c-065c31144853,1,the,COMPLETE,HIGH,,1772097217685660672,160.33124923706055,0.0,0.0,0,1772097207404110080,1.0,the,1,108765000000,406.0,0,the,-10281.550592,-1772097108920.6606,-1772097098639.11,dde09ccb-07bf-4e3a-8006-b5abc8440482,5,After the storm the streets were covered with fallen leaves
3f65f2c6-7a09-4c88-96cc-d25ca32de5a2,83278c22-75d1-4925-8b3c-065c31144853,2,storm,COMPLETE,HIGH,,1772097209155006208,170.35555839538574,0.0,0.0,0,,,,,111375000000,1578.0,0,storm,,-1772097097780.006,,dde09ccb-07bf-4e3a-8006-b5abc8440482,5,After the storm the streets were covered with fallen leaves
3d575275-5d74-4dcd-bbc6-6b9cbc10dc7c,83278c22-75d1-4925-8b3c-065c31144853,3,the,COMPLETE,HIGH,,1772097206078851072,152.77504920959473,0.0,0.0,0,,,,,112468000000,390.0,0,the,,-1772097093610.851,,dde09ccb-07bf-4e3a-8006-b5abc8440482,5,After the storm the streets were covered with fallen leaves
37887c19-ec9e-4987-b87d-28c639fb4992,83278c22-75d1-4925-8b3c-065c31144853,4,streets,COMPLETE,HIGH,,1772097208124504064,199.56660270690918,0.0,0.0,0,,,,,113875000000,1063.0,0,streets,,-1772097094249.504,,dde09ccb-07bf-4e3a-8006-b5abc8440482,5,After the storm the streets were covered with fallen leaves
492808b7-98a4-4c7f-a8eb-ecfcb8d2f987,83278c22-75d1-4925-8b3c-065c31144853,5,were,COMPLETE,HIGH,,1772097207068741120,195.62220573425293,0.0,0.0,0,1772097228442071040,1.0,were,1,115062000000,797.0,0,were,21373.32992,-1772097092006.741,-1772097113380.0708,dde09ccb-07bf-4e3a-8006-b5abc8440482,5,After the storm the streets were covered with fallen leaves
76176664-03ea-46fa-bd95-89df84ab2ac4,83278c22-75d1-4925-8b3c-065c31144853,6,covered,COMPLETE,HIGH,,1772097205645591808,171.44227027893066,0.0,0.0,0,,,,,116843000000,1546.0,0,covered,,-1772097088802.5918,,dde09ccb-07bf-4e3a-8006-b5abc8440482,5,After the storm the streets were covered with fallen leaves
2d2bc206-beb0-4308-8675-d7a972de28d6,83278c22-75d1-4925-8b3c-065c31144853,7,with,COMPLETE,HIGH,,1772097230919354368,165.95864295959473,0.0,0.0,0,1772097228661200640,1.0,with,1,117812000000,344.0,0,in,-2258.153728,-1772097113107.3542,-1772097110849.2007,dde09ccb-07bf-4e3a-8006-b5abc8440482,5,After the storm the streets were covered with fallen leaves
4f3b4208-20ce-464c-80b9-2098ec877d59,83278c22-75d1-4925-8b3c-065c31144853,8,fallen,COMPLETE,HIGH,,1772097234181219584,189.15343284606934,0.0,0.0,0,1772097229154294016,1.0,fallen,1,119125000000,1203.0,0,fallen,-5026.925568,-1772097115056.2197,-1772097110029.2942,dde09ccb-07bf-4e3a-8006-b5abc8440482,5,After the storm the streets were covered with fallen leaves
70c1f807-aae4-4883-bb37-1f0bc6f0d45c,83278c22-75d1-4925-8b3c-065c31144853,9,leaves,COMPLETE,HIGH,,1772097215213680640,182.08909034729004,0.0,0.0,0,1772097229154294016,1.0,leaves,1,120906000000,1563.0,0,leaves,13940.613376,-1772097094307.6807,-1772097108248.294,dde09ccb-07bf-4e3a-8006-b5abc8440482,5,After the storm the streets were covered with fallen leaves
a1c348d1-38b1-49e3-b423-efc4855de180,f7ed1ebe-167b-4428-b3c3-b64049c3de27,0,The,TIMED_OUT,EXCLUDED,Sentence closed before slot completed.,,,,,,,,,,127234000000,391.0,0,the,,,,dde09ccb-07bf-4e3a-8006-b5abc8440482,6,The museum displayed artifacts from ancient civilizations around the world
25892470-3c9e-4402-9499-69f8a6cf5d00,f7ed1ebe-167b-4428-b3c3-b64049c3de27,1,museum,TIMED_OUT,EXCLUDED,Sentence closed before slot completed.,,,,,,,,,,130203000000,2391.0,0,museum,,,,dde09ccb-07bf-4e3a-8006-b5abc8440482,6,The museum displayed artifacts from ancient civilizations around the world
53b4534c-d0a4-494b-9b50-b1a45f21a753,f7ed1ebe-167b-4428-b3c3-b64049c3de27,2,displayed,COMPLETE,HIGH,,1772097249481729280,164.05558586120605,0.0,0.0,0,,,,,131765000000,1343.0,0,displayed,,-1772097117716.7292,,dde09ccb-07bf-4e3a-8006-b5abc8440482,6,The museum displayed artifacts from ancient civilizations around the world
64cb8c69-7f7d-4386-9e60-59520696b16f,f7ed1ebe-167b-4428-b3c3-b64049c3de27,3,artifacts,COMPLETE,HIGH,,1772097254394981888,183.40635299682617,0.0,0.0,0,1772097251211058944,1.0,artifacts,1,134562000000,2234.0,0,artifacts,-3183.922944,-1772097119832.982,-1772097116649.0588,dde09ccb-07bf-4e3a-8006-b5abc8440482,6,The museum displayed artifacts from ancient civilizations around the world
cb467bae-e60e-4b83-a9f5-24a9fb0683be,f7ed1ebe-167b-4428-b3c3-b64049c3de27,4,from,COMPLETE,HIGH,,1772097248439051520,150.41518211364746,0.0,0.0,0,1772097251211058944,1.0,from,1,135765000000,687.0,0,from,2772.007424,-1772097112674.0515,-1772097115446.059,dde09ccb-07bf-4e3a-8006-b5abc8440482,6,The museum displayed artifacts from ancient civilizations around the world
63834e1a-6730-49ab-88bc-88ae5c4d95cf,f7ed1ebe-167b-4428-b3c3-b64049c3de27,5,ancient,COMPLETE,HIGH,,1772097248201544192,190.24300575256348,0.0,0.0,0,1772097251740185600,1.0,ancient,1,137109000000,1203.0,0,ancient,3538.641408,-1772097111092.5442,-1772097114631.1855,dde09ccb-07bf-4e3a-8006-b5abc8440482,6,The museum displayed artifacts from ancient civilizations around the world
5c48d569-c462-48fe-8595-49eb084540a8,f7ed1ebe-167b-4428-b3c3-b64049c3de27,6,civilizations,COMPLETE,HIGH,,1772097250950218496,164.53218460083008,0.0,0.0,0,1772097252182211840,1.0,civilizations,1,141234000000,3875.0,1,civilizations,1231.993344,-1772097109716.2183,-1772097110948.2117,dde09ccb-07bf-4e3a-8006-b5abc8440482,6,The museum displayed artifacts from ancient civilizations around the world
a711bd2b-9ebf-4be1-93ef-20fdd1e2ab48,f7ed1ebe-167b-4428-b3c3-b64049c3de27,7,around,COMPLETE,HIGH,,1772097254809537024,178.32231521606445,0.0,0.0,0,1772097252720087296,1.0,around,1,143047000000,1141.0,0,around,-2089.449728,-1772097111762.5369,-1772097109673.0872,dde09ccb-07bf-4e3a-8006-b5abc8440482,6,The museum displayed artifacts from ancient civilizations around the world
a76be07c-821b-4404-9e8c-03aa111647e1,f7ed1ebe-167b-4428-b3c3-b64049c3de27,8,the,COMPLETE,HIGH,,1772097251205988864,156.44192695617676,0.0,0.0,0,1772097252955794176,1.0,the,1,143781000000,422.0,0,the,1749.805312,-1772097107424.989,-1772097109174.7942,dde09ccb-07bf-4e3a-8006-b5abc8440482,6,The museum displayed artifacts from ancient civilizations around the world
bffcee12-2c7f-4065-81d0-14c6a6495e18,f7ed1ebe-167b-4428-b3c3-b64049c3de27,9,world,COMPLETE,HIGH,,1772097251807584000,181.90455436706543,0.0,0.0,0,1772097252955794176,1.0,world,1,146781000000,2125.0,0,world,1148.210176,-1772097105026.584,-1772097106174.7942,dde09ccb-07bf-4e3a-8006-b5abc8440482,6,The museum displayed artifacts from ancient civilizations around the world
598a08e2-1fa9-44d8-8965-60f13b64f40c,60060866-3a77-496d-9eee-ec1eb93f8970,0,During,TIMED_OUT,EXCLUDED,Sentence closed before slot completed.,,,,,,1772097275744188416,1.0,During,1,152734000000,734.0,0,during,,,,dde09ccb-07bf-4e3a-8006-b5abc8440482,7,During the summer holidays they traveled to several different countries
09446ecd-7445-446c-90ac-2d78cf9d1cad,60060866-3a77-496d-9eee-ec1eb93f8970,1,the,TIMED_OUT,EXCLUDED,Sentence closed before slot completed.,,,,,,1772097276011576576,1.0,the,1,153406000000,375.0,0,the,,,,dde09ccb-07bf-4e3a-8006-b5abc8440482,7,During the summer holidays they traveled to several different countries
01ec781e-1578-4ad9-8d50-b48f6b2e2a40,60060866-3a77-496d-9eee-ec1eb93f8970,2,summer,TIMED_OUT,EXCLUDED,Sentence closed before slot completed.,,,,,,1772097276254179328,1.0,summer,1,155500000000,1750.0,0,summer,,,,dde09ccb-07bf-4e3a-8006-b5abc8440482,7,During the summer holidays they traveled to several different countries
f03a853c-ccbb-4fc1-ae09-3e822e87a30e,60060866-3a77-496d-9eee-ec1eb93f8970,3,holidays,COMPLETE,HIGH,,1772097274404067584,171.5254783630371,0.0,0.0,0,1772097276752557824,1.0,holidays,1,157828000000,1485.0,0,holidays,2348.49024,-1772097116576.0676,-1772097118924.5579,dde09ccb-07bf-4e3a-8006-b5abc8440482,7,During the summer holidays they traveled to several different countries
4ff5f794-a166-4208-9a5d-99be0cff3374,60060866-3a77-496d-9eee-ec1eb93f8970,4,they,COMPLETE,HIGH,,1772097275694170624,197.0653533935547,0.0,0.0,0,,,,,158875000000,578.0,0,they,,-1772097116819.1707,,dde09ccb-07bf-4e3a-8006-b5abc8440482,7,During the summer holidays they traveled to several different countries
a771d3f9-3408-4572-b8f5-5efbfbf11361,60060866-3a77-496d-9eee-ec1eb93f8970,5,traveled,COMPLETE,HIGH,,1772097278805948160,183.13121795654297,0.0,0.0,0,,,,,160734000000,1531.0,0,traveled,,-1772097118071.9482,,dde09ccb-07bf-4e3a-8006-b5abc8440482,7,During the summer holidays they traveled to several different countries
15a24a55-699a-49aa-9372-c46a48128eb1,60060866-3a77-496d-9eee-ec1eb93f8970,6,to,COMPLETE,HIGH,,1772097276111576576,186.04707717895508,0.0,0.0,0,1772097277871156224,1.0,to,1,161343000000,328.0,0,to,1759.579648,-1772097114768.5764,-1772097116528.1562,dde09ccb-07bf-4e3a-8006-b5abc8440482,7,During the summer holidays they traveled to several different countries
8c0c169d-95dd-4a51-81de-2644da009ef0,60060866-3a77-496d-9eee-ec1eb93f8970,7,several,COMPLETE,HIGH,,1772097276780959488,173.45571517944336,0.0,0.0,0,1772097277871156224,1.0,several,1,165390000000,3984.0,1,sevral,1090.196736,-1772097111390.9597,-1772097112481.156,dde09ccb-07bf-4e3a-8006-b5abc8440482,7,During the summer holidays they traveled to several different countries
97c95b6a-eeda-4802-88e0-8ce625055928,60060866-3a77-496d-9eee-ec1eb93f8970,8,different,COMPLETE,HIGH,,1772097292928005120,172.3191738128662,0.0,0.0,0,1772097278320222976,1.0,different,1,168593000000,1906.0,0,different,-14607.782144,-1772097124335.0051,-1772097109727.2231,dde09ccb-07bf-4e3a-8006-b5abc8440482,7,During the summer holidays they traveled to several different countries
76d1913e-6671-4269-a27b-c25e91c25442,60060866-3a77-496d-9eee-ec1eb93f8970,9,countries,COMPLETE,HIGH,,1772097273918295296,207.53788948059082,0.0,0.0,0,1772097278564279808,1.0,countries,1,171625000000,1782.0,0,countried,4645.984512,-1772097102293.2954,-1772097106939.2798,dde09ccb-07bf-4e3a-8006-b5abc8440482,7,During the summer holidays they traveled to several different countries
5e1d8fa6-ba1b-4fae-a49b-877973c2895b,1bf30804-1b87-46d1-8481-37f9aa28ef3a,0,The,TIMED_OUT,EXCLUDED,Sentence closed before slot completed.,,,,,,,,,,176968000000,718.0,0,the,,,,dde09ccb-07bf-4e3a-8006-b5abc8440482,8,The engineer carefully examined the bridge structure before approving the design
d3c7a226-d45c-47cb-b643-85c31602b851,1bf30804-1b87-46d1-8481-37f9aa28ef3a,1,engineer,TIMED_OUT,EXCLUDED,Sentence closed before slot completed.,,,,,,,,,,178656000000,1453.0,0,engineer,,,,dde09ccb-07bf-4e3a-8006-b5abc8440482,8,The engineer carefully examined the bridge structure before approving the design
036c8fc2-f0b0-4728-8253-d1a42f9f1b7a,1bf30804-1b87-46d1-8481-37f9aa28ef3a,2,carefully,TIMED_OUT,EXCLUDED,Sentence closed before slot completed.,,,,,,,,,,181000000000,1688.0,0,carefully,,,,dde09ccb-07bf-4e3a-8006-b5abc8440482,8,The engineer carefully examined the bridge structure before approving the design
ae3692e1-c92e-44ae-b71f-6d85b65e992b,1bf30804-1b87-46d1-8481-37f9aa28ef3a,3,examined,TIMED_OUT,EXCLUDED,Sentence closed before slot completed.,,,,,,,,,,184281000000,2406.0,1,examined,,,,dde09ccb-07bf-4e3a-8006-b5abc8440482,8,The engineer carefully examined the bridge structure before approving the design
c19af870-a35d-4673-94ef-3897643406fa,1bf30804-1b87-46d1-8481-37f9aa28ef3a,4,the,COMPLETE,HIGH,,1772097302511378688,233.0033779144287,0.0,0.0,0,,,,,185672000000,375.0,0,the,,-1772097116839.3787,,dde09ccb-07bf-4e3a-8006-b5abc8440482,8,The engineer carefully examined the bridge structure before approving the design
77e382a4-6816-41b5-a6e5-77ee4cdb2247,1bf30804-1b87-46d1-8481-37f9aa28ef3a,5,bridge,COMPLETE,HIGH,,1772097302217207296,207.37481117248535,0.0,0.0,0,,,,,187734000000,1859.0,0,bridge,,-1772097114483.2073,,dde09ccb-07bf-4e3a-8006-b5abc8440482,8,The engineer carefully examined the bridge structure before approving the design
037f8e76-a27b-48e9-a632-e3e9a842f634,1bf30804-1b87-46d1-8481-37f9aa28ef3a,6,structure,COMPLETE,HIGH,,1772097303415993600,157.98521041870117,0.0,0.0,0,,,,,192218000000,2906.0,0,structure,,-1772097111197.9934,,dde09ccb-07bf-4e3a-8006-b5abc8440482,8,The engineer carefully examined the bridge structure before approving the design
8150574e-b006-4c0c-9731-819990dda779,1bf30804-1b87-46d1-8481-37f9aa28ef3a,7,before,COMPLETE,HIGH,,1772097303134295296,155.6992530822754,0.0,0.0,0,,,,,195297000000,1985.0,0,before,,-1772097107837.2954,,dde09ccb-07bf-4e3a-8006-b5abc8440482,8,The engineer carefully examined the bridge structure before approving the design
76886b34-5793-4feb-bd7f-c366d477883d,1bf30804-1b87-46d1-8481-37f9aa28ef3a,8,approving,COMPLETE,HIGH,,1772097304526834944,200.7763385772705,0.0,0.0,0,,,,,199250000000,2907.0,0,approving,,-1772097105276.8347,,dde09ccb-07bf-4e3a-8006-b5abc8440482,8,The engineer carefully examined the bridge structure before approving the design
a0cb4108-7ffd-4a64-af60-05deb88de441,1bf30804-1b87-46d1-8481-37f9aa28ef3a,9,the,COMPLETE,HIGH,,1772097315864357632,176.6681671142578,0.0,0.0,0,,,,,201265000000,375.0,0,the,,-1772097114599.3577,,dde09ccb-07bf-4e3a-8006-b5abc8440482,8,The engineer carefully examined the bridge structure before approving the design
6aeb7a90-a59f-405d-b85e-4b3fa977f3ea,1bf30804-1b87-46d1-8481-37f9aa28ef3a,10,design,COMPLETE,HIGH,,1772097321871652096,189.62478637695312,0.0,0.0,0,,,,,204437000000,1906.0,0,design,,-1772097117434.652,,dde09ccb-07bf-4e3a-8006-b5abc8440482,8,The engineer carefully examined the bridge structure before approving the design
8ed3c755-9409-4066-9346-f7fec08b83d6,aef1d4e1-4fe5-4e96-b0c8-aa264732a10e,0,She,TIMED_OUT,EXCLUDED,Sentence closed before slot completed.,,,,,,,,,,210390000000,297.0,0,she,,,,dde09ccb-07bf-4e3a-8006-b5abc8440482,9,She discovered that consistent practice significantly improved her reading speed
e03173e6-c8c2-4ca4-b87d-7065b6a0ba2b,aef1d4e1-4fe5-4e96-b0c8-aa264732a10e,1,discovered,TIMED_OUT,EXCLUDED,Sentence closed before slot completed.,,,,,,,,,,213140000000,2484.0,0,discovered,,,,dde09ccb-07bf-4e3a-8006-b5abc8440482,9,She discovered that consistent practice significantly improved her reading speed
4fc1dfbb-b0dd-4dd7-b4d5-732cd8338a6c,aef1d4e1-4fe5-4e96-b0c8-aa264732a10e,2,that,COMPLETE,HIGH,,1772097336709319424,179.88991737365723,0.0,0.0,0,,,,,214484000000,594.0,0,that,,-1772097122225.3193,,dde09ccb-07bf-4e3a-8006-b5abc8440482,9,She discovered that consistent practice significantly improved her reading speed
6690c061-4b2e-46bd-a88a-15c6f2d745a7,aef1d4e1-4fe5-4e96-b0c8-aa264732a10e,3,consistent,COMPLETE,HIGH,,1772097333216700416,197.62825965881348,0.0,0.0,0,1772097334969598208,1.0,consistent,1,217031000000,2422.0,0,cocnistemt,1752.897792,-1772097116185.7004,-1772097117938.5981,dde09ccb-07bf-4e3a-8006-b5abc8440482,9,She discovered that consistent practice significantly improved her reading speed
144582db-9d6c-4460-ba84-22e9b79da952,aef1d4e1-4fe5-4e96-b0c8-aa264732a10e,4,practice,COMPLETE,HIGH,,1772097340205469696,170.60303688049316,0.0,0.0,0,,,,,219156000000,1297.0,0,practice,,-1772097121049.4697,,dde09ccb-07bf-4e3a-8006-b5abc8440482,9,She discovered that consistent practice significantly improved her reading speed
dc56dda1-f5ed-4d80-bb48-cdcb2be2cc6c,aef1d4e1-4fe5-4e96-b0c8-aa264732a10e,5,significantly,COMPLETE,HIGH,,1772097333505398784,200.85859298706055,0.0,0.0,0,1772097335642694400,0.9166666666666666,significantly,0.9166666666666666,223437000000,3344.0,1,significantly,2137.295616,-1772097110068.399,-1772097112205.6946,dde09ccb-07bf-4e3a-8006-b5abc8440482,9,She discovered that consistent practice significantly improved her reading speed
b95cb3db-3170-49c9-8dfc-d4a47042bc64,aef1d4e1-4fe5-4e96-b0c8-aa264732a10e,6,improved,COMPLETE,HIGH,,1772097334786980608,186.06185913085938,0.0,0.0,0,1772097336418684928,1.0,improved,1,225953000000,1344.0,0,impporved,1631.70432,-1772097108833.9807,-1772097110465.685,dde09ccb-07bf-4e3a-8006-b5abc8440482,9,She discovered that consistent practice significantly improved her reading speed
2f256bd3-5fe4-4a9a-b775-f5ebb2c160de,aef1d4e1-4fe5-4e96-b0c8-aa264732a10e,7,her,COMPLETE,HIGH,,1772097333934229504,200.8836269378662,0.0,0.0,0,,,,,227468000000,437.0,0,her,,-1772097106466.2295,,dde09ccb-07bf-4e3a-8006-b5abc8440482,9,She discovered that consistent practice significantly improved her reading speed
9e706b88-6933-4a7e-b88b-950f4744a604,aef1d4e1-4fe5-4e96-b0c8-aa264732a10e,8,reading,COMPLETE,HIGH,,1772097335269592064,161.6683006286621,0.0,0.0,0,1772097337206261504,0.8571428571428571,reading,0.8571428571428571,228797000000,1172.0,0,reading,1936.66944,-1772097106472.592,-1772097108409.2615,dde09ccb-07bf-4e3a-8006-b5abc8440482,9,She discovered that consistent practice significantly improved her reading speed
33946894-cd2b-4834-b160-27bd387816fa,aef1d4e1-4fe5-4e96-b0c8-aa264732a10e,9,speed,COMPLETE,HIGH,,1772097332580154112,165.56406021118164,0.0,0.0,0,1772097337448168704,1.0,speed,1,229734000000,797.0,0,speed,4868.014592,-1772097102846.1543,-1772097107714.169,dde09ccb-07bf-4e3a-8006-b5abc8440482,9,She discovered that consistent practice significantly improved her reading speed
291ccf67-92a7-4de3-9255-d7f4d7b60d44,36aff802-6d42-4e42-ad88-c2b84044ce8a,0,The,TIMED_OUT,EXCLUDED,Sentence closed before slot completed.,,,,,,1772097358960124160,1.0,The,1,238593000000,359.0,0,the,,,,dde09ccb-07bf-4e3a-8006-b5abc8440482,10,The local government proposed constructing a new library in the town center
1109579e-05c4-4a45-afd8-a0ffb41278af,36aff802-6d42-4e42-ad88-c2b84044ce8a,1,local,TIMED_OUT,EXCLUDED,Sentence closed before slot completed.,,,,,,1772097358960124160,1.0,local,1,240062000000,984.0,0,local,,,,dde09ccb-07bf-4e3a-8006-b5abc8440482,10,The local government proposed constructing a new library in the town center
f4838cda-69a4-4c49-990d-ff652b75b7b9,36aff802-6d42-4e42-ad88-c2b84044ce8a,2,government,COMPLETE,HIGH,,1772097387309044480,155.00187873840332,0.0,0.0,0,1772097359459168000,1.0,government,1,244218000000,2578.0,0,hovernmt,-27849.87648,-1772097143091.0444,-1772097115241.168,dde09ccb-07bf-4e3a-8006-b5abc8440482,10,The local government proposed constructing a new library in the town center
88acdf9c-bd89-4cd7-8df0-3a7025990353,36aff802-6d42-4e42-ad88-c2b84044ce8a,3,proposed,COMPLETE,HIGH,,1772097384236719104,180.58085441589355,0.0,0.0,0,,,,,246390000000,1297.0,0,proposed,,-1772097137846.719,,dde09ccb-07bf-4e3a-8006-b5abc8440482,10,The local government proposed constructing a new library in the town center
41b88b6a-9466-4003-8a96-1fedf9790d69,36aff802-6d42-4e42-ad88-c2b84044ce8a,4,constructing,COMPLETE,HIGH,,1772097357997795584,180.8779239654541,0.0,0.0,0,,,,,250015000000,2781.0,0,constructing,,-1772097107982.7954,,dde09ccb-07bf-4e3a-8006-b5abc8440482,10,The local government proposed constructing a new library in the town center
550a8a84-d24f-4542-995d-bf0b21dcc44c,36aff802-6d42-4e42-ad88-c2b84044ce8a,5,a,COMPLETE,HIGH,,1772097356895753728,188.03882598876953,0.0,0.0,0,1772097360304179968,1.0,a,1,251000000000,157.0,0,a,3408.42624,-1772097105895.7537,-1772097109304.18,dde09ccb-07bf-4e3a-8006-b5abc8440482,10,The local government proposed constructing a new library in the town center
d35baee4-dc38-428e-9b7f-84d16b2f92a0,36aff802-6d42-4e42-ad88-c2b84044ce8a,6,new,COMPLETE,HIGH,,1772097366371915264,198.42100143432617,0.0,0.0,0,1772097360740838400,1.0,new,1,251609000000,437.0,0,new,-5631.076864,-1772097114762.9153,-1772097109131.8384,dde09ccb-07bf-4e3a-8006-b5abc8440482,10,The local government proposed constructing a new library in the town center
4a2c6d21-9747-46a4-bf55-ef174a380ab2,36aff802-6d42-4e42-ad88-c2b84044ce8a,7,library,COMPLETE,HIGH,,1772097357295390976,164.0603542327881,0.0,0.0,0,1772097361505289984,1.0,library,1,253890000000,1875.0,0,linrary,4209.899008,-1772097103405.3909,-1772097107615.2898,dde09ccb-07bf-4e3a-8006-b5abc8440482,10,The local government proposed constructing a new library in the town center
2cc9c2ea-c427-442e-91a2-4ee30cdb293c,36aff802-6d42-4e42-ad88-c2b84044ce8a,8,in,COMPLETE,HIGH,,1772097358718138112,191.93029403686523,0.0,0.0,0,1772097361505289984,1.0,in,1,254875000000,344.0,0,in,2787.151872,-1772097103843.138,-1772097106630.29,dde09ccb-07bf-4e3a-8006-b5abc8440482,10,The local government proposed constructing a new library in the town center
5ebfcb8f-3a59-4d7f-b697-8a881e4bf338,36aff802-6d42-4e42-ad88-c2b84044ce8a,9,the,COMPLETE,HIGH,,1772097365983161600,163.00415992736816,0.0,0.0,0,,,,,255343000000,390.0,0,the,,-1772097110640.1616,,dde09ccb-07bf-4e3a-8006-b5abc8440482,10,The local government proposed constructing a new library in the town center
4158db59-c39c-41f3-8481-f56cf6a4bff0,36aff802-6d42-4e42-ad88-c2b84044ce8a,10,town,COMPLETE,HIGH,,1772097360234026240,170.15361785888672,0.0,0.0,0,1772097361505289984,1.0,town,1,256531000000,703.0,0,town,1271.263744,-1772097103703.0261,-1772097104974.29,dde09ccb-07bf-4e3a-8006-b5abc8440482,10,The local government proposed constructing a new library in the town center
7c075144-2adf-4eae-85d2-d3e923051b1c,36aff802-6d42-4e42-ad88-c2b84044ce8a,11,center,COMPLETE,HIGH,,1772097360854095616,182.97863006591797,0.0,0.0,0,1772097362513696768,0.8333333333333334,center,0.8333333333333334,260781000000,1688.0,0,cnetgrw,1659.601152,-1772097100073.0957,-1772097101732.6968,dde09ccb-07bf-4e3a-8006-b5abc8440482,10,The local government proposed constructing a new library in the town center
d781d1a1-2cc0-4958-993f-999875f59f5b,71c43855-8970-4313-8ac1-c802bcaf578f,0,Research,TIMED_OUT,DEGRADED,,1772097394474002688,180.2382469177246,0.0,0.0,0,,,,,,,,,,,,dde09ccb-07bf-4e3a-8006-b5abc8440482,11,Research has demonstrated that bilingual children often develop stronger cognitive flexibility
b9fa744c-32da-48d6-b6bd-93fc925b3b87,71c43855-8970-4313-8ac1-c802bcaf578f,1,has,TIMED_OUT,DEGRADED,,1772097388583746304,159.22236442565918,0.0,0.0,0,,,,,,,,,,,,dde09ccb-07bf-4e3a-8006-b5abc8440482,11,Research has demonstrated that bilingual children often develop stronger cognitive flexibility
23a90f01-1287-4d09-9aaf-928809c2ed80,71c43855-8970-4313-8ac1-c802bcaf578f,2,demonstrated,TIMED_OUT,DEGRADED,,1772097404944212992,180.009126663208,0.0,0.0,0,,,,,,,,,,,,dde09ccb-07bf-4e3a-8006-b5abc8440482,11,Research has demonstrated that bilingual children often develop stronger cognitive flexibility
bd2a03fe-2f7e-4b50-bd05-313c06ef8bef,71c43855-8970-4313-8ac1-c802bcaf578f,3,that,COMPLETE,HIGH,,1772097389654397184,181.38718605041504,0.0,0.0,0,1772097390949707264,1.0,that,1,,,,,1295.31008,,,dde09ccb-07bf-4e3a-8006-b5abc8440482,11,Research has demonstrated that bilingual children often develop stronger cognitive flexibility
f0c19b7e-fea0-4578-9eae-7ec168bdb4f3,71c43855-8970-4313-8ac1-c802bcaf578f,4,bilingual,COMPLETE,HIGH,,1772097389180847616,165.05002975463867,0.0,0.0,0,1772097392227097856,0.9473684210526315,bilingual,0.9473684210526315,,,,,3046.25024,,,dde09ccb-07bf-4e3a-8006-b5abc8440482,11,Research has demonstrated that bilingual children often develop stronger cognitive flexibility
c9e82143-34fd-437d-a11a-9ec57ab27adc,71c43855-8970-4313-8ac1-c802bcaf578f,5,children,COMPLETE,HIGH,,1772097391146063872,202.5167942047119,0.0,0.0,0,1772097392748177408,1.0,children,1,,,,,1602.113536,,,dde09ccb-07bf-4e3a-8006-b5abc8440482,11,Research has demonstrated that bilingual children often develop stronger cognitive flexibility
ff28de0b-8767-4001-92df-8c3cc809ba74,71c43855-8970-4313-8ac1-c802bcaf578f,6,often,COMPLETE,HIGH,,1772097388936819712,167.0684814453125,0.0,0.0,0,1772097392996835584,1.0,often,1,,,,,4060.015872,,,dde09ccb-07bf-4e3a-8006-b5abc8440482,11,Research has demonstrated that bilingual children often develop stronger cognitive flexibility
ccfa6ac4-408f-4a6f-9769-b00aef455e42,71c43855-8970-4313-8ac1-c802bcaf578f,7,develop,COMPLETE,HIGH,,1772097391977128704,158.92553329467773,0.0,0.0,0,1772097393506786816,0.8235294117647058,develop,0.8235294117647058,,,,,1529.658112,,,dde09ccb-07bf-4e3a-8006-b5abc8440482,11,Research has demonstrated that bilingual children often develop stronger cognitive flexibility
f442866e-5264-4148-9222-13ef94ba9261,71c43855-8970-4313-8ac1-c802bcaf578f,8,stronger,COMPLETE,HIGH,,1772097392566173440,167.95015335083008,0.0,0.0,0,1772097393763958272,1.0,stronger,1,,,,,1197.784832,,,dde09ccb-07bf-4e3a-8006-b5abc8440482,11,Research has demonstrated that bilingual children often develop stronger cognitive flexibility
6405e98b-8484-42ed-bb78-de537d9c722f,71c43855-8970-4313-8ac1-c802bcaf578f,9,cognitive,TIMED_OUT,DEGRADED,,1772097392323839232,183.25471878051758,0.0,0.0,0,,,,,,,,,,,,dde09ccb-07bf-4e3a-8006-b5abc8440482,11,Research has demonstrated that bilingual children often develop stronger cognitive flexibility
0bdde889-ef23-4653-9405-84c08cf9330d,71c43855-8970-4313-8ac1-c802bcaf578f,10,flexibility,COMPLETE,HIGH,,1772097387943229696,204.5137882232666,0.0,0.0,0,1772097395043740672,0.8333333333333334,flexibility,0.8333333333333334,,,,,7100.510976,,,dde09ccb-07bf-4e3a-8006-b5abc8440482,11,Research has demonstrated that bilingual children often develop stronger cognitive flexibility
48a59246-ecae-4bc2-a293-352b01c6353a,36528492-2bc5-4b80-9256-9ae0225a6321,0,The,COMPLETE,HIGH,,250000000,195.4965591430664,0.0,0.0,0,1275000000,1.0,The,1,2375000000,422.0,0,the,1025.0,2125.0,1100.0,e3702803-0efb-41d2-bd9f-76cbd86ab2ee,0,The cat sat on the mat
ce24a2ad-f28b-423d-89be-4fd4365ea800,36528492-2bc5-4b80-9256-9ae0225a6321,1,cat,COMPLETE,HIGH,,609000000,163.01441192626953,0.0,0.0,0,,,,,2968000000,375.0,0,cat,,2359.0,,e3702803-0efb-41d2-bd9f-76cbd86ab2ee,0,The cat sat on the mat
7a4961f9-b61a-4a96-8653-ba10447022f0,36528492-2bc5-4b80-9256-9ae0225a6321,2,sat,COMPLETE,HIGH,,1250000000,162.03570365905762,0.0,0.0,0,,,,,3968000000,859.0,0,sat,,2718.0,,e3702803-0efb-41d2-bd9f-76cbd86ab2ee,0,The cat sat on the mat
cd406cd7-7177-495d-8de9-b962e6ec7bba,36528492-2bc5-4b80-9256-9ae0225a6321,3,on,COMPLETE,HIGH,,1609000000,166.41879081726074,0.0,0.0,0,4618000000,1.0,on,1,5109000000,344.0,0,on,3009.0,3500.0,491.0,e3702803-0efb-41d2-bd9f-76cbd86ab2ee,0,The cat sat on the mat
9edd05f2-9e1d-4417-afa3-015a2afddf9b,36528492-2bc5-4b80-9256-9ae0225a6321,4,the,COMPLETE,HIGH,,3734000000,159.84177589416504,0.0,0.0,0,,,,,5718000000,390.0,0,the,,1984.0,,e3702803-0efb-41d2-bd9f-76cbd86ab2ee,0,The cat sat on the mat
ce2b01a8-da16-4cd9-af73-addcbf658ab9,36528492-2bc5-4b80-9256-9ae0225a6321,5,mat,TIMED_OUT,EXCLUDED,Sentence closed before slot completed.,,,,,,,,,,7000000000,1047.0,0,mat,,,,e3702803-0efb-41d2-bd9f-76cbd86ab2ee,0,The cat sat on the mat
b8d2f269-c895-441c-889c-673b06da0d78,5b1e2562-7fe6-4dd7-b949-5423d5dbfe6e,0,She,TIMED_OUT,EXCLUDED,Sentence closed before slot completed.,,,,,,8978000000,1.0,She,1,9812000000,719.0,0,she,,,,e3702803-0efb-41d2-bd9f-76cbd86ab2ee,1,She walked quickly to the store
0f00ce37-cd48-4a99-bd36-a523507e906a,5b1e2562-7fe6-4dd7-b949-5423d5dbfe6e,1,walked,COMPLETE,DEGRADED,,8265000000,177.12068557739258,0.0,0.0,1,9228000000,0.8,walked,0.8,10875000000,938.0,0,walked,963.0,2610.0,1647.0,e3702803-0efb-41d2-bd9f-76cbd86ab2ee,1,She walked quickly to the store
aab0d28d-4424-4036-a139-bd40ff7ba6d1,5b1e2562-7fe6-4dd7-b949-5423d5dbfe6e,2,quickly,COMPLETE,DEGRADED,,8031000000,182.5399398803711,0.0,0.0,1,9728000000,1.0,quickly,1,12922000000,1485.0,0,quickly,1697.0,4891.0,3194.0,e3702803-0efb-41d2-bd9f-76cbd86ab2ee,1,She walked quickly to the store
2161cdcc-dd50-4902-9800-95d4751b2ad4,5b1e2562-7fe6-4dd7-b949-5423d5dbfe6e,3,to,COMPLETE,HIGH,,7484000000,167.8767204284668,0.0,0.0,0,14384000000,1.0,to,1,14640000000,250.0,0,to,6900.0,7156.0,256.0,e3702803-0efb-41d2-bd9f-76cbd86ab2ee,1,She walked quickly to the store
7cbf96b5-9ccb-428a-8ba3-37f81ae1a0b3,5b1e2562-7fe6-4dd7-b949-5423d5dbfe6e,4,the,COMPLETE,HIGH,,10328000000,152.5883674621582,0.0,0.0,0,,,,,15203000000,438.0,0,the,,4875.0,,e3702803-0efb-41d2-bd9f-76cbd86ab2ee,1,She walked quickly to the store
bccfd14d-9086-4cdb-a208-9edbeaee0ce6,5b1e2562-7fe6-4dd7-b949-5423d5dbfe6e,5,store,COMPLETE,HIGH,,13515000000,186.10858917236328,0.0,0.0,0,,,,,16734000000,1375.0,0,store,,3219.0,,e3702803-0efb-41d2-bd9f-76cbd86ab2ee,1,She walked quickly to the store
fc62d576-dea2-4cd0-9d2c-a8aaccc2fb57,242f8c3c-f1d4-46a7-804c-8bb808d15c87,0,The,TIMED_OUT,EXCLUDED,Sentence closed before slot completed.,,,,,,18415000000,1.0,The,1,20078000000,360.0,0,the,,,,e3702803-0efb-41d2-bd9f-76cbd86ab2ee,2,The children played outside until the sun set
52f4f642-c4d6-4367-ba54-8aba7297bb09,242f8c3c-f1d4-46a7-804c-8bb808d15c87,1,children,TIMED_OUT,EXCLUDED,Sentence closed before slot completed.,,,,,,19025000000,1.0,children,1,21984000000,1734.0,0,children,,,,e3702803-0efb-41d2-bd9f-76cbd86ab2ee,2,The children played outside until the sun set
e3cc6161-8b3f-45bf-97f6-5ad931706fb5,242f8c3c-f1d4-46a7-804c-8bb808d15c87,2,played,TIMED_OUT,EXCLUDED,Sentence closed before slot completed.,,,,,,,,,,23312000000,1015.0,0,played,,,,e3702803-0efb-41d2-bd9f-76cbd86ab2ee,2,The children played outside until the sun set
44656297-9a91-40cc-b5e7-35c84ae3054f,242f8c3c-f1d4-46a7-804c-8bb808d15c87,3,outside,COMPLETE,HIGH,,17359000000,162.04214096069336,0.0,0.0,0,19197000000,1.0,outside,1,25031000000,1500.0,0,outside,1838.0,7672.0,5834.0,e3702803-0efb-41d2-bd9f-76cbd86ab2ee,2,The children played outside until the sun set
f735a2b1-a18f-4999-bc96-9b5606531b1f,242f8c3c-f1d4-46a7-804c-8bb808d15c87,4,until,COMPLETE,HIGH,,17547000000,158.3092212677002,0.0,0.0,0,,,,,27500000000,969.0,0,until,,9953.0,,e3702803-0efb-41d2-bd9f-76cbd86ab2ee,2,The children played outside until the sun set
5a513064-d3c2-4bfc-a7de-2be1543ef443,242f8c3c-f1d4-46a7-804c-8bb808d15c87,5,the,COMPLETE,HIGH,,18390000000,175.6305694580078,0.0,0.0,0,,,,,28234000000,578.0,0,the,,9844.0,,e3702803-0efb-41d2-bd9f-76cbd86ab2ee,2,The children played outside until the sun set
1151aa3a-b298-4eaa-a40e-000f7aab7a69,242f8c3c-f1d4-46a7-804c-8bb808d15c87,6,sun,COMPLETE,HIGH,,25031000000,199.71561431884766,0.0,0.0,0,,,,,29218000000,593.0,0,sun,,4187.0,,e3702803-0efb-41d2-bd9f-76cbd86ab2ee,2,The children played outside until the sun set
3568c525-36d7-4193-8b44-d4759f35250f,242f8c3c-f1d4-46a7-804c-8bb808d15c87,7,set,COMPLETE,HIGH,,25593000000,167.21296310424805,0.0,0.0,0,,,,,29922000000,579.0,0,set,,4329.0,,e3702803-0efb-41d2-bd9f-76cbd86ab2ee,2,The children played outside until the sun set
a1f66d99-80e4-42cd-a1ca-840392b6bacb,51deb6e2-6a74-4d1b-a24f-39b16266581f,0,The,COMPLETE,HIGH,,1772021824441299456,189.6381378173828,0.0,0.0,0,1772021829047529472,1.0,The,1,,,,,4606.230016,,,e3d3f9a1-881a-465c-b1ca-65f23053c4e3,0,The cat sat on the mat
b8a52ec3-8f7e-4ce5-96fb-029199b25889,51deb6e2-6a74-4d1b-a24f-39b16266581f,1,cat,COMPLETE,HIGH,,1772021828328745984,163.862943649292,0.0,0.0,0,1772021829047529472,1.0,cat,1,,,,,718.783488,,,e3d3f9a1-881a-465c-b1ca-65f23053c4e3,0,The cat sat on the mat
fb95b8e8-94fd-4329-ae14-e9dfa56a0130,51deb6e2-6a74-4d1b-a24f-39b16266581f,2,sat,COMPLETE,HIGH,,1772021825002750976,150.16603469848633,0.0,0.0,0,1772021829235860992,1.0,sat,1,,,,,4233.110016,,,e3d3f9a1-881a-465c-b1ca-65f23053c4e3,0,The cat sat on the mat
b75e994a-7630-4725-add6-1ade768f78db,51deb6e2-6a74-4d1b-a24f-39b16266581f,3,on,COMPLETE,HIGH,,1772021826393203200,169.813871383667,0.0,0.0,0,1772021829235860992,1.0,on,1,,,,,2842.657792,,,e3d3f9a1-881a-465c-b1ca-65f23053c4e3,0,The cat sat on the mat
eae1041f-4c2c-49bd-8f0b-e5d383d5f7ea,51deb6e2-6a74-4d1b-a24f-39b16266581f,4,the,TIMED_OUT,DEGRADED,,1772021825434317056,184.8142147064209,0.0,0.0,0,,,,,,,,,,,,e3d3f9a1-881a-465c-b1ca-65f23053c4e3,0,The cat sat on the mat
937477f2-8613-459c-be76-2582d5ea9722,51deb6e2-6a74-4d1b-a24f-39b16266581f,5,mat,COMPLETE,HIGH,,1772021825878854144,176.9540309906006,0.0,0.0,0,1772021830004471552,1.0,mat,1,,,,,4125.617408,,,e3d3f9a1-881a-465c-b1ca-65f23053c4e3,0,The cat sat on the mat
549ebcf1-6732-450d-a314-9b9eb74d1644,d429e9c0-3d83-4433-b35a-6b5a09e01bef,0,She,TIMED_OUT,DEGRADED,,1772021830910156032,181.9896697998047,0.0,0.0,0,,,,,,,,,,,,e3d3f9a1-881a-465c-b1ca-65f23053c4e3,1,She walked quickly to the store
5f8b5b28-26bd-410c-984d-e71d52a994ce,d429e9c0-3d83-4433-b35a-6b5a09e01bef,1,walked,TIMED_OUT,EXCLUDED,Sentence closed before slot completed.,,,,,,,,,,,,,,,,,e3d3f9a1-881a-465c-b1ca-65f23053c4e3,1,She walked quickly to the store
98abf7f9-b833-472d-a7f0-f8b484f276d2,d429e9c0-3d83-4433-b35a-6b5a09e01bef,2,quickly,TIMED_OUT,DEGRADED,,1772021831725284608,209.37609672546387,0.0,0.0,0,,,,,,,,,,,,e3d3f9a1-881a-465c-b1ca-65f23053c4e3,1,She walked quickly to the store
ecc77911-1131-44d4-a268-da206b50996a,d429e9c0-3d83-4433-b35a-6b5a09e01bef,3,to,COMPLETE,HIGH,,1772021832002972416,154.82234954833984,0.0,0.0,0,1772021832662808832,1.0,to,1,,,,,659.836416,,,e3d3f9a1-881a-465c-b1ca-65f23053c4e3,1,She walked quickly to the store
a45d9daa-369e-47b1-b667-0b366bda9489,d429e9c0-3d83-4433-b35a-6b5a09e01bef,4,the,TIMED_OUT,DEGRADED,,1772021832335156224,170.97783088684082,0.0,0.0,0,,,,,,,,,,,,e3d3f9a1-881a-465c-b1ca-65f23053c4e3,1,She walked quickly to the store
c63a0feb-48fc-4493-8f94-a029733c1aa5,d429e9c0-3d83-4433-b35a-6b5a09e01bef,5,store,TIMED_OUT,DEGRADED,,1772021832923169280,212.874174118042,0.0,0.0,0,,,,,,,,,,,,e3d3f9a1-881a-465c-b1ca-65f23053c4e3,1,She walked quickly to the store
3e4bab0a-a388-43f9-892f-7aae62785130,7a8ae028-673d-446b-aca7-fde534f0666c,0,The,COMPLETE,HIGH,,1772021833497197056,151.12638473510742,0.0,0.0,0,1772021834623010048,1.0,The,1,,,,,1125.812992,,,e3d3f9a1-881a-465c-b1ca-65f23053c4e3,2,The children played outside until the sun set
39a1efc9-197e-48b7-9171-6eecde079a6a,7a8ae028-673d-446b-aca7-fde534f0666c,1,children,COMPLETE,HIGH,,1772021834522499328,196.64549827575684,0.0,0.0,0,1772021835128925440,0.7692307692307693,children,0.7692307692307693,,,,,606.426112,,,e3d3f9a1-881a-465c-b1ca-65f23053c4e3,2,The children played outside until the sun set
ea1220c9-996f-4a1a-9c23-c5d8553ceaad,7a8ae028-673d-446b-aca7-fde534f0666c,2,played,TIMED_OUT,DEGRADED,,1772021834723009792,165.24481773376465,0.0,0.0,0,,,,,,,,,,,,e3d3f9a1-881a-465c-b1ca-65f23053c4e3,2,The children played outside until the sun set
8609e574-47fd-4100-ba05-5e549c672cdd,7a8ae028-673d-446b-aca7-fde534f0666c,3,outside,TIMED_OUT,EXCLUDED,Sentence closed before slot completed.,,,,,,,,,,,,,,,,,e3d3f9a1-881a-465c-b1ca-65f23053c4e3,2,The children played outside until the sun set
1d42d4ab-e270-4604-9bf6-a156b4c513b0,7a8ae028-673d-446b-aca7-fde534f0666c,4,until,TIMED_OUT,EXCLUDED,Sentence closed before slot completed.,,,,,,1772021836439295488,1.0,until,1,,,,,,,,e3d3f9a1-881a-465c-b1ca-65f23053c4e3,2,The children played outside until the sun set
66080b8c-7ab7-41fb-b7b6-7ba0e2b9c786,7a8ae028-673d-446b-aca7-fde534f0666c,5,the,TIMED_OUT,DEGRADED,,1772021835560229632,157.16028213500977,0.0,0.0,0,,,,,,,,,,,,e3d3f9a1-881a-465c-b1ca-65f23053c4e3,2,The children played outside until the sun set
6b6299b3-0e7a-4000-91b7-2d748db0a83f,7a8ae028-673d-446b-aca7-fde534f0666c,6,sun,TIMED_OUT,DEGRADED,,1772021835875042048,180.21821975708008,0.0,0.0,0,,,,,,,,,,,,e3d3f9a1-881a-465c-b1ca-65f23053c4e3,2,The children played outside until the sun set
6d20d5d5-0ea1-4943-a21d-7d17f3496a79,7a8ae028-673d-446b-aca7-fde534f0666c,7,set,TIMED_OUT,EXCLUDED,Sentence closed before slot completed.,,,,,,,,,,,,,,,,,e3d3f9a1-881a-465c-b1ca-65f23053c4e3,2,The children played outside until the sun set
9f543f3b-bed1-4c9d-93e9-06d02acb8ed3,251c8491-4b8d-46c4-aa21-d52f7c499eca,0,Every,COMPLETE,HIGH,,1772021837533190912,167.77849197387695,0.0,0.0,0,1772021838726382336,1.0,Every,1,,,,,1193.191424,,,e3d3f9a1-881a-465c-b1ca-65f23053c4e3,3,Every morning she read the newspaper before breakfast
a45aea10-74f7-4d0e-b298-fe9f9095beee,251c8491-4b8d-46c4-aa21-d52f7c499eca,1,morning,COMPLETE,HIGH,,1772021838203268864,166.0165786743164,0.0,0.0,0,1772021839223165440,1.0,morning,1,,,,,1019.896576,,,e3d3f9a1-881a-465c-b1ca-65f23053c4e3,3,Every morning she read the newspaper before breakfast
64f30245-d219-41a5-aaec-eed3af847608,251c8491-4b8d-46c4-aa21-d52f7c499eca,2,she,TIMED_OUT,EXCLUDED,Sentence closed before slot completed.,,,,,,,,,,,,,,,,,e3d3f9a1-881a-465c-b1ca-65f23053c4e3,3,Every morning she read the newspaper before breakfast
c1a6afcc-71e8-4366-ab3a-7b450b634907,251c8491-4b8d-46c4-aa21-d52f7c499eca,3,read,TIMED_OUT,DEGRADED,,1772021838590347008,164.63756561279297,0.0,0.0,0,,,,,,,,,,,,e3d3f9a1-881a-465c-b1ca-65f23053c4e3,3,Every morning she read the newspaper before breakfast
d6d5a706-3a53-479c-b917-00d72ea8e70b,251c8491-4b8d-46c4-aa21-d52f7c499eca,4,the,COMPLETE,HIGH,,1772021839077287680,175.7678985595703,0.0,0.0,0,1772021839753341184,1.0,the,1,,,,,676.053504,,,e3d3f9a1-881a-465c-b1ca-65f23053c4e3,3,Every morning she read the newspaper before breakfast
0c42bfed-cb1e-4972-a946-98a600472731,251c8491-4b8d-46c4-aa21-d52f7c499eca,5,newspaper,COMPLETE,HIGH,,1772021839280258816,186.11741065979004,0.0,0.0,0,1772021840000779008,1.0,newspaper,1,,,,,720.520192,,,e3d3f9a1-881a-465c-b1ca-65f23053c4e3,3,Every morning she read the newspaper before breakfast
4b6a258c-1b93-406f-b017-345c55e828f7,251c8491-4b8d-46c4-aa21-d52f7c499eca,6,before,COMPLETE,HIGH,,1772021837187822080,160.0956916809082,0.0,0.0,0,1772021840252320512,1.0,before,1,,,,,3064.498432,,,e3d3f9a1-881a-465c-b1ca-65f23053c4e3,3,Every morning she read the newspaper before breakfast
3591f085-f570-485c-a264-1562ac7bf7dd,251c8491-4b8d-46c4-aa21-d52f7c499eca,7,breakfast,COMPLETE,HIGH,,1772021841227055616,177.08659172058105,0.0,0.0,0,1772021840759964672,1.0,breakfast,1,,,,,-467.090944,,,e3d3f9a1-881a-465c-b1ca-65f23053c4e3,3,Every morning she read the newspaper before breakfast
d83e7107-935b-445a-a844-8c37ca6af820,bcf61be9-6652-4502-855c-5d366f288f1e,0,The,COMPLETE,HIGH,,1772021841958361600,204.8344612121582,0.0,0.0,0,1772021843331385088,1.0,The,1,,,,,1373.023488,,,e3d3f9a1-881a-465c-b1ca-65f23053c4e3,4,The scientist observed that the plants grew faster in sunlight
63c119b4-b729-4ea7-a0b5-6d60b74222c3,bcf61be9-6652-4502-855c-5d366f288f1e,1,scientist,TIMED_OUT,DEGRADED,,1772021843143144448,174.18408393859863,0.0,0.0,0,,,,,,,,,,,,e3d3f9a1-881a-465c-b1ca-65f23053c4e3,4,The scientist observed that the plants grew faster in sunlight
e0d9f366-ee3a-4786-89a6-9620577e292b,bcf61be9-6652-4502-855c-5d366f288f1e,2,observed,TIMED_OUT,DEGRADED,,1772021843387651584,155.61223030090332,0.0,0.0,0,,,,,,,,,,,,e3d3f9a1-881a-465c-b1ca-65f23053c4e3,4,The scientist observed that the plants grew faster in sunlight
3fb0d907-fe0e-4318-bc09-eb96d274cbb9,bcf61be9-6652-4502-855c-5d366f288f1e,3,that,TIMED_OUT,EXCLUDED,Sentence closed before slot completed.,,,,,,,,,,,,,,,,,e3d3f9a1-881a-465c-b1ca-65f23053c4e3,4,The scientist observed that the plants grew faster in sunlight
90d240c7-166e-481d-a7cf-ff528844b397,bcf61be9-6652-4502-855c-5d366f288f1e,4,the,TIMED_OUT,DEGRADED,,1772021843736563200,216.80736541748047,0.0,0.0,0,,,,,,,,,,,,e3d3f9a1-881a-465c-b1ca-65f23053c4e3,4,The scientist observed that the plants grew faster in sunlight
3c7a5165-6b6b-401a-b697-070c2e4e4e8b,bcf61be9-6652-4502-855c-5d366f288f1e,5,plants,TIMED_OUT,EXCLUDED,Sentence closed before slot completed.,,,,,,,,,,,,,,,,,e3d3f9a1-881a-465c-b1ca-65f23053c4e3,4,The scientist observed that the plants grew faster in sunlight
4cd0eeb9-2e65-48a6-9801-f03261db0bfa,bcf61be9-6652-4502-855c-5d366f288f1e,6,grew,TIMED_OUT,DEGRADED,,1772021844530299392,169.60787773132324,0.0,0.0,0,,,,,,,,,,,,e3d3f9a1-881a-465c-b1ca-65f23053c4e3,4,The scientist observed that the plants grew faster in sunlight
b5191bbe-b188-4481-ac5e-3f13f2e94fd8,bcf61be9-6652-4502-855c-5d366f288f1e,7,faster,TIMED_OUT,DEGRADED,,1772021844767386880,184.28850173950195,0.0,0.0,0,,,,,,,,,,,,e3d3f9a1-881a-465c-b1ca-65f23053c4e3,4,The scientist observed that the plants grew faster in sunlight
2e140ccb-9e22-4bb8-9a1b-f46faebe7d62,bcf61be9-6652-4502-855c-5d366f288f1e,8,in,TIMED_OUT,DEGRADED,,1772021845322827264,170.31335830688477,0.0,0.0,0,,,,,,,,,,,,e3d3f9a1-881a-465c-b1ca-65f23053c4e3,4,The scientist observed that the plants grew faster in sunlight
bc5ab266-2226-4f86-92c7-69725a3829a1,bcf61be9-6652-4502-855c-5d366f288f1e,9,sunlight,TIMED_OUT,EXCLUDED,Sentence closed before slot completed.,,,,,,,,,,,,,,,,,e3d3f9a1-881a-465c-b1ca-65f23053c4e3,4,The scientist observed that the plants grew faster in sunlight
c64b354c-d06f-4f9c-9f19-acfe82d8df93,be802497-86c8-4a4b-bfdc-1152d1516732,0,After,COMPLETE,HIGH,,1772021847093119744,160.02249717712402,0.0,0.0,0,1772021848164350208,1.0,After,1,,,,,1071.230464,,,e3d3f9a1-881a-465c-b1ca-65f23053c4e3,5,After the storm the streets were covered with fallen leaves
a07899a1-b092-4816-93c9-aa926b01d116,be802497-86c8-4a4b-bfdc-1152d1516732,1,the,COMPLETE,HIGH,,1772021847843374080,159.57975387573242,0.0,0.0,0,1772021849203194112,1.0,the,1,,,,,1359.820032,,,e3d3f9a1-881a-465c-b1ca-65f23053c4e3,5,After the storm the streets were covered with fallen leaves
271ab678-ed10-4dbb-96f6-ce14d7b8d804,be802497-86c8-4a4b-bfdc-1152d1516732,2,storm,TIMED_OUT,EXCLUDED,Sentence closed before slot completed.,,,,,,,,,,,,,,,,,e3d3f9a1-881a-465c-b1ca-65f23053c4e3,5,After the storm the streets were covered with fallen leaves
a570d38a-4f97-4d13-83d9-d0298d3c6b8b,be802497-86c8-4a4b-bfdc-1152d1516732,3,the,TIMED_OUT,DEGRADED,,1772021848192323840,158.41984748840332,0.0,0.0,0,,,,,,,,,,,,e3d3f9a1-881a-465c-b1ca-65f23053c4e3,5,After the storm the streets were covered with fallen leaves
f23defc5-5541-47bd-a73e-9a8012461046,be802497-86c8-4a4b-bfdc-1152d1516732,4,streets,TIMED_OUT,DEGRADED,,1772021848465857792,162.56356239318848,0.0,0.0,0,,,,,,,,,,,,e3d3f9a1-881a-465c-b1ca-65f23053c4e3,5,After the storm the streets were covered with fallen leaves
fc73ab2d-0261-493c-a994-3a7e0304550b,be802497-86c8-4a4b-bfdc-1152d1516732,5,were,TIMED_OUT,EXCLUDED,Sentence closed before slot completed.,,,,,,1772021849970056704,1.0,were,1,,,,,,,,e3d3f9a1-881a-465c-b1ca-65f23053c4e3,5,After the storm the streets were covered with fallen leaves
e2f5b1e8-272e-4a0a-92ce-7630e2d4f610,be802497-86c8-4a4b-bfdc-1152d1516732,6,covered,COMPLETE,HIGH,,1772021848993332480,160.04467010498047,0.0,0.0,0,1772021849970056704,1.0,covered,1,,,,,976.724224,,,e3d3f9a1-881a-465c-b1ca-65f23053c4e3,5,After the storm the streets were covered with fallen leaves
202e0823-513c-42c9-9f85-cb806b4cd29a,be802497-86c8-4a4b-bfdc-1152d1516732,7,with,COMPLETE,HIGH,,1772021846831451648,157.55367279052734,0.0,0.0,0,1772021849970056704,1.0,with,1,,,,,3138.605056,,,e3d3f9a1-881a-465c-b1ca-65f23053c4e3,5,After the storm the streets were covered with fallen leaves
143d4663-f0e4-4eb5-a02e-86fcf264c699,be802497-86c8-4a4b-bfdc-1152d1516732,8,fallen,TIMED_OUT,EXCLUDED,Sentence closed before slot completed.,,,,,,,,,,,,,,,,,e3d3f9a1-881a-465c-b1ca-65f23053c4e3,5,After the storm the streets were covered with fallen leaves
cdefeaf6-b083-4153-89d0-36c27b6d8111,be802497-86c8-4a4b-bfdc-1152d1516732,9,leaves,TIMED_OUT,EXCLUDED,Sentence closed before slot completed.,,,,,,1772021850723158784,1.0,leaves,1,,,,,,,,e3d3f9a1-881a-465c-b1ca-65f23053c4e3,5,After the storm the streets were covered with fallen leaves
ddeec07d-52ef-401a-bbd1-2d7cafa44248,fad0fa56-57a3-4fec-acfb-ae0cd7a16cc6,0,The,COMPLETE,HIGH,,1772021852364229632,169.13223266601562,0.0,0.0,0,1772021853291894528,1.0,The,1,,,,,927.664896,,,e3d3f9a1-881a-465c-b1ca-65f23053c4e3,6,The museum displayed artifacts from ancient civilizations around the world
6e09b7da-d2bb-4488-bc04-6bc06e831ecb,fad0fa56-57a3-4fec-acfb-ae0cd7a16cc6,1,museum,COMPLETE,HIGH,,1772021853053180672,196.08664512634277,0.0,0.0,0,1772021853814678272,1.0,museum,1,,,,,761.4976,,,e3d3f9a1-881a-465c-b1ca-65f23053c4e3,6,The museum displayed artifacts from ancient civilizations around the world
60ecefa7-c0c5-477f-a63f-9f839fbb22c7,fad0fa56-57a3-4fec-acfb-ae0cd7a16cc6,2,displayed,COMPLETE,HIGH,,1772021853616888576,163.8948917388916,0.0,0.0,0,1772021854323145984,1.0,displayed,1,,,,,706.257408,,,e3d3f9a1-881a-465c-b1ca-65f23053c4e3,6,The museum displayed artifacts from ancient civilizations around the world
c75effd1-d26b-450a-924e-a912953ac9af,fad0fa56-57a3-4fec-acfb-ae0cd7a16cc6,3,artifacts,COMPLETE,HIGH,,1772021854387167488,156.79454803466797,0.0,0.0,0,1772021854833186048,1.0,artifacts,1,,,,,446.01856,,,e3d3f9a1-881a-465c-b1ca-65f23053c4e3,6,The museum displayed artifacts from ancient civilizations around the world
8b709183-dd62-47bc-b6c0-ae84092adf21,fad0fa56-57a3-4fec-acfb-ae0cd7a16cc6,4,from,COMPLETE,HIGH,,1772021855022311424,208.4965705871582,0.0,0.0,0,1772021855085549056,1.0,from,1,,,,,63.237632,,,e3d3f9a1-881a-465c-b1ca-65f23053c4e3,6,The museum displayed artifacts from ancient civilizations around the world
34741f71-2455-47f5-a724-140ae1febdbe,fad0fa56-57a3-4fec-acfb-ae0cd7a16cc6,5,ancient,TIMED_OUT,DEGRADED,,1772021855493177856,200.06275177001953,0.0,0.0,0,,,,,,,,,,,,e3d3f9a1-881a-465c-b1ca-65f23053c4e3,6,The museum displayed artifacts from ancient civilizations around the world
b596bcc8-2b48-4516-8fb4-19c0c366ea54,fad0fa56-57a3-4fec-acfb-ae0cd7a16cc6,6,civilizations,COMPLETE,HIGH,,1772021856059130624,155.90810775756836,0.0,0.0,0,1772021856874832384,1.0,civilizations,1,,,,,815.70176,,,e3d3f9a1-881a-465c-b1ca-65f23053c4e3,6,The museum displayed artifacts from ancient civilizations around the world
51d0f4a0-9ee8-4b25-9ca1-65e2626e7eb8,fad0fa56-57a3-4fec-acfb-ae0cd7a16cc6,7,around,COMPLETE,HIGH,,1772021851899966976,194.82755661010742,0.0,0.0,0,1772021857395346944,1.0,around,1,,,,,5495.379968,,,e3d3f9a1-881a-465c-b1ca-65f23053c4e3,6,The museum displayed artifacts from ancient civilizations around the world
58af8c5f-095e-4cb3-b193-ac354bfde109,fad0fa56-57a3-4fec-acfb-ae0cd7a16cc6,8,the,TIMED_OUT,EXCLUDED,Sentence closed before slot completed.,,,,,,,,,,,,,,,,,e3d3f9a1-881a-465c-b1ca-65f23053c4e3,6,The museum displayed artifacts from ancient civilizations around the world
50cd7bce-e0f4-4f59-a3b2-f6b36d7965a1,fad0fa56-57a3-4fec-acfb-ae0cd7a16cc6,9,world,TIMED_OUT,EXCLUDED,Sentence closed before slot completed.,,,,,,1772021857643183872,1.0,world,1,,,,,,,,e3d3f9a1-881a-465c-b1ca-65f23053c4e3,6,The museum displayed artifacts from ancient civilizations around the world
573196b4-a8f5-431b-8cab-c67599279f9a,dad9f6d3-49b5-45df-9b2a-c98c9c34fcc0,0,During,COMPLETE,HIGH,,1772021858595222528,152.4038314819336,0.0,0.0,0,1772021859959958528,1.0,During,1,,,,,1364.736,,,e3d3f9a1-881a-465c-b1ca-65f23053c4e3,7,During the summer holidays they traveled to several different countries
bbf16ff9-3d2a-493f-8640-84dd12d3c876,dad9f6d3-49b5-45df-9b2a-c98c9c34fcc0,1,the,COMPLETE,HIGH,,1772021859524811008,194.5042610168457,0.0,0.0,0,1772021860200661248,1.0,the,1,,,,,675.85024,,,e3d3f9a1-881a-465c-b1ca-65f23053c4e3,7,During the summer holidays they traveled to several different countries
ae879097-5ce9-45a4-a0ae-82dbf9eac81e,dad9f6d3-49b5-45df-9b2a-c98c9c34fcc0,2,summer,COMPLETE,HIGH,,1772021860117522176,163.94710540771484,0.0,0.0,0,1772021860467124992,1.0,summer,1,,,,,349.602816,,,e3d3f9a1-881a-465c-b1ca-65f23053c4e3,7,During the summer holidays they traveled to several different countries
3e3360b7-ec76-4161-8602-0407197c325b,dad9f6d3-49b5-45df-9b2a-c98c9c34fcc0,3,holidays,COMPLETE,HIGH,,1772021860724878336,190.36293029785156,0.0,0.0,0,1772021860723025920,0.9333333333333333,holidays,0.9333333333333333,,,,,-1.852416,,,e3d3f9a1-881a-465c-b1ca-65f23053c4e3,7,During the summer holidays they traveled to several different countries
66cb6b7b-0090-48c9-949f-f6b77f400f57,dad9f6d3-49b5-45df-9b2a-c98c9c34fcc0,4,they,COMPLETE,HIGH,,1772021861113509632,160.40682792663574,0.0,0.0,0,1772021861229999616,1.0,they,1,,,,,116.489984,,,e3d3f9a1-881a-465c-b1ca-65f23053c4e3,7,During the summer holidays they traveled to several different countries
a786392c-5507-4089-ba8c-db5bbf72e123,dad9f6d3-49b5-45df-9b2a-c98c9c34fcc0,5,traveled,TIMED_OUT,DEGRADED,,1772021861372677120,159.06095504760742,0.0,0.0,0,,,,,,,,,,,,e3d3f9a1-881a-465c-b1ca-65f23053c4e3,7,During the summer holidays they traveled to several different countries
12b24040-220f-48e3-ac5d-3d16e1c34d3d,dad9f6d3-49b5-45df-9b2a-c98c9c34fcc0,6,to,COMPLETE,HIGH,,1772021861657847040,215.32487869262695,0.0,0.0,0,1772021861799771392,1.0,to,1,,,,,141.924352,,,e3d3f9a1-881a-465c-b1ca-65f23053c4e3,7,During the summer holidays they traveled to several different countries
5ff62c73-4a6f-4119-abc5-7bc82a5b2cf9,dad9f6d3-49b5-45df-9b2a-c98c9c34fcc0,7,several,TIMED_OUT,DEGRADED,,1772021863523178752,172.55783081054688,0.0,0.0,0,,,,,,,,,,,,e3d3f9a1-881a-465c-b1ca-65f23053c4e3,7,During the summer holidays they traveled to several different countries
1a091295-a597-4fa9-b329-e0ea0e3ebdaf,dad9f6d3-49b5-45df-9b2a-c98c9c34fcc0,8,different,TIMED_OUT,EXCLUDED,Sentence closed before slot completed.,,,,,,1772021861993163264,1.0,different,1,,,,,,,,e3d3f9a1-881a-465c-b1ca-65f23053c4e3,7,During the summer holidays they traveled to several different countries
9a3ac15c-c8aa-4c7c-b872-3b51e1d0f6b0,dad9f6d3-49b5-45df-9b2a-c98c9c34fcc0,9,countries,TIMED_OUT,EXCLUDED,Sentence closed before slot completed.,,,,,,1772021863027851008,1.0,countries,1,,,,,,,,e3d3f9a1-881a-465c-b1ca-65f23053c4e3,7,During the summer holidays they traveled to several different countries
1789e8e7-7863-41d7-9a39-6b00dffc8458,41a304e4-5b82-495d-9792-ec4d39ab400a,0,The,TIMED_OUT,DEGRADED,,1772021864569268224,156.2330722808838,0.0,0.0,0,,,,,,,,,,,,e3d3f9a1-881a-465c-b1ca-65f23053c4e3,8,The engineer carefully examined the bridge structure before approving the design
d498e917-ae4f-4496-821d-a2389f6200ae,41a304e4-5b82-495d-9792-ec4d39ab400a,1,engineer,TIMED_OUT,DEGRADED,,1772021865470097408,165.51828384399414,0.0,0.0,0,,,,,,,,,,,,e3d3f9a1-881a-465c-b1ca-65f23053c4e3,8,The engineer carefully examined the bridge structure before approving the design
6c722b77-55aa-48c5-b3e8-a2c00d9817c1,41a304e4-5b82-495d-9792-ec4d39ab400a,2,carefully,TIMED_OUT,EXCLUDED,Sentence closed before slot completed.,,,,,,1772021865883242496,1.0,carefully,1,,,,,,,,e3d3f9a1-881a-465c-b1ca-65f23053c4e3,8,The engineer carefully examined the bridge structure before approving the design
e2e8b4a2-64a6-4151-a95a-84213a181ca7,41a304e4-5b82-495d-9792-ec4d39ab400a,3,examined,COMPLETE,HIGH,,1772021865905117184,189.63885307312012,0.0,0.0,0,1772021866597654272,0.9333333333333333,examined,0.9333333333333333,,,,,692.537088,,,e3d3f9a1-881a-465c-b1ca-65f23053c4e3,8,The engineer carefully examined the bridge structure before approving the design
797c8a02-9fa8-459f-b4f0-f5299c4eb2b8,41a304e4-5b82-495d-9792-ec4d39ab400a,4,the,TIMED_OUT,EXCLUDED,Sentence closed before slot completed.,,,,,,1772021866859147520,1.0,the,1,,,,,,,,e3d3f9a1-881a-465c-b1ca-65f23053c4e3,8,The engineer carefully examined the bridge structure before approving the design
1ae69a5a-680c-41e0-b53e-1ab0feb50795,41a304e4-5b82-495d-9792-ec4d39ab400a,5,bridge,TIMED_OUT,DEGRADED,,1772021866858079232,195.28865814208984,0.0,0.0,0,,,,,,,,,,,,e3d3f9a1-881a-465c-b1ca-65f23053c4e3,8,The engineer carefully examined the bridge structure before approving the design
83ff894c-16f6-4217-b03c-ee64f8d79e5c,41a304e4-5b82-495d-9792-ec4d39ab400a,6,structure,COMPLETE,HIGH,,1772021863984975616,163.67673873901367,0.0,0.0,0,1772021867883138560,1.0,structure,1,,,,,3898.162944,,,e3d3f9a1-881a-465c-b1ca-65f23053c4e3,8,The engineer carefully examined the bridge structure before approving the design
5dd478e7-ea83-4490-917a-51293707b5c1,41a304e4-5b82-495d-9792-ec4d39ab400a,7,before,TIMED_OUT,EXCLUDED,Sentence closed before slot completed.,,,,,,1772021867883138560,1.0,before,1,,,,,,,,e3d3f9a1-881a-465c-b1ca-65f23053c4e3,8,The engineer carefully examined the bridge structure before approving the design
536548e8-8477-463b-8891-a89bd572f23d,41a304e4-5b82-495d-9792-ec4d39ab400a,8,approving,COMPLETE,HIGH,,1772021867632973056,155.08055686950684,0.0,0.0,0,1772021868396630784,1.0,approving,1,,,,,763.657728,,,e3d3f9a1-881a-465c-b1ca-65f23053c4e3,8,The engineer carefully examined the bridge structure before approving the design
193a123f-82c4-4192-915f-ccac63792743,41a304e4-5b82-495d-9792-ec4d39ab400a,9,the,TIMED_OUT,EXCLUDED,Sentence closed before slot completed.,,,,,,,,,,,,,,,,,e3d3f9a1-881a-465c-b1ca-65f23053c4e3,8,The engineer carefully examined the bridge structure before approving the design
34c78e18-83ce-4970-9c4d-44900b9ef1e9,41a304e4-5b82-495d-9792-ec4d39ab400a,10,design,TIMED_OUT,EXCLUDED,Sentence closed before slot completed.,,,,,,1772021869158378752,1.0,design,1,,,,,,,,e3d3f9a1-881a-465c-b1ca-65f23053c4e3,8,The engineer carefully examined the bridge structure before approving the design
2a0e6c0a-ad3a-48ec-8027-b13f6282cd65,f7d6e90d-183b-449a-bc3d-563c36513a99,0,She,TIMED_OUT,DEGRADED,,1772021870405309184,177.43587493896484,0.0,0.0,0,,,,,,,,,,,,e3d3f9a1-881a-465c-b1ca-65f23053c4e3,9,She discovered that consistent practice significantly improved her reading speed
32298c70-261c-4fb4-942c-967c4775b50b,f7d6e90d-183b-449a-bc3d-563c36513a99,1,discovered,COMPLETE,HIGH,,1772021871769143552,154.36124801635742,0.0,0.0,0,1772021871981662208,1.0,discovered,1,,,,,212.518656,,,e3d3f9a1-881a-465c-b1ca-65f23053c4e3,9,She discovered that consistent practice significantly improved her reading speed
18578b00-002b-4c4f-a8b5-00abb3584d16,f7d6e90d-183b-449a-bc3d-563c36513a99,2,that,COMPLETE,HIGH,,1772021872220728320,158.57672691345215,0.0,0.0,0,1772021872225955840,1.0,that,1,,,,,5.22752,,,e3d3f9a1-881a-465c-b1ca-65f23053c4e3,9,She discovered that consistent practice significantly improved her reading speed
c6181a0b-cb33-4a57-8df6-dcd7556e3a10,f7d6e90d-183b-449a-bc3d-563c36513a99,3,consistent,COMPLETE,HIGH,,1772021872653191424,151.87525749206543,0.0,0.0,0,1772021872773290496,1.0,consistent,1,,,,,120.099072,,,e3d3f9a1-881a-465c-b1ca-65f23053c4e3,9,She discovered that consistent practice significantly improved her reading speed
fa5c05f6-46b4-4ae1-a2ea-9d184f6d3063,f7d6e90d-183b-449a-bc3d-563c36513a99,4,practice,TIMED_OUT,DEGRADED,,1772021872998183680,167.10567474365234,0.0,0.0,0,,,,,,,,,,,,e3d3f9a1-881a-465c-b1ca-65f23053c4e3,9,She discovered that consistent practice significantly improved her reading speed
b3b6e7a8-3e26-4995-8c32-0683b41bc1d7,f7d6e90d-183b-449a-bc3d-563c36513a99,5,significantly,COMPLETE,HIGH,,1772021873513312000,165.8477783203125,0.0,0.0,0,1772021873773898496,1.0,significantly,1,,,,,260.586496,,,e3d3f9a1-881a-465c-b1ca-65f23053c4e3,9,She discovered that consistent practice significantly improved her reading speed
11dc28ae-a9c9-484f-8256-cb46bf44e310,f7d6e90d-183b-449a-bc3d-563c36513a99,6,improved,TIMED_OUT,DEGRADED,,1772021869881852416,213.0122184753418,0.0,0.0,0,,,,,,,,,,,,e3d3f9a1-881a-465c-b1ca-65f23053c4e3,9,She discovered that consistent practice significantly improved her reading speed
0503d708-2173-4d2a-ab27-0671c772607b,f7d6e90d-183b-449a-bc3d-563c36513a99,7,her,TIMED_OUT,DEGRADED,,1772021873844541696,171.21315002441406,0.0,0.0,0,,,,,,,,,,,,e3d3f9a1-881a-465c-b1ca-65f23053c4e3,9,She discovered that consistent practice significantly improved her reading speed
3b3b20fd-a4ad-4594-b9c4-e3a02285d7c8,f7d6e90d-183b-449a-bc3d-563c36513a99,8,reading,TIMED_OUT,EXCLUDED,Sentence closed before slot completed.,,,,,,1772021874593186304,1.0,reading,1,,,,,,,,e3d3f9a1-881a-465c-b1ca-65f23053c4e3,9,She discovered that consistent practice significantly improved her reading speed
138a80e6-6145-476b-bec5-ce08930f6d6e,f7d6e90d-183b-449a-bc3d-563c36513a99,9,speed,TIMED_OUT,EXCLUDED,Sentence closed before slot completed.,,,,,,1772021875053103616,1.0,speed,1,,,,,,,,e3d3f9a1-881a-465c-b1ca-65f23053c4e3,9,She discovered that consistent practice significantly improved her reading speed
fd62805e-f301-4019-a320-bdf1ec56bfdd,c3cc27b4-f8cd-458d-a155-997c3fa0ab83,0,The,TIMED_OUT,DEGRADED,,1772021875697693696,164.94297981262207,0.0,0.0,0,,,,,,,,,,,,e3d3f9a1-881a-465c-b1ca-65f23053c4e3,10,The local government proposed constructing a new library in the town center
5cd34d18-a942-4b88-8e68-3f72bfee5c7b,c3cc27b4-f8cd-458d-a155-997c3fa0ab83,1,local,TIMED_OUT,DEGRADED,,1772021876738477312,152.28676795959473,0.0,0.0,0,,,,,,,,,,,,e3d3f9a1-881a-465c-b1ca-65f23053c4e3,10,The local government proposed constructing a new library in the town center
d01d2ac1-6c55-4e06-86b0-f0e9f7cb5be7,c3cc27b4-f8cd-458d-a155-997c3fa0ab83,2,government,TIMED_OUT,EXCLUDED,Sentence closed before slot completed.,,,,,,,,,,,,,,,,,e3d3f9a1-881a-465c-b1ca-65f23053c4e3,10,The local government proposed constructing a new library in the town center
086d824e-ea54-4905-8fe6-65216ce7d882,c3cc27b4-f8cd-458d-a155-997c3fa0ab83,3,proposed,TIMED_OUT,DEGRADED,,1772021877147877376,162.3520851135254,0.0,0.0,0,,,,,,,,,,,,e3d3f9a1-881a-465c-b1ca-65f23053c4e3,10,The local government proposed constructing a new library in the town center
51c00804-0677-4cd6-b5b4-d15f668c6aa7,c3cc27b4-f8cd-458d-a155-997c3fa0ab83,4,constructing,TIMED_OUT,EXCLUDED,Sentence closed before slot completed.,,,,,,,,,,,,,,,,,e3d3f9a1-881a-465c-b1ca-65f23053c4e3,10,The local government proposed constructing a new library in the town center
1c5c1f4b-2b19-43ec-a1e4-851fd1f31db2,c3cc27b4-f8cd-458d-a155-997c3fa0ab83,5,a,TIMED_OUT,DEGRADED,,1772021877932059904,168.44701766967773,0.0,0.0,0,,,,,,,,,,,,e3d3f9a1-881a-465c-b1ca-65f23053c4e3,10,The local government proposed constructing a new library in the town center
d73ae01f-a2c8-4eb1-871e-f623408eb4ea,c3cc27b4-f8cd-458d-a155-997c3fa0ab83,6,new,TIMED_OUT,EXCLUDED,Sentence closed before slot completed.,,,,,,,,,,,,,,,,,e3d3f9a1-881a-465c-b1ca-65f23053c4e3,10,The local government proposed constructing a new library in the town center
45011a89-dda6-4554-afb1-73875bc03f4b,c3cc27b4-f8cd-458d-a155-997c3fa0ab83,7,library,TIMED_OUT,EXCLUDED,Sentence closed before slot completed.,,,,,,,,,,,,,,,,,e3d3f9a1-881a-465c-b1ca-65f23053c4e3,10,The local government proposed constructing a new library in the town center
13917c66-81dd-4a11-9e1b-d876eca7b7ee,c3cc27b4-f8cd-458d-a155-997c3fa0ab83,8,in,TIMED_OUT,DEGRADED,,1772021875424264960,166.4440631866455,0.0,0.0,0,,,,,,,,,,,,e3d3f9a1-881a-465c-b1ca-65f23053c4e3,10,The local government proposed constructing a new library in the town center
e7f98f18-abd0-4abb-a6b5-1598f3464289,c3cc27b4-f8cd-458d-a155-997c3fa0ab83,9,the,TIMED_OUT,DEGRADED,,1772021879198434816,154.48379516601562,0.0,0.0,0,,,,,,,,,,,,e3d3f9a1-881a-465c-b1ca-65f23053c4e3,10,The local government proposed constructing a new library in the town center
aacc0c03-08e0-4ebc-8624-4f2fc7f3cc7d,c3cc27b4-f8cd-458d-a155-997c3fa0ab83,10,town,TIMED_OUT,EXCLUDED,Sentence closed before slot completed.,,,,,,,,,,,,,,,,,e3d3f9a1-881a-465c-b1ca-65f23053c4e3,10,The local government proposed constructing a new library in the town center
7feea69f-6ebd-4399-be04-dab97f851151,c3cc27b4-f8cd-458d-a155-997c3fa0ab83,11,center,TIMED_OUT,EXCLUDED,Sentence closed before slot completed.,,,,,,,,,,,,,,,,,e3d3f9a1-881a-465c-b1ca-65f23053c4e3,10,The local government proposed constructing a new library in the town center
e62cabfe-2893-4bab-a530-a3660a275a79,ec6b56a7-7e68-4713-acdc-df802d245f86,0,Research,TIMED_OUT,DEGRADED,,1772021880269925120,150.48980712890625,0.0,0.0,0,,,,,,,,,,,,e3d3f9a1-881a-465c-b1ca-65f23053c4e3,11,Research has demonstrated that bilingual children often develop stronger cognitive flexibility
5164978e-b9c9-4102-bc76-417d8007f78d,ec6b56a7-7e68-4713-acdc-df802d245f86,1,has,TIMED_OUT,EXCLUDED,Sentence closed before slot completed.,,,,,,,,,,,,,,,,,e3d3f9a1-881a-465c-b1ca-65f23053c4e3,11,Research has demonstrated that bilingual children often develop stronger cognitive flexibility
7b2703a8-4a57-4070-ab70-d4c4de83a1dc,ec6b56a7-7e68-4713-acdc-df802d245f86,2,demonstrated,TIMED_OUT,DEGRADED,,1772021882316433920,186.88154220581055,0.0,0.0,0,,,,,,,,,,,,e3d3f9a1-881a-465c-b1ca-65f23053c4e3,11,Research has demonstrated that bilingual children often develop stronger cognitive flexibility
d6c1abd8-c7b6-4d17-88d3-fbead7c5a334,ec6b56a7-7e68-4713-acdc-df802d245f86,3,that,TIMED_OUT,DEGRADED,,1772021882759506688,176.76067352294922,0.0,0.0,0,,,,,,,,,,,,e3d3f9a1-881a-465c-b1ca-65f23053c4e3,11,Research has demonstrated that bilingual children often develop stronger cognitive flexibility
1f6ca1b2-3256-4358-9799-3da58759e8b5,ec6b56a7-7e68-4713-acdc-df802d245f86,4,bilingual,TIMED_OUT,DEGRADED,,1772021882046284288,179.79693412780762,0.0,0.0,0,,,,,,,,,,,,e3d3f9a1-881a-465c-b1ca-65f23053c4e3,11,Research has demonstrated that bilingual children often develop stronger cognitive flexibility
c9d7c093-6202-47e5-8f3c-ca25228442ad,ec6b56a7-7e68-4713-acdc-df802d245f86,5,children,TIMED_OUT,DEGRADED,,1772021883039521024,154.33001518249512,0.0,0.0,0,,,,,,,,,,,,e3d3f9a1-881a-465c-b1ca-65f23053c4e3,11,Research has demonstrated that bilingual children often develop stronger cognitive flexibility
797b048f-59b4-418d-afe6-5695d4a3b9ab,ec6b56a7-7e68-4713-acdc-df802d245f86,6,often,TIMED_OUT,EXCLUDED,Sentence closed before slot completed.,,,,,,,,,,,,,,,,,e3d3f9a1-881a-465c-b1ca-65f23053c4e3,11,Research has demonstrated that bilingual children often develop stronger cognitive flexibility
b101bf30-8b96-4501-bb96-aa199e39045b,ec6b56a7-7e68-4713-acdc-df802d245f86,7,develop,TIMED_OUT,DEGRADED,,1772021884555023104,152.22644805908203,0.0,0.0,0,,,,,,,,,,,,e3d3f9a1-881a-465c-b1ca-65f23053c4e3,11,Research has demonstrated that bilingual children often develop stronger cognitive flexibility
0b371a2c-ed0e-4b20-b608-dadbd46bc589,ec6b56a7-7e68-4713-acdc-df802d245f86,8,stronger,TIMED_OUT,DEGRADED,,1772021884374680576,170.69172859191895,0.0,0.0,0,,,,,,,,,,,,e3d3f9a1-881a-465c-b1ca-65f23053c4e3,11,Research has demonstrated that bilingual children often develop stronger cognitive flexibility
07f78f9d-4f23-4057-bf41-0815dd289892,ec6b56a7-7e68-4713-acdc-df802d245f86,9,cognitive,TIMED_OUT,EXCLUDED,Sentence closed before slot completed.,,,,,,,,,,,,,,,,,e3d3f9a1-881a-465c-b1ca-65f23053c4e3,11,Research has demonstrated that bilingual children often develop stronger cognitive flexibility
0b33f2cb-c6b1-4ccd-8b83-de2f081ce573,ec6b56a7-7e68-4713-acdc-df802d245f86,10,flexibility,TIMED_OUT,DEGRADED,,1772021887460620032,154.00242805480957,0.0,0.0,0,,,,,,,,,,,,e3d3f9a1-881a-465c-b1ca-65f23053c4e3,11,Research has demonstrated that bilingual children often develop stronger cognitive flexibility
c2b05a0d-2f15-47ff-8329-26936d6bc8c0,5efa868b-bfca-45ac-af5b-7dd26fc6bb1d,0,The,COMPLETE,DEGRADED,,578000000,165.8954620361328,0.0,0.0,1,3962000000,1.0,The,1,4265000000,750.0,0,the,3384.0,3687.0,303.0,ecd6c8b6-4d5f-4f3d-88b8-0a69a7de2919,0,The cat sat on the mat
bef3ce55-614f-4a73-a1ad-c9b69322593d,5efa868b-bfca-45ac-af5b-7dd26fc6bb1d,1,cat,COMPLETE,HIGH,,2984000000,154.4492244720459,0.0,0.0,0,4446000000,1.0,cat,1,5000000000,438.0,0,cat,1462.0,2016.0,554.0,ecd6c8b6-4d5f-4f3d-88b8-0a69a7de2919,0,The cat sat on the mat
9351fa02-1d7e-451d-ab68-5d794db84c4d,5efa868b-bfca-45ac-af5b-7dd26fc6bb1d,2,sat,COMPLETE,HIGH,,218000000,187.77751922607422,0.0,0.0,0,,,,,5859000000,672.0,0,sat,,5641.0,,ecd6c8b6-4d5f-4f3d-88b8-0a69a7de2919,0,The cat sat on the mat
6dcefdfc-aa80-4150-8d3b-a3cbdcfc6351,5efa868b-bfca-45ac-af5b-7dd26fc6bb1d,3,on,COMPLETE,HIGH,,3359000000,152.55141258239746,0.0,0.0,0,8025000000,1.0,on,1,6921000000,343.0,0,on,4666.0,3562.0,-1104.0,ecd6c8b6-4d5f-4f3d-88b8-0a69a7de2919,0,The cat sat on the mat
6998b8f9-2289-45b5-8e93-f638be3ca45c,5efa868b-bfca-45ac-af5b-7dd26fc6bb1d,4,the,COMPLETE,HIGH,,6140000000,176.85341835021973,0.0,0.0,0,,,,,7656000000,469.0,0,the,,1516.0,,ecd6c8b6-4d5f-4f3d-88b8-0a69a7de2919,0,The cat sat on the mat
99baf352-2205-4043-b003-6316252fc59b,5efa868b-bfca-45ac-af5b-7dd26fc6bb1d,5,mat,COMPLETE,HIGH,,7781000000,162.26434707641602,0.0,0.0,0,,,,,8875000000,797.0,0,mat,,1094.0,,ecd6c8b6-4d5f-4f3d-88b8-0a69a7de2919,0,The cat sat on the mat
c62ba209-4da9-412d-bf51-5051240b502f,d53f0ceb-846d-4552-ba0e-530e2e9cd9ca,0,She,COMPLETE,HIGH,,11828000000,182.7538013458252,0.0,0.0,0,,,,,13125000000,407.0,0,shw,,1297.0,,ecd6c8b6-4d5f-4f3d-88b8-0a69a7de2919,1,She walked quickly to the store
c6ee562c-03a0-4f19-ac99-0d9d72a37481,d53f0ceb-846d-4552-ba0e-530e2e9cd9ca,1,walked,COMPLETE,DEGRADED,,16703000000,223.33908081054688,0.0,0.0,1,,,,,14312000000,969.0,0,walked,,-2391.0,,ecd6c8b6-4d5f-4f3d-88b8-0a69a7de2919,1,She walked quickly to the store
6e785c94-d9de-41ce-8530-2beddef0430a,d53f0ceb-846d-4552-ba0e-530e2e9cd9ca,2,quickly,COMPLETE,HIGH,,12750000000,214.22195434570312,0.0,0.0,0,15212000000,1.0,quickly,1,24046000000,9203.0,9,qyuickly,2462.0,11296.0,8834.0,ecd6c8b6-4d5f-4f3d-88b8-0a69a7de2919,1,She walked quickly to the store
56ff60e8-d2c1-4296-b213-5c9f83296eb3,d53f0ceb-846d-4552-ba0e-530e2e9cd9ca,3,to,COMPLETE,HIGH,,12968000000,162.55950927734375,0.0,0.0,0,,,,,26062000000,406.0,0,to,,13094.0,,ecd6c8b6-4d5f-4f3d-88b8-0a69a7de2919,1,She walked quickly to the store
4f2222c1-4eb3-40c0-800e-2c96d12b1d7e,d53f0ceb-846d-4552-ba0e-530e2e9cd9ca,4,the,COMPLETE,HIGH,,13906000000,196.3024139404297,0.0,0.0,0,,,,,26828000000,438.0,0,the,,12922.0,,ecd6c8b6-4d5f-4f3d-88b8-0a69a7de2919,1,She walked quickly to the store
a1258e82-01db-4d3c-a3bc-667e0d326609,d53f0ceb-846d-4552-ba0e-530e2e9cd9ca,5,store,COMPLETE,HIGH,,24937000000,159.29698944091797,0.0,0.0,0,,,,,27859000000,922.0,0,store,,2922.0,,ecd6c8b6-4d5f-4f3d-88b8-0a69a7de2919,1,She walked quickly to the store
6d737241-920c-4386-9862-0107ef1bf8b5,351c8aee-7151-44c5-bda8-c751dc20eecf,0,The,COMPLETE,DEGRADED,,28953000000,179.62980270385742,0.0,0.0,1,30040000000,1.0,The,1,30812000000,344.0,0,the,1087.0,1859.0,772.0,ecd6c8b6-4d5f-4f3d-88b8-0a69a7de2919,2,The children played outside until the sun set
750cbe8d-eb6c-4a08-bca0-428065a9f991,351c8aee-7151-44c5-bda8-c751dc20eecf,1,children,COMPLETE,DEGRADED,,30218000000,174.8342514038086,0.0,0.0,1,30290000000,1.0,children,1,32437000000,1531.0,0,children,72.0,2219.0,2147.0,ecd6c8b6-4d5f-4f3d-88b8-0a69a7de2919,2,The children played outside until the sun set
ca87547f-e16a-4931-9a88-7ffa82b3195e,351c8aee-7151-44c5-bda8-c751dc20eecf,2,played,COMPLETE,HIGH,,29750000000,179.99625205993652,0.0,0.0,0,30571000000,1.0,played,1,33531000000,906.0,0,played,821.0,3781.0,2960.0,ecd6c8b6-4d5f-4f3d-88b8-0a69a7de2919,2,The children played outside until the sun set
989594ff-a787-455f-9d89-9a6811785955,351c8aee-7151-44c5-bda8-c751dc20eecf,3,outside,COMPLETE,DEGRADED,,33359000000,151.41534805297852,0.0,0.0,1,34900000000,1.0,outside,1,36390000000,1265.0,0,outside,1541.0,3031.0,1490.0,ecd6c8b6-4d5f-4f3d-88b8-0a69a7de2919,2,The children played outside until the sun set
e1c56804-6c28-4358-a31c-8445164a512d,351c8aee-7151-44c5-bda8-c751dc20eecf,4,until,COMPLETE,HIGH,,30656000000,201.5666961669922,0.0,0.0,0,35181000000,1.0,until,1,37812000000,1203.0,0,until,4525.0,7156.0,2631.0,ecd6c8b6-4d5f-4f3d-88b8-0a69a7de2919,2,The children played outside until the sun set
e78d0acd-1182-4c1c-b353-98eee5d89081,351c8aee-7151-44c5-bda8-c751dc20eecf,5,the,COMPLETE,HIGH,,31281000000,159.83891487121582,0.0,0.0,0,,,,,40156000000,391.0,0,the,,8875.0,,ecd6c8b6-4d5f-4f3d-88b8-0a69a7de2919,2,The children played outside until the sun set
6b610034-0017-4319-9f2b-a8221cec620f,351c8aee-7151-44c5-bda8-c751dc20eecf,6,sun,COMPLETE,HIGH,,28562000000,212.39089965820312,0.0,0.0,0,,,,,40984000000,734.0,0,sun,,12422.0,,ecd6c8b6-4d5f-4f3d-88b8-0a69a7de2919,2,The children played outside until the sun set
69d4a78c-8f27-4c1c-956c-65c33c5500f6,351c8aee-7151-44c5-bda8-c751dc20eecf,7,set,COMPLETE,HIGH,,38531000000,175.79317092895508,0.0,0.0,0,,,,,41875000000,579.0,0,set,,3344.0,,ecd6c8b6-4d5f-4f3d-88b8-0a69a7de2919,2,The children played outside until the sun set
7ebb4366-3116-4faf-ae60-80a8c98479b4,e5e51584-d771-4e73-a205-6490142aed62,0,Every,COMPLETE,DEGRADED,,42812000000,208.38403701782227,0.0,0.0,1,44134000000,1.0,Every,1,45656000000,781.0,0,every,1322.0,2844.0,1522.0,ecd6c8b6-4d5f-4f3d-88b8-0a69a7de2919,3,Every morning she read the newspaper before breakfast
365f5c4a-e281-43b0-bbb5-c67a29997b13,e5e51584-d771-4e73-a205-6490142aed62,1,morning,COMPLETE,HIGH,,43750000000,179.8856258392334,0.0,0.0,0,44134000000,1.0,morning,1,46921000000,1031.0,0,morning,384.0,3171.0,2787.0,ecd6c8b6-4d5f-4f3d-88b8-0a69a7de2919,3,Every morning she read the newspaper before breakfast
0e728652-1c38-466e-9e4e-42f91a59a5ab,e5e51584-d771-4e73-a205-6490142aed62,2,she,COMPLETE,HIGH,,48406000000,157.75132179260254,0.0,0.0,0,,,,,48968000000,1797.0,3,she,,562.0,,ecd6c8b6-4d5f-4f3d-88b8-0a69a7de2919,3,Every morning she read the newspaper before breakfast
c96f9f17-582f-499c-8ecf-e73678fea2d7,e5e51584-d771-4e73-a205-6490142aed62,3,read,COMPLETE,HIGH,,44187000000,160.10165214538574,0.0,0.0,0,50853000000,1.0,read,1,51781000000,735.0,0,read,6666.0,7594.0,928.0,ecd6c8b6-4d5f-4f3d-88b8-0a69a7de2919,3,Every morning she read the newspaper before breakfast
8ca10db7-4cbe-4508-80d2-0b2f276e9268,e5e51584-d771-4e73-a205-6490142aed62,4,the,COMPLETE,HIGH,,44531000000,190.41109085083008,0.0,0.0,0,51071000000,1.0,the,1,52453000000,391.0,0,the,6540.0,7922.0,1382.0,ecd6c8b6-4d5f-4f3d-88b8-0a69a7de2919,3,Every morning she read the newspaper before breakfast
a6648748-c056-4781-a404-a21f35cb85a7,e5e51584-d771-4e73-a205-6490142aed62,5,newspaper,COMPLETE,HIGH,,50328000000,190.62089920043945,0.0,0.0,0,51525000000,1.0,newspaper,1,54156000000,1500.0,0,newspaper,1197.0,3828.0,2631.0,ecd6c8b6-4d5f-4f3d-88b8-0a69a7de2919,3,Every morning she read the newspaper before breakfast
268b4597-b68f-469f-8ca3-9cfc108ee44a,e5e51584-d771-4e73-a205-6490142aed62,6,before,COMPLETE,HIGH,,42343000000,172.1055507659912,0.0,0.0,0,55384000000,1.0,before,1,56375000000,1032.0,0,before,13041.0,14032.0,991.0,ecd6c8b6-4d5f-4f3d-88b8-0a69a7de2919,3,Every morning she read the newspaper before breakfast
562597ff-9fd9-4b42-9253-a783a1e59b0d,e5e51584-d771-4e73-a205-6490142aed62,7,breakfast,COMPLETE,HIGH,,54593000000,160.5393886566162,0.0,0.0,0,,,,,60156000000,3531.0,0,breakfast,,5563.0,,ecd6c8b6-4d5f-4f3d-88b8-0a69a7de2919,3,Every morning she read the newspaper before breakfast
6f55b83a-6d7e-48f4-ad17-435216699281,c4a7f38f-b1c4-43e8-b6d7-b39be16b376f,0,The,TIMED_OUT,EXCLUDED,Sentence closed before slot completed.,,,,,,,,,,64062000000,344.0,0,the,,,,ecd6c8b6-4d5f-4f3d-88b8-0a69a7de2919,4,The scientist observed that the plants grew faster in sunlight
1e97bdd9-8bff-44c7-909c-5501ac27f921,c4a7f38f-b1c4-43e8-b6d7-b39be16b376f,1,scientist,COMPLETE,DEGRADED,,61546000000,168.43414306640625,0.0,0.0,1,,,,,65781000000,1610.0,0,scientist,,4235.0,,ecd6c8b6-4d5f-4f3d-88b8-0a69a7de2919,4,The scientist observed that the plants grew faster in sunlight
02e1cecf-6ae4-49f2-995b-adf972978196,c4a7f38f-b1c4-43e8-b6d7-b39be16b376f,2,observed,COMPLETE,HIGH,,61781000000,178.63154411315918,0.0,0.0,0,63118000000,1.0,observed,1,67656000000,1672.0,0,observed,1337.0,5875.0,4538.0,ecd6c8b6-4d5f-4f3d-88b8-0a69a7de2919,4,The scientist observed that the plants grew faster in sunlight
af6a26c0-9268-4b2d-b699-e32af69e5785,c4a7f38f-b1c4-43e8-b6d7-b39be16b376f,3,that,COMPLETE,HIGH,,61343000000,163.74921798706055,0.0,0.0,0,,,,,68468000000,609.0,0,that,,7125.0,,ecd6c8b6-4d5f-4f3d-88b8-0a69a7de2919,4,The scientist observed that the plants grew faster in sunlight
1119562e-94e5-4356-8c04-7b959d688abb,c4a7f38f-b1c4-43e8-b6d7-b39be16b376f,4,the,COMPLETE,HIGH,,62515000000,170.48406600952148,0.0,0.0,0,63353000000,1.0,the,1,69187000000,469.0,0,the,838.0,6672.0,5834.0,ecd6c8b6-4d5f-4f3d-88b8-0a69a7de2919,4,The scientist observed that the plants grew faster in sunlight
9ae4b2f1-aa2d-4123-a8df-32791316f32d,c4a7f38f-b1c4-43e8-b6d7-b39be16b376f,5,plants,COMPLETE,HIGH,,63718000000,154.9365520477295,0.0,0.0,0,70775000000,1.0,plants,1,72781000000,860.0,0,plants,7057.0,9063.0,2006.0,ecd6c8b6-4d5f-4f3d-88b8-0a69a7de2919,4,The scientist observed that the plants grew faster in sunlight
e7f07cb0-6d7b-4c8a-bac9-1068613d7a40,c4a7f38f-b1c4-43e8-b6d7-b39be16b376f,6,grew,COMPLETE,HIGH,,62937000000,157.49883651733398,0.0,0.0,0,71509000000,1.0,grew,1,74078000000,844.0,0,grew,8572.0,11141.0,2569.0,ecd6c8b6-4d5f-4f3d-88b8-0a69a7de2919,4,The scientist observed that the plants grew faster in sunlight
896e79af-c1c9-4def-9dc0-66f4015c1491,c4a7f38f-b1c4-43e8-b6d7-b39be16b376f,7,faster,COMPLETE,HIGH,,70484000000,190.89508056640625,0.0,0.0,0,71509000000,1.0,faster,1,75375000000,922.0,0,faster,1025.0,4891.0,3866.0,ecd6c8b6-4d5f-4f3d-88b8-0a69a7de2919,4,The scientist observed that the plants grew faster in sunlight
2e73a5a3-10be-45be-a823-6ad48a678838,c4a7f38f-b1c4-43e8-b6d7-b39be16b376f,8,in,COMPLETE,HIGH,,70750000000,186.78021430969238,0.0,0.0,0,78150000000,1.0,in,1,78093000000,343.0,0,in,7400.0,7343.0,-57.0,ecd6c8b6-4d5f-4f3d-88b8-0a69a7de2919,4,The scientist observed that the plants grew faster in sunlight
95e81032-502d-4347-ad87-13eace7bad2a,c4a7f38f-b1c4-43e8-b6d7-b39be16b376f,9,sunlight,COMPLETE,HIGH,,71125000000,158.40768814086914,0.0,0.0,0,85337000000,1.0,sunlight,1,89531000000,10922.0,7,sunlight,14212.0,18406.0,4194.0,ecd6c8b6-4d5f-4f3d-88b8-0a69a7de2919,4,The scientist observed that the plants grew faster in sunlight
5f53926b-f11b-4fca-a598-aa9edae3af0b,f63ff645-5f60-4c40-983a-1e855f36af36,0,After,COMPLETE,DEGRADED,,92953000000,213.623046875,0.0,0.0,1,93540000000,1.0,After,1,94953000000,735.0,0,after,587.0,2000.0,1413.0,ecd6c8b6-4d5f-4f3d-88b8-0a69a7de2919,5,After the storm the streets were covered with fallen leaves
9e6e66f1-22da-4c84-88c0-5cd4f75f2117,f63ff645-5f60-4c40-983a-1e855f36af36,1,the,TIMED_OUT,EXCLUDED,Sentence closed before slot completed.,,,,,,93540000000,1.0,the,1,95562000000,344.0,0,the,,,,ecd6c8b6-4d5f-4f3d-88b8-0a69a7de2919,5,After the storm the streets were covered with fallen leaves
22b72643-e09f-4180-9693-77fa1cc39c0c,f63ff645-5f60-4c40-983a-1e855f36af36,2,storm,TIMED_OUT,EXCLUDED,Sentence closed before slot completed.,,,,,,94040000000,1.0,storm,1,96656000000,985.0,0,storm,,,,ecd6c8b6-4d5f-4f3d-88b8-0a69a7de2919,5,After the storm the streets were covered with fallen leaves
e0980010-48b9-4cc4-b7d4-317a1dc2d07e,f63ff645-5f60-4c40-983a-1e855f36af36,3,the,COMPLETE,DEGRADED,,92296000000,170.24731636047363,0.0,0.0,1,,,,,97921000000,390.0,0,the,,5625.0,,ecd6c8b6-4d5f-4f3d-88b8-0a69a7de2919,5,After the storm the streets were covered with fallen leaves
eaea07d4-8837-4346-b99a-1985f2c51f4a,f63ff645-5f60-4c40-983a-1e855f36af36,4,streets,COMPLETE,DEGRADED,,92062000000,205.61957359313965,0.0,0.0,1,,,,,99046000000,1015.0,0,streets,,6984.0,,ecd6c8b6-4d5f-4f3d-88b8-0a69a7de2919,5,After the storm the streets were covered with fallen leaves
53f5e8a8-9a25-4799-af14-9600405483f1,f63ff645-5f60-4c40-983a-1e855f36af36,5,were,COMPLETE,DEGRADED,,91796000000,153.07044982910156,0.0,0.0,1,,,,,100265000000,1015.0,0,were,,8469.0,,ecd6c8b6-4d5f-4f3d-88b8-0a69a7de2919,5,After the storm the streets were covered with fallen leaves
74cb74b1-81b0-4865-ad6f-4ed3cfb84381,f63ff645-5f60-4c40-983a-1e855f36af36,6,covered,COMPLETE,HIGH,,90625000000,231.52756690979004,0.0,0.0,0,,,,,102078000000,1203.0,0,covered,,11453.0,,ecd6c8b6-4d5f-4f3d-88b8-0a69a7de2919,5,After the storm the streets were covered with fallen leaves
53360779-749e-449b-80eb-b9db7dd3fa5b,f63ff645-5f60-4c40-983a-1e855f36af36,7,with,TIMED_OUT,EXCLUDED,Sentence closed before slot completed.,,,,,,,,,,103062000000,828.0,0,with,,,,ecd6c8b6-4d5f-4f3d-88b8-0a69a7de2919,5,After the storm the streets were covered with fallen leaves
def87db6-4447-45b5-84b7-017443e9f5ee,f63ff645-5f60-4c40-983a-1e855f36af36,8,fallen,COMPLETE,HIGH,,100625000000,190.78779220581055,0.0,0.0,0,,,,,104734000000,1375.0,0,fallen,,4109.0,,ecd6c8b6-4d5f-4f3d-88b8-0a69a7de2919,5,After the storm the streets were covered with fallen leaves
9fa05e23-c6a3-45a2-abe1-914c53976db5,f63ff645-5f60-4c40-983a-1e855f36af36,9,leaves,COMPLETE,HIGH,,106078000000,182.66844749450684,0.0,0.0,0,,,,,106015000000,1062.0,0,leaves,,-63.0,,ecd6c8b6-4d5f-4f3d-88b8-0a69a7de2919,5,After the storm the streets were covered with fallen leaves
47a7c396-dd87-4de8-95a3-92d197bc3028,f989f451-dd36-4556-aaaf-b005e8cd00e3,0,The,COMPLETE,DEGRADED,,107671000000,211.0283374786377,0.0,0.0,1,108368000000,1.0,The,1,108953000000,391.0,0,the,697.0,1282.0,585.0,ecd6c8b6-4d5f-4f3d-88b8-0a69a7de2919,6,The museum displayed artifacts from ancient civilizations around the world
01397345-366a-448c-842f-621ac194f2f8,f989f451-dd36-4556-aaaf-b005e8cd00e3,1,museum,COMPLETE,DEGRADED,,114718000000,160.0930690765381,0.0,0.0,1,108650000000,1.0,museum,1,110156000000,1016.0,0,museum,-6068.0,-4562.0,1506.0,ecd6c8b6-4d5f-4f3d-88b8-0a69a7de2919,6,The museum displayed artifacts from ancient civilizations around the world
a518adf6-9610-4071-837f-6ce59422fb39,f989f451-dd36-4556-aaaf-b005e8cd00e3,2,displayed,COMPLETE,HIGH,,108000000000,172.90830612182617,0.0,0.0,0,109134000000,1.0,displayed,1,111687000000,1344.0,0,displayed,1134.0,3687.0,2553.0,ecd6c8b6-4d5f-4f3d-88b8-0a69a7de2919,6,The museum displayed artifacts from ancient civilizations around the world
b6ca87db-98e1-45cc-a43b-375d45612d3c,f989f451-dd36-4556-aaaf-b005e8cd00e3,3,artifacts,COMPLETE,HIGH,,116265000000,169.15273666381836,0.0,0.0,0,112993000000,1.0,artifacts,1,116187000000,3109.0,1,artifacts,-3272.0,-78.0,3194.0,ecd6c8b6-4d5f-4f3d-88b8-0a69a7de2919,6,The museum displayed artifacts from ancient civilizations around the world
e4ec1d67-5372-41ec-aadf-d7aca623d983,f989f451-dd36-4556-aaaf-b005e8cd00e3,4,from,COMPLETE,DEGRADED,,111468000000,201.75480842590332,0.0,0.0,1,112993000000,1.0,from,1,117578000000,891.0,0,from,1525.0,6110.0,4585.0,ecd6c8b6-4d5f-4f3d-88b8-0a69a7de2919,6,The museum displayed artifacts from ancient civilizations around the world
e97919f3-aeb2-42cc-9712-2c3050deb54b,f989f451-dd36-4556-aaaf-b005e8cd00e3,5,ancient,COMPLETE,HIGH,,108562000000,150.23303031921387,0.0,0.0,0,118884000000,1.0,ancient,1,119968000000,1906.0,0,ancient,10322.0,11406.0,1084.0,ecd6c8b6-4d5f-4f3d-88b8-0a69a7de2919,6,The museum displayed artifacts from ancient civilizations around the world
d2e83487-a621-4669-a33d-f940741d1a71,f989f451-dd36-4556-aaaf-b005e8cd00e3,6,civilizations,COMPLETE,HIGH,,109343000000,216.7801856994629,0.0,0.0,0,119618000000,0.96,civilizations,0.96,123500000000,3063.0,0,civillizations,10275.0,14157.0,3882.0,ecd6c8b6-4d5f-4f3d-88b8-0a69a7de2919,6,The museum displayed artifacts from ancient civilizations around the world
c0506e08-30f7-4779-8671-597252262378,f989f451-dd36-4556-aaaf-b005e8cd00e3,7,around,COMPLETE,HIGH,,117859000000,173.66671562194824,0.0,0.0,0,124493000000,1.0,around,1,125984000000,1094.0,0,around,6634.0,8125.0,1491.0,ecd6c8b6-4d5f-4f3d-88b8-0a69a7de2919,6,The museum displayed artifacts from ancient civilizations around the world
e08b4b3b-3c00-4e8c-9669-ea07d23e76f5,f989f451-dd36-4556-aaaf-b005e8cd00e3,8,the,COMPLETE,HIGH,,123609000000,179.77285385131836,0.0,0.0,0,,,,,126875000000,422.0,0,the,,3266.0,,ecd6c8b6-4d5f-4f3d-88b8-0a69a7de2919,6,The museum displayed artifacts from ancient civilizations around the world
bc0a332d-2b48-4d58-a63b-a3cb6ccd5be1,f989f451-dd36-4556-aaaf-b005e8cd00e3,9,world,COMPLETE,HIGH,,106953000000,159.14511680603027,0.0,0.0,0,124759000000,1.0,world,1,129781000000,2750.0,2,world,17806.0,22828.0,5022.0,ecd6c8b6-4d5f-4f3d-88b8-0a69a7de2919,6,The museum displayed artifacts from ancient civilizations around the world
da3f46c9-4005-4e27-8b65-524486730d5a,921d7fca-b7a8-4391-9b12-5fa1658c3170,0,During,TIMED_OUT,EXCLUDED,Sentence closed before slot completed.,,,,,,131415000000,1.0,During,1,134718000000,1672.0,1,during,,,,ecd6c8b6-4d5f-4f3d-88b8-0a69a7de2919,7,During the summer holidays they traveled to several different countries
8f77e500-3023-425c-83e0-9dff08366cd1,921d7fca-b7a8-4391-9b12-5fa1658c3170,1,the,TIMED_OUT,EXCLUDED,Sentence closed before slot completed.,,,,,,131681000000,1.0,the,1,135406000000,375.0,0,the,,,,ecd6c8b6-4d5f-4f3d-88b8-0a69a7de2919,7,During the summer holidays they traveled to several different countries
d0837389-15dd-486d-b029-e2b10bc8cb27,921d7fca-b7a8-4391-9b12-5fa1658c3170,2,summer,COMPLETE,DEGRADED,,134218000000,188.70043754577637,0.0,0.0,1,132181000000,1.0,summer,1,136375000000,891.0,0,summer,-2037.0,2157.0,4194.0,ecd6c8b6-4d5f-4f3d-88b8-0a69a7de2919,7,During the summer holidays they traveled to several different countries
ce2cb6bc-86d7-4462-b6fe-917985328169,921d7fca-b7a8-4391-9b12-5fa1658c3170,3,holidays,COMPLETE,DEGRADED,,131703000000,161.72480583190918,0.0,0.0,1,132681000000,1.0,holidays,1,137906000000,1297.0,0,holidays,978.0,6203.0,5225.0,ecd6c8b6-4d5f-4f3d-88b8-0a69a7de2919,7,During the summer holidays they traveled to several different countries
980a745a-0a39-4ab7-b712-4118480178a7,921d7fca-b7a8-4391-9b12-5fa1658c3170,4,they,COMPLETE,HIGH,,132062000000,171.5676784515381,0.0,0.0,0,,,,,139437000000,594.0,0,they,,7375.0,,ecd6c8b6-4d5f-4f3d-88b8-0a69a7de2919,7,During the summer holidays they traveled to several different countries
946854dc-26be-428d-a39d-5eca606b0f4d,921d7fca-b7a8-4391-9b12-5fa1658c3170,5,traveled,COMPLETE,HIGH,,131312000000,151.702880859375,0.0,0.0,0,,,,,141265000000,1609.0,0,traveled,,9953.0,,ecd6c8b6-4d5f-4f3d-88b8-0a69a7de2919,7,During the summer holidays they traveled to several different countries
8ac2730d-60dd-4828-9484-964941af1c33,921d7fca-b7a8-4391-9b12-5fa1658c3170,6,to,COMPLETE,HIGH,,132609000000,150.06732940673828,0.0,0.0,0,139603000000,1.0,to,1,142093000000,359.0,0,to,6994.0,9484.0,2490.0,ecd6c8b6-4d5f-4f3d-88b8-0a69a7de2919,7,During the summer holidays they traveled to several different countries
15a31fbd-954c-422c-9a16-bb2a5cf2dfd5,921d7fca-b7a8-4391-9b12-5fa1658c3170,7,several,COMPLETE,HIGH,,138703000000,159.56687927246094,0.0,0.0,0,142946000000,1.0,several,1,143968000000,1109.0,0,sveral,4243.0,5265.0,1022.0,ecd6c8b6-4d5f-4f3d-88b8-0a69a7de2919,7,During the summer holidays they traveled to several different countries
26258733-2ed4-4beb-914d-4ca0b45a803f,921d7fca-b7a8-4391-9b12-5fa1658c3170,8,different,COMPLETE,HIGH,,142406000000,179.5637607574463,0.0,0.0,0,143196000000,1.0,different,1,145953000000,1797.0,0,different,790.0,3547.0,2757.0,ecd6c8b6-4d5f-4f3d-88b8-0a69a7de2919,7,During the summer holidays they traveled to several different countries
d203a76b-10a8-46d0-8c2f-be5577f5f864,921d7fca-b7a8-4391-9b12-5fa1658c3170,9,countries,COMPLETE,HIGH,,142625000000,159.2247486114502,0.0,0.0,0,148040000000,1.0,countries,1,150015000000,1937.0,0,countries,5415.0,7390.0,1975.0,ecd6c8b6-4d5f-4f3d-88b8-0a69a7de2919,7,During the summer holidays they traveled to several different countries
769e9459-1c95-4c67-a487-f8a48fbf8a67,5d031b5b-bd49-48ec-892a-a933d4aae0e0,0,The,TIMED_OUT,EXCLUDED,Sentence closed before slot completed.,,,,,,152150000000,1.0,The,1,153984000000,453.0,0,the,,,,ecd6c8b6-4d5f-4f3d-88b8-0a69a7de2919,8,The engineer carefully examined the bridge structure before approving the design
99988ba5-d800-474b-acdd-bf7579b08aaf,5d031b5b-bd49-48ec-892a-a933d4aae0e0,1,engineer,COMPLETE,DEGRADED,,171000000000,194.44966316223145,0.0,0.0,1,152665000000,1.0,engineer,1,156125000000,2000.0,0,engineer,-18335.0,-14875.0,3460.0,ecd6c8b6-4d5f-4f3d-88b8-0a69a7de2919,8,The engineer carefully examined the bridge structure before approving the design
24b12b94-2086-4005-8d60-2596ea0a9139,5d031b5b-bd49-48ec-892a-a933d4aae0e0,2,carefully,COMPLETE,DEGRADED,,160718000000,237.40243911743164,0.0,0.0,1,153431000000,1.0,carefully,1,158421000000,1953.0,0,carefully,-7287.0,-2297.0,4990.0,ecd6c8b6-4d5f-4f3d-88b8-0a69a7de2919,8,The engineer carefully examined the bridge structure before approving the design
af3ce559-1704-4a8d-97c6-3f55f4059a29,5d031b5b-bd49-48ec-892a-a933d4aae0e0,3,examined,COMPLETE,DEGRADED,,152125000000,165.79294204711914,0.0,0.0,1,153665000000,1.0,examined,1,160359000000,1547.0,0,exammined,1540.0,8234.0,6694.0,ecd6c8b6-4d5f-4f3d-88b8-0a69a7de2919,8,The engineer carefully examined the bridge structure before approving the design
aeea87bd-4206-4c71-aceb-8f51c88917c6,5d031b5b-bd49-48ec-892a-a933d4aae0e0,4,the,COMPLETE,HIGH,,160937000000,170.3348159790039,0.0,0.0,0,,,,,163000000000,938.0,0,the,,2063.0,,ecd6c8b6-4d5f-4f3d-88b8-0a69a7de2919,8,The engineer carefully examined the bridge structure before approving the design
c9053c3b-261f-40a4-92bd-e6ec7b3f1e6f,5d031b5b-bd49-48ec-892a-a933d4aae0e0,5,bridge,COMPLETE,HIGH,,153765000000,200.272798538208,0.0,0.0,0,,,,,164281000000,1110.0,0,bridge,,10516.0,,ecd6c8b6-4d5f-4f3d-88b8-0a69a7de2919,8,The engineer carefully examined the bridge structure before approving the design
a4a29c10-0e3a-4409-8f97-86349dde1329,5d031b5b-bd49-48ec-892a-a933d4aae0e0,6,structure,COMPLETE,HIGH,,156656000000,207.98659324645996,0.0,0.0,0,,,,,166546000000,1687.0,0,structure,,9890.0,,ecd6c8b6-4d5f-4f3d-88b8-0a69a7de2919,8,The engineer carefully examined the bridge structure before approving the design
d1006338-e048-4f66-b445-c86add024d8c,5d031b5b-bd49-48ec-892a-a933d4aae0e0,7,before,COMPLETE,HIGH,,159656000000,160.30406951904297,0.0,0.0,0,167759000000,1.0,before,1,169046000000,968.0,0,before,8103.0,9390.0,1287.0,ecd6c8b6-4d5f-4f3d-88b8-0a69a7de2919,8,The engineer carefully examined the bridge structure before approving the design
573d3055-5525-49c9-b10e-4cc24e529ba2,5d031b5b-bd49-48ec-892a-a933d4aae0e0,8,approving,TIMED_OUT,EXCLUDED,Sentence closed before slot completed.,,,,,,168275000000,1.0,approving,1,173937000000,4656.0,4,approving,,,,ecd6c8b6-4d5f-4f3d-88b8-0a69a7de2919,8,The engineer carefully examined the bridge structure before approving the design
187a10e0-a423-494c-a94e-6bd485f147f0,5d031b5b-bd49-48ec-892a-a933d4aae0e0,9,the,COMPLETE,HIGH,,167093000000,157.58776664733887,0.0,0.0,0,,,,,175656000000,422.0,0,the,,8563.0,,ecd6c8b6-4d5f-4f3d-88b8-0a69a7de2919,8,The engineer carefully examined the bridge structure before approving the design
5c1c66f2-6ebf-40a2-a3ed-b598c106da94,5d031b5b-bd49-48ec-892a-a933d4aae0e0,10,design,COMPLETE,HIGH,,150718000000,159.2881679534912,0.0,0.0,0,175196000000,1.0,design,1,177312000000,1125.0,0,design,24478.0,26594.0,2116.0,ecd6c8b6-4d5f-4f3d-88b8-0a69a7de2919,8,The engineer carefully examined the bridge structure before approving the design
6b4335bb-81f7-49bb-9d0e-217dfa6f41e2,1de15c35-a43b-4bbe-bb93-ec9a02e02e46,0,She,TIMED_OUT,EXCLUDED,Sentence closed before slot completed.,,,,,,,,,,180359000000,422.0,0,she,,,,ecd6c8b6-4d5f-4f3d-88b8-0a69a7de2919,9,She discovered that consistent practice significantly improved her reading speed
e5ad35da-cf12-4f5c-bea6-30b37ed5d6a8,1de15c35-a43b-4bbe-bb93-ec9a02e02e46,1,discovered,COMPLETE,DEGRADED,,178718000000,189.62526321411133,0.0,0.0,1,179790000000,1.0,discovered,1,183640000000,2859.0,1,discovered,1072.0,4922.0,3850.0,ecd6c8b6-4d5f-4f3d-88b8-0a69a7de2919,9,She discovered that consistent practice significantly improved her reading speed
5e064931-6ee0-45a8-9bbf-aed0ac7fbf70,1de15c35-a43b-4bbe-bb93-ec9a02e02e46,2,that,COMPLETE,HIGH,,177875000000,152.27913856506348,0.0,0.0,0,180040000000,1.0,that,1,184593000000,609.0,0,that,2165.0,6718.0,4553.0,ecd6c8b6-4d5f-4f3d-88b8-0a69a7de2919,9,She discovered that consistent practice significantly improved her reading speed
40e5df16-b76f-4237-9bea-8af8403b0ae0,1de15c35-a43b-4bbe-bb93-ec9a02e02e46,3,consistent,COMPLETE,HIGH,,179156000000,164.08967971801758,0.0,0.0,0,185931000000,1.0,consistent,1,190921000000,3546.0,3,consistent,6775.0,11765.0,4990.0,ecd6c8b6-4d5f-4f3d-88b8-0a69a7de2919,9,She discovered that consistent practice significantly improved her reading speed
4a4e4291-dc56-42e6-9369-9c265755dadb,1de15c35-a43b-4bbe-bb93-ec9a02e02e46,4,practice,COMPLETE,HIGH,,179515000000,152.07815170288086,0.0,0.0,0,186462000000,0.7777777777777778,practice,0.7777777777777778,192718000000,1562.0,0,practice,6947.0,13203.0,6256.0,ecd6c8b6-4d5f-4f3d-88b8-0a69a7de2919,9,She discovered that consistent practice significantly improved her reading speed
8bd12a6d-198b-4d9c-992d-6e5beadf86b4,1de15c35-a43b-4bbe-bb93-ec9a02e02e46,5,significantly,COMPLETE,HIGH,,180031000000,182.30366706848145,0.0,0.0,0,186962000000,1.0,significantly,1,197312000000,4344.0,0,significantly,6931.0,17281.0,10350.0,ecd6c8b6-4d5f-4f3d-88b8-0a69a7de2919,9,She discovered that consistent practice significantly improved her reading speed
2be17517-da16-4a90-9797-0f2d5d80ccd8,1de15c35-a43b-4bbe-bb93-ec9a02e02e46,6,improved,COMPLETE,HIGH,,181640000000,172.82509803771973,0.0,0.0,0,198743000000,1.0,improved,1,201406000000,1485.0,0,improved,17103.0,19766.0,2663.0,ecd6c8b6-4d5f-4f3d-88b8-0a69a7de2919,9,She discovered that consistent practice significantly improved her reading speed
78d8a0eb-e47b-4199-bf25-c7801cc58814,1de15c35-a43b-4bbe-bb93-ec9a02e02e46,7,her,COMPLETE,HIGH,,185921000000,160.5997085571289,0.0,0.0,0,199525000000,1.0,her,1,202718000000,937.0,0,her,13604.0,16797.0,3193.0,ecd6c8b6-4d5f-4f3d-88b8-0a69a7de2919,9,She discovered that consistent practice significantly improved her reading speed
2939deb4-edc8-4590-893f-333ad4c9e3ab,1de15c35-a43b-4bbe-bb93-ec9a02e02e46,8,reading,COMPLETE,HIGH,,198343000000,170.23634910583496,0.0,0.0,0,199525000000,1.0,reading,1,204109000000,1188.0,0,reading,1182.0,5766.0,4584.0,ecd6c8b6-4d5f-4f3d-88b8-0a69a7de2919,9,She discovered that consistent practice significantly improved her reading speed
f5aa455b-accb-48ae-8c2e-9e72346fa72b,1de15c35-a43b-4bbe-bb93-ec9a02e02e46,9,speed,COMPLETE,HIGH,,198593000000,161.57245635986328,0.0,0.0,0,199759000000,1.0,speed,1,205796000000,1531.0,0,speed,1166.0,7203.0,6037.0,ecd6c8b6-4d5f-4f3d-88b8-0a69a7de2919,9,She discovered that consistent practice significantly improved her reading speed
8de27536-8152-40f2-82df-389e898c94da,9b81c6dc-b3f5-4eef-b985-26608bd71e8e,0,The,TIMED_OUT,EXCLUDED,Sentence closed before slot completed.,,,,,,210259000000,1.0,The,1,,,,,,,,ecd6c8b6-4d5f-4f3d-88b8-0a69a7de2919,10,The local government proposed constructing a new library in the town center
5f0d8fbb-977d-486a-8840-2c26a59638d3,9b81c6dc-b3f5-4eef-b985-26608bd71e8e,1,local,TIMED_OUT,EXCLUDED,Sentence closed before slot completed.,,,,,,210525000000,1.0,local,1,,,,,,,,ecd6c8b6-4d5f-4f3d-88b8-0a69a7de2919,10,The local government proposed constructing a new library in the town center
a08cf89f-572d-40af-b5cc-a255f6c16884,9b81c6dc-b3f5-4eef-b985-26608bd71e8e,2,government,COMPLETE,HIGH,,209281000000,182.7242374420166,0.0,0.0,0,211040000000,1.0,government,1,,,,,1759.0,,,ecd6c8b6-4d5f-4f3d-88b8-0a69a7de2919,10,The local government proposed constructing a new library in the town center
9e0989f4-bf97-4bf6-8b41-19430bdc15fa,9b81c6dc-b3f5-4eef-b985-26608bd71e8e,3,proposed,TIMED_OUT,EXCLUDED,Sentence closed before slot completed.,,,,,,211290000000,0.875,proposed,0.875,,,,,,,,ecd6c8b6-4d5f-4f3d-88b8-0a69a7de2919,10,The local government proposed constructing a new library in the town center
9f558921-5542-461d-9f94-45ea98e2909e,9b81c6dc-b3f5-4eef-b985-26608bd71e8e,4,constructing,COMPLETE,HIGH,,209781000000,177.65474319458008,0.0,0.0,0,212821000000,1.0,constructing,1,,,,,3040.0,,,ecd6c8b6-4d5f-4f3d-88b8-0a69a7de2919,10,The local government proposed constructing a new library in the town center
10d87d47-ac27-4626-80b7-94082925534e,9b81c6dc-b3f5-4eef-b985-26608bd71e8e,5,a,COMPLETE,HIGH,,210187000000,175.5850315093994,0.0,0.0,0,212821000000,1.0,a,1,,,,,2634.0,,,ecd6c8b6-4d5f-4f3d-88b8-0a69a7de2919,10,The local government proposed constructing a new library in the town center
315c41ad-d2fb-4362-90eb-f6564f96983a,9b81c6dc-b3f5-4eef-b985-26608bd71e8e,6,new,COMPLETE,HIGH,,211031000000,159.67464447021484,0.0,0.0,0,213071000000,1.0,new,1,,,,,2040.0,,,ecd6c8b6-4d5f-4f3d-88b8-0a69a7de2919,10,The local government proposed constructing a new library in the town center
e53ff7ab-725e-49d6-b1c4-fae925d2740f,9b81c6dc-b3f5-4eef-b985-26608bd71e8e,7,library,TIMED_OUT,EXCLUDED,Sentence closed before slot completed.,,,,,,213337000000,1.0,library,1,,,,,,,,ecd6c8b6-4d5f-4f3d-88b8-0a69a7de2919,10,The local government proposed constructing a new library in the town center
656f9bf9-8161-4697-9341-9ab0550e4246,9b81c6dc-b3f5-4eef-b985-26608bd71e8e,8,in,COMPLETE,HIGH,,212468000000,169.1904067993164,0.0,0.0,0,213603000000,1.0,in,1,,,,,1135.0,,,ecd6c8b6-4d5f-4f3d-88b8-0a69a7de2919,10,The local government proposed constructing a new library in the town center
5357ff92-0ff3-42a4-a2e0-550274c5ab70,9b81c6dc-b3f5-4eef-b985-26608bd71e8e,9,the,TIMED_OUT,DEGRADED,,212687000000,161.49044036865234,0.0,0.0,0,,,,,,,,,,,,ecd6c8b6-4d5f-4f3d-88b8-0a69a7de2919,10,The local government proposed constructing a new library in the town center
1bdf1c6d-160b-43cf-b36d-0317dbaabd22,9b81c6dc-b3f5-4eef-b985-26608bd71e8e,10,town,TIMED_OUT,DEGRADED,,213875000000,164.73865509033203,0.0,0.0,1,,,,,,,,,,,,ecd6c8b6-4d5f-4f3d-88b8-0a69a7de2919,10,The local government proposed constructing a new library in the town center
e989ee83-497f-4888-9002-47e18b1bd745,9b81c6dc-b3f5-4eef-b985-26608bd71e8e,11,center,TIMED_OUT,DEGRADED,,213046000000,154.40893173217773,0.0,0.0,0,,,,,,,,,,,,ecd6c8b6-4d5f-4f3d-88b8-0a69a7de2919,10,The local government proposed constructing a new library in the town center
f2f8bb86-26a3-4787-a205-c4dff36b5562,096ed1ba-9c00-460a-af92-ac981b0df473,0,Research,TIMED_OUT,EXCLUDED,Sentence closed before slot completed.,,,,,,,,,,,,,,,,,ecd6c8b6-4d5f-4f3d-88b8-0a69a7de2919,11,Research has demonstrated that bilingual children often develop stronger cognitive flexibility
0921d0d9-098e-42c7-b564-897008987ad9,096ed1ba-9c00-460a-af92-ac981b0df473,1,has,TIMED_OUT,DEGRADED,,214937000000,183.14003944396973,0.0,0.0,0,,,,,,,,,,,,ecd6c8b6-4d5f-4f3d-88b8-0a69a7de2919,11,Research has demonstrated that bilingual children often develop stronger cognitive flexibility
d656912c-d6a8-4fbd-aafb-50cce5f3816f,096ed1ba-9c00-460a-af92-ac981b0df473,2,demonstrated,TIMED_OUT,EXCLUDED,Sentence closed before slot completed.,,,,,,216446000000,0.75,demonstrated,0.75,,,,,,,,ecd6c8b6-4d5f-4f3d-88b8-0a69a7de2919,11,Research has demonstrated that bilingual children often develop stronger cognitive flexibility
c06a2eb7-5f94-4baf-927f-95745c0ab137,096ed1ba-9c00-460a-af92-ac981b0df473,3,that,TIMED_OUT,DEGRADED,,215765000000,166.13149642944336,0.0,0.0,0,,,,,,,,,,,,ecd6c8b6-4d5f-4f3d-88b8-0a69a7de2919,11,Research has demonstrated that bilingual children often develop stronger cognitive flexibility
812238c4-005e-43be-a1be-b159c95de6ad,096ed1ba-9c00-460a-af92-ac981b0df473,4,bilingual,COMPLETE,HIGH,,216015000000,170.00484466552734,0.0,0.0,0,217181000000,1.0,bilingual,1,,,,,1166.0,,,ecd6c8b6-4d5f-4f3d-88b8-0a69a7de2919,11,Research has demonstrated that bilingual children often develop stronger cognitive flexibility
24ff4a22-9fd0-4bef-b67d-de5c02c7bf08,096ed1ba-9c00-460a-af92-ac981b0df473,5,children,COMPLETE,HIGH,,216218000000,158.6155891418457,0.0,0.0,0,217712000000,1.0,children,1,,,,,1494.0,,,ecd6c8b6-4d5f-4f3d-88b8-0a69a7de2919,11,Research has demonstrated that bilingual children often develop stronger cognitive flexibility
a43a8b46-89a1-4346-815c-79c1019cf79d,096ed1ba-9c00-460a-af92-ac981b0df473,6,often,COMPLETE,HIGH,,216453000000,171.8463897705078,0.0,0.0,0,218196000000,1.0,often,1,,,,,1743.0,,,ecd6c8b6-4d5f-4f3d-88b8-0a69a7de2919,11,Research has demonstrated that bilingual children often develop stronger cognitive flexibility
d57405be-52a2-43c2-a9ae-1852184d5b66,096ed1ba-9c00-460a-af92-ac981b0df473,7,develop,TIMED_OUT,DEGRADED,,217140000000,173.66790771484375,0.0,0.0,0,,,,,,,,,,,,ecd6c8b6-4d5f-4f3d-88b8-0a69a7de2919,11,Research has demonstrated that bilingual children often develop stronger cognitive flexibility
b5d4b863-80ca-4ff9-b108-648cf78efdf3,096ed1ba-9c00-460a-af92-ac981b0df473,8,stronger,TIMED_OUT,DEGRADED,,217546000000,156.5864086151123,0.0,0.0,0,,,,,,,,,,,,ecd6c8b6-4d5f-4f3d-88b8-0a69a7de2919,11,Research has demonstrated that bilingual children often develop stronger cognitive flexibility
b6d33125-e3fb-43b2-aa42-a510473fd9d1,096ed1ba-9c00-460a-af92-ac981b0df473,9,cognitive,TIMED_OUT,EXCLUDED,Sentence closed before slot completed.,,,,,,,,,,,,,,,,,ecd6c8b6-4d5f-4f3d-88b8-0a69a7de2919,11,Research has demonstrated that bilingual children often develop stronger cognitive flexibility
bf72fea7-e909-4401-9db6-076a6ee2b702,096ed1ba-9c00-460a-af92-ac981b0df473,10,flexibility,TIMED_OUT,DEGRADED,,217859000000,162.3971462249756,0.0,0.0,0,,,,,,,,,,,,ecd6c8b6-4d5f-4f3d-88b8-0a69a7de2919,11,Research has demonstrated that bilingual children often develop stronger cognitive flexibility
